# Diff-MD energy log
# step | time_fs | temp_K | E_total_kJmol | E_potential_kJmol | E_kin_kJmol | E_LJ_kJmol | E_elec_kJmol | E_bond_kJmol | E_angle_kJmol | E_torsional_kJmol | E_improper_torsional_kJmol
         0          0.000      0.0000      408.550208      408.550208        0.000000       -0.015359       20.501581       59.831734      295.558258        8.000000       24.673994
         1          1.000    453.1506      407.979851      385.373629       22.606222       -0.015979       20.634615       48.547276      284.509155        7.992260       23.706303
         2          2.000   1505.6464      405.048110      329.936271       75.111839       -0.017812       21.007137       28.588015      250.604218        7.930285       21.824429
         3          3.000   2800.4258      406.193133      266.488924      139.704208       -0.020637       21.533072       20.756176      196.019745        7.835833       20.364737
         4          4.000   4083.2617      404.707693      201.006933      203.700760       -0.024132       22.122009       20.555353      130.973450        7.769880       19.610373
         5          5.000   5257.6094      402.725336      140.440180      262.285156       -0.027925       22.705902       13.546028       77.068054        7.749203       19.398918
         6          6.000   5756.1416      402.540211      115.384877      287.155334       -0.032047       23.298609       16.501135       48.387135        7.756603       19.473442
         7          7.000   5091.3691      403.520797      149.528823      253.991974       -0.036956       23.985416       56.120289       42.100689        7.768059       19.591326
         8          8.000   3965.2019      408.257196      210.446069      197.811127       -0.043038       24.883438      109.127922       49.172043        7.763338       19.542366
         9          9.000   3454.1311      408.417918      236.102458      172.315460       -0.048964       26.097158      119.624390       63.534966        7.725637       19.169271
        10         10.000   3876.6685      404.578689      211.184219      193.394470       -0.046748       27.630409       74.686760       82.910019        7.634336       18.369442
        11         11.000   4316.5884      402.611356      187.270703      215.340652       -0.014178       29.346081       26.099628      107.325928        7.452700       17.060545
        12         12.000   3802.8789      404.645493      214.932144      189.713348        0.082500       31.010025       25.141497      136.445938        7.109154       15.143030
        13         13.000   2648.0703      407.725208      275.621524      132.103683        0.266334       32.454903       59.844166      163.974762        6.493660       12.587700
        14         14.000   2158.7212      409.668118      301.976482      107.691635        0.555018       33.706131       77.552246      174.881668        5.561387        9.720032
        15         15.000   2865.3047      406.619013      263.678217      142.940796        0.987477       34.853756       56.694023      159.474503        4.492462        7.175997
        16         16.000   4034.5100      403.341366      202.072689      201.268677        1.501509       35.766808       29.785982      126.123825        3.560486        5.334079
        17         17.000   4590.7998      402.731072      173.710885      229.020187        1.761012       36.117062       39.952991       88.946129        2.847352        4.086339
        18         18.000   4474.8281      405.039901      181.805160      223.234741        1.499241       35.720860       83.369057       55.718990        2.297811        3.199203
        19         19.000   4546.9146      406.346989      179.516102      226.830887        0.976734       34.761917      110.297150       29.137897        1.840245        2.502159
        20         20.000   5389.0571      404.513042      135.670360      268.842682        0.538680       33.580471       87.153748       11.080040        1.422542        1.894880
        21         21.000   6418.2627      397.243072       77.056670      320.186401        0.265711       32.403271       37.162128        4.904671        1.006351        1.314538
        22         22.000   6831.4087      395.697067       54.900131      340.796936        0.113371       31.317762        6.224693       15.945055        0.569634        0.729616
        23         23.000   6290.2236      396.504379       82.705429      313.798950        0.030961       30.330126        3.635725       48.375252        0.147652        0.185712
        24         24.000   5411.4390      400.067586      130.108357      269.959229       -0.012243       29.441957        5.053571       95.538208        0.038572        0.048292
        25         25.000   4632.6602      400.037847      168.929388      231.108459       -0.033688       28.669544        2.109176      135.863861        1.006184        1.314310
        26         26.000   3994.8250      397.621696      198.332786      199.288910       -0.043040       28.078836       11.570092      150.846848        3.196959        4.683092
        27         27.000   3452.6833      396.706112      224.462872      172.243240       -0.046102       27.771982       39.790138      142.748718        5.258865        8.939270
        28         28.000   3173.8291      397.296025      238.963933      158.332092       -0.045457       27.852331       68.539101      123.394119        6.524568       12.699271
        29         29.000   3344.5874      397.069696      230.219019      166.850677       -0.039055       28.391685       77.591103      101.373634        7.216118       15.685534
        30         30.000   3792.7649      394.506701      205.297900      189.208801       -0.015545       29.399664       68.148529       82.092941        7.597063       18.075247
        31         31.000   4104.2344      391.653305      186.906311      204.746994        0.056266       30.799751       57.466019       70.718208        7.810280       20.055786
        32         32.000   4004.6216      390.035610      190.257961      199.777649        0.241266       32.436737       55.063923       72.841301        7.926399       21.748335
        33         33.000   3568.7417      390.999605      212.966600      178.033005        0.633656       34.111546       55.473141       91.552116        7.982203       23.213940
        34         34.000   2923.0017      391.695906      245.876784      145.819122        1.304511       35.641659       52.997318      123.446991        7.999716       24.486589
        35         35.000   2192.2273      390.880086      281.516942      109.363144        2.204850       36.887783       49.321884      159.523560        7.993389       25.585476
        36         36.000   1617.7881      391.576782      310.870552       80.706230        3.125290       37.774170       44.858063      190.607849        7.973049       26.532131
        37         37.000   1335.1010      390.481151      323.877269       66.603882        3.796443       38.287811       35.292496      211.185989        7.944216       27.370314
        38         38.000   1456.7823      389.675297      317.001125       72.674171        3.965248       38.404530       20.772572      217.820404        7.909842       28.128531
        39         39.000   1854.2301      389.614372      297.112816       92.501556        3.511426       38.079838       10.270392      208.545135        7.871078       28.834946
        40         40.000   2325.6802      388.581533      272.560849      116.020683        2.565358       37.266052       12.527031      182.886902        7.829895       29.485611
        41         41.000   2888.1936      388.742162      244.659505      144.082657        1.512212       35.980331       24.477081      144.865173        7.791323       30.033384
        42         42.000   3501.1990      388.589470      213.925957      174.663513        0.703251       34.318939       36.737610      103.980972        7.761766       30.423418
        43         43.000   3843.3457      385.422730      193.690613      191.732117        0.246418       32.473370       51.589508       71.020386        7.746691       30.614241
        44         44.000   3639.7910      383.569715      201.992292      181.577423        0.048797       30.707354       81.936661       50.967247        7.749182       30.583052
        45         45.000   2995.3389      384.374230      234.946435      149.427795       -0.020724       29.251816      125.124008       42.515030        7.770889       30.305416
        46         46.000   2471.6091      386.290304      262.989706      123.300598       -0.041515       28.244009      154.232269       43.015995        7.813433       29.725515
        47         47.000   2478.0183      385.705693      262.085363      123.620331       -0.046882       27.705105      146.952225       50.867477        7.877224       28.730213
        48         48.000   2838.8127      382.587082      240.967880      141.619202       -0.047819       27.558924      113.319252       65.060577        7.953741       27.123205
        49         49.000   3042.6602      379.323129      227.534631      151.788498       -0.047234       27.653753       83.960991       83.372589        7.999949       24.594584
        50         50.000   3067.1340      382.621175      229.611760      153.009415       -0.046077       27.809092       73.198906       99.956299        7.870119       20.823421
        51         51.000   3260.8625      384.730955      222.057035      162.673920       -0.045399       27.883783       66.054771      104.931595        7.268023       15.964261
        52         52.000   4074.8005      382.449556      179.170915      203.278641       -0.045857       27.822109       43.075092       90.845673        6.124363       11.349535
        53         53.000   5254.5664      377.651363      115.518001      262.133362       -0.046979       27.661057       11.191680       63.626637        4.931970        8.153638
        54         54.000   5948.9390      373.502419       76.729042      296.773376       -0.047883       27.496979        2.755298       36.219933        4.045852        6.258864
        55         55.000   5743.6343      375.030177       88.498805      286.531372       -0.047984       27.456329       36.412712       16.111595        3.444100        5.122052
        56         56.000   5020.7412      378.711952      128.243385      250.468567       -0.046539       27.660006       88.779228        4.476587        3.011294        4.362809
        57         57.000   4505.6162      379.691480      154.920819      224.770660       -0.041075       28.173815      119.973167        0.372285        2.662033        3.780593
        58         58.000   4411.4131      379.441431      159.370264      220.071167       -0.025939       28.956741      121.827499        3.000548        2.342384        3.269029
        59         59.000   4151.0034      378.512954      171.432785      207.080170        0.005533       29.852915      124.372353       12.422246        2.015195        2.764544
        60         60.000   3311.5911      380.091249      214.886659      165.204590        0.051664       30.650850      151.370773       28.920624        1.658313        2.234435
        61         61.000   2234.4961      382.436656      270.964854      111.471802        0.098328       31.213455      186.111145       50.592400        1.270037        1.679489
        62         62.000   1725.1542      384.081623      298.019245       86.062378        0.131121       31.524475      193.391998       70.938919        0.884190        1.148541
        63         63.000   2070.4778      382.605058      279.315599      103.289459        0.141759       31.602207      163.671448       82.638680        0.553309        0.708197
        64         64.000   2841.2561      378.979415      237.238326      141.741089        0.121948       31.402637      121.158028       83.851242        0.310814        0.393656
        65         65.000   3512.7834      378.425053      203.183628      175.241425        0.073048       30.862648       94.086998       77.818420        0.151690        0.190823
        66         66.000   3855.5452      376.275933      183.935234      192.340698        0.016308       29.996828       85.712471       68.086151        0.054808        0.068667
        67         67.000   4298.1812      379.050112      164.627733      214.422379       -0.024668       28.931595       78.845993       56.859245        0.006918        0.008650
        68         68.000   4829.9531      378.225101      137.274326      240.950775       -0.044692       27.798222       63.942390       45.565514        0.005729        0.007163
        69         69.000   5200.4634      376.814158      117.379832      259.434326       -0.049891       26.704609       53.885281       36.695896        0.063877        0.080060
        70         70.000   5077.5967      379.074752      125.769835      253.304916       -0.047718       25.698336       65.365585       34.273819        0.212193        0.267620
        71         71.000   4343.2681      380.848152      164.176521      216.671631       -0.042774       24.788597       95.559120       42.708126        0.510835        0.652617
        72         72.000   3313.7368      380.656942      215.345296      165.311646       -0.037360       23.983795      126.558395       62.417862        1.049278        1.373325
        73         73.000   2385.8289      381.476346      262.455053      119.021294       -0.032587       23.305115      147.886597       86.785782        1.907582        2.602564
        74         74.000   1730.3650      383.606215      297.283889       86.322327       -0.028995       22.787453      159.930893      107.029640        3.081647        4.483251
        75         75.000   1449.9739      383.766144      311.431625       72.334518       -0.026871       22.477242      159.662354      117.851517        4.428052        7.039332
        76         76.000   1758.8069      382.890710      295.149514       87.741196       -0.026385       22.417330      139.050537      117.911316        5.699707       10.097009
        77         77.000   2652.1333      382.081094      249.774728      132.306366       -0.027545       22.614805       98.690048      108.317947        6.724072       13.455400
        78         78.000   3758.4771      379.461307      191.963016      187.498291       -0.030240       23.040083       53.462727       91.077377        7.439203       16.973866
        79         79.000   4793.6396      381.768553      142.629332      239.139221       -0.034118       23.625761       20.930008       69.757263        7.846680       20.503738
        80         80.000   5333.4868      378.566592      112.496158      266.070435       -0.038601       24.294340        6.457422       49.847683        7.995565       23.939749
        81         81.000   5489.3750      379.082181      105.234983      273.847198       -0.042886       24.963760        7.604945       37.654900        7.954603       27.099661
        82         82.000   5037.3369      376.266294      124.969816      251.296478       -0.046418       25.599155       26.343840       35.376789        7.801392       29.895058
        83         83.000   4135.5054      378.887918      172.580911      206.307007       -0.048854       26.198288       66.033272       40.546562        7.601681       32.249962
        84         84.000   2942.2427      381.325836      234.546844      146.778992       -0.049902       26.795019      117.032280       49.189331        7.397217       34.182899
        85         85.000   1955.2482      383.227795      285.686771       97.541023       -0.048863       27.409714      157.120071       58.267624        7.211456       35.726768
        86         86.000   1463.5630      383.031121      310.018685       73.012436       -0.044837       28.020172      172.234467       65.806389        7.051838       36.950657
        87         87.000   1396.6948      381.703395      312.026798       69.676598       -0.038298       28.537024      168.712921       69.966629        6.916874       37.931648
        88         88.000   1561.4891      381.401023      303.503371       77.897652       -0.033051       28.828430      160.681473       68.482597        6.800991       38.742931
        89         89.000   1942.1547      380.063551      283.175726       96.887825       -0.034107       28.778753      148.925735       59.366226        6.698498       39.440620
        90         90.000   2853.1418      381.483581      239.149535      142.334045       -0.041331       28.339109      120.652687       43.546539        6.607800       40.044731
        91         91.000   4156.6831      380.423894      173.060399      207.363495       -0.048348       27.543003       72.489555       25.967459        6.525528       40.583202
        92         92.000   5238.1841      376.539787      115.223686      261.316101       -0.049616       26.529135       28.607759       12.600477        6.447136       41.088795
        93         93.000   5529.7949      374.253537       98.389920      275.863617       -0.045900       25.509003       19.308920        5.647335        6.366119       41.604443
        94         94.000   5098.3267      374.904285      120.565204      254.339081       -0.041099       24.687262       43.223953        4.245465        6.275433       42.174191
        95         95.000   4577.8149      377.312236      148.939830      228.372406       -0.037916       24.197681       68.581566        7.187455        6.167442       42.843601
        96         96.000   4290.8467      376.115275      162.058787      214.056488       -0.037169       24.078777       74.240685       14.073050        6.031937       43.671509
        97         97.000   4030.1055      375.910874      174.861924      201.048950       -0.038595       24.280626       74.817764       25.221874        5.857113       44.723141
        98         98.000   3209.9832      374.802487      214.666791      160.135696       -0.041268       24.676962       97.156914       41.178864        5.630474       46.064846
        99         99.000   1967.9779      377.182435      279.006364       98.176071       -0.043870       25.088686      140.047638       60.890457        5.355816       47.667637
       100        100.000    902.6329      378.530681      333.501240       45.029442       -0.045376       25.347866      173.664185       80.159134        5.072922       49.302509
       101        101.000    578.1545      377.757559      348.915297       28.842262       -0.045460       25.360159      175.637253       92.610611        4.867466       50.485268
       102        102.000    894.4131      375.165001      330.545616       44.619385       -0.044316       25.155853      154.431503       95.346695        4.803707       50.852173
       103        103.000   1425.6283      375.050510      303.930515       71.119995       -0.042582       24.870787      133.323914       90.452293        4.873066       50.453037
       104        104.000   1882.9199      375.800079      281.867279       93.932800       -0.041308       24.675932      121.216995       81.436790        5.030186       49.548683
       105        105.000   2403.7822      374.749788      254.832857      119.916931       -0.041566       24.725729      105.675728       70.871071        5.235069       48.366825
       106        106.000   3277.5693      374.626884      211.119529      163.507355       -0.043870       25.112118       73.344215       60.201828        5.463478       47.041759
       107        107.000   4299.9648      373.982283      159.470916      214.511368       -0.047630       25.856211       31.862957       50.470131        5.705341       45.623905
       108        108.000   4938.8872      371.136518      124.751386      246.385132       -0.049899       26.899529        4.186096       43.613739        5.952904       44.149017
       109        109.000   5030.3135      372.803208      121.857102      250.946106       -0.044008       28.106644        2.239821       42.700085        6.197723       42.656837
       110        110.000   4592.1055      373.625005      144.539678      229.085327       -0.020818       29.323305       17.397266       50.230309        6.433491       41.176125
       111        111.000   3851.5225      372.923489      180.783475      192.140015        0.025096       30.408991       38.964767       64.982925        6.652370       39.749325
       112        112.000   2860.8486      369.189376      226.470871      142.718506        0.090034       31.293587       68.190994       81.653030        6.851624       38.391602
       113        113.000   1848.9805      370.026663      277.786993       92.239670        0.164391       31.978003      106.879562       94.648674        7.034077       37.082287
       114        114.000    994.5641      371.964416      322.348823       49.615593        0.243564       32.524605      145.443359      101.193787        7.210693       35.732815
       115        115.000    568.8001      372.457005      344.081404       28.375601        0.325064       32.975216      168.867554      100.277977        7.390045       34.245548
       116        116.000    677.5941      371.440317      337.637331       33.802986        0.394503       33.299911      172.126709       91.702454        7.573109       32.540646
       117        117.000   1183.2969      370.590413      311.559552       59.030861        0.418286       33.399727      163.350769       76.075134        7.750614       30.565022
       118        118.000   1914.7924      370.273106      274.750294       95.522812        0.365833       33.163731      149.612503       55.414860        7.901442       28.291925
       119        119.000   2805.6365      368.486198      228.522056      139.964142        0.249050       32.540489      127.575233       34.385887        7.990286       25.781111
       120        120.000   3855.7690      368.827965      176.476098      192.351868        0.122389       31.589281       94.533745       19.069271        7.981354       23.180058
       121        121.000   4638.4497      365.752744      134.355451      231.397293        0.030564       30.457741       62.722538       12.682881        7.854496       20.607231
       122        122.000   4924.3188      365.546805      119.888449      245.658356       -0.017780       29.363770       50.454647       14.332407        7.606575       18.148830
       123        123.000   4660.5669      362.481726      129.981085      232.500641       -0.037752       28.496988       57.311996       21.217701        7.230496       15.761655
       124        124.000   4401.4937      362.706948      143.130639      219.576309       -0.044294       27.985712       64.308243       30.821335        6.699807       13.359836
       125        125.000   4357.1533      363.473944      146.109626      217.364319       -0.045396       27.853222       60.466770       41.098843        5.942445       10.793742
       126        126.000   4305.2114      362.762392      147.989290      214.773102       -0.043251       28.046282       57.891132       49.261658        4.855646        7.977824
       127        127.000   4069.3628      364.365623      161.358253      203.007370       -0.037039       28.464069       73.532631       50.913383        3.415224        5.069984
       128        128.000   3701.1775      362.303661      177.663860      184.639801       -0.024564       29.010864      102.248024       41.985420        1.881110        2.563005
       129        129.000   3723.0806      361.816227      176.083744      185.732483       -0.002612       29.629801      120.001518       24.734774        0.750817        0.969446
       130        130.000   4038.9971      359.601589      158.109065      201.492523        0.035054       30.321047      118.761101        8.570454        0.186478        0.234932
       131        131.000   4157.3369      358.915194      151.519076      207.396118        0.098442       31.086981      119.133453        1.178662        0.009570        0.011968
       132        132.000   3765.6443      359.669701      171.813866      187.855835        0.200015       31.908535      136.304993        3.343359        0.025302        0.031662
       133        133.000   3315.6621      361.697476      196.289792      165.407684        0.346300       32.727562      150.369339       12.537465        0.136951        0.172175
       134        134.000   3334.9563      358.892831      192.522622      166.370209        0.516285       33.431309      131.546112       26.315050        0.314928        0.398938
       135        135.000   3891.5144      357.987638      163.852537      194.135101        0.632784       33.838741       85.241722       42.851742        0.564574        0.722974
       136        136.000   4208.9106      358.577466      148.608502      209.968964        0.611324       33.805405       51.351791       60.713459        0.924040        1.202483
       137        137.000   3759.3181      360.014950      172.474697      187.540253        0.467890       33.342144       58.492149       76.779396        1.453753        1.939365
       138        138.000   3018.7195      362.775500      212.181323      150.594177        0.299791       32.616425       89.113884       84.922958        2.192554        3.035711
       139        139.000   2795.4841      362.529542      223.071870      139.457672        0.163046       31.762144      103.877388       79.732864        3.071175        4.465253
       140        140.000   3246.7312      359.877033      197.908100      161.968933        0.061481       30.765207       93.401451       63.780109        3.908914        5.990937
       141        141.000   3575.1511      356.219697      177.866944      178.352753       -0.006928       29.559793       90.986748       45.376080        4.582195        7.369057
       142        142.000   3193.2236      356.622060      197.322439      159.299622       -0.040789       28.213774      125.531281       30.024900        5.083148        8.510125
       143        143.000   2508.7866      360.195470      235.040197      125.155273       -0.049771       26.920813      174.368134       18.894928        5.458361        9.447733
       144        144.000   2430.0020      360.709491      239.484530      121.224960       -0.048056       25.858444      185.644287       12.023190        5.755016       10.251648
       145        145.000   3259.4153      357.284236      194.682521      162.601715       -0.044136       25.094498      142.140045       10.475656        6.012468       11.003990
       146        146.000   4216.1348      351.681778      141.352432      210.329346       -0.040745       24.577024       81.466721       17.242910        6.274178       11.832344
       147        147.000   4541.3569      353.142556      126.588906      226.553650       -0.038024       24.195335       45.853157       37.038010        6.592172       12.948256
       148        148.000   4080.6375      355.614403      152.044578      203.569824       -0.035404       23.832472       33.656586       72.836624        7.022691       14.731610
       149        149.000   3396.0505      356.136261      186.718261      169.417999       -0.032494       23.421068       20.653463      117.392303        7.551113       17.732807
       150        150.000   2852.5090      355.051031      212.748556      142.302475       -0.029391       22.967945        5.802794      153.659668        7.955788       22.391752
       151        151.000   2366.4465      353.050396      234.996013      118.054382       -0.026630       22.547590        6.956995      169.336502        7.902092       28.279465
       152        152.000   1979.2828      353.525757      254.785721       98.740036       -0.024837       22.263617       27.312185      163.793243        7.414970       34.026543
       153        153.000   1871.4398      353.523287      260.163194       93.360092       -0.024420       22.196888       50.254078      142.186096        6.799866       38.750687
       154        154.000   2174.8274      350.599722      242.104604      108.495117       -0.025584       22.385731       61.097630      110.005623        6.238785       42.402420
       155        155.000   2822.0542      349.579194      208.796021      140.783173       -0.028331       22.814041       61.937466       73.070702        5.771873       45.230270
       156        156.000   3504.4453      351.711134      176.885664      174.825470       -0.032461       23.428024       61.981544       38.641354        5.388336       47.478867
       157        157.000   3905.6252      351.788437      156.949402      194.839035       -0.037466       24.152937       61.565880       16.928455        5.080444       49.259151
       158        158.000   3961.0818      350.566009      152.960418      197.605591       -0.042544       24.916174       56.313770       16.336182        4.849777       50.587059
       159        159.000   3636.2520      350.229944      168.829065      181.400879       -0.046904       25.690002       51.201138       35.823639        4.697483       51.463707
       160        160.000   2950.2815      349.965927      202.785904      147.180023       -0.049629       26.493885       52.821796       67.007706        4.623787       51.888359
       161        161.000   2262.3042      351.144094      238.285040      112.859055       -0.048899       27.357357       53.355721      101.133087        4.628902       51.858871
       162        162.000   1933.9490      352.836478      256.358008       96.478470       -0.041194       28.281103       39.458828      132.575165        4.713680       51.370426
       163        163.000   1884.8740      350.876867      256.846586       94.030281       -0.022630       29.190825       14.734605      157.667480        4.883545       50.392761
       164        164.000   1874.2755      350.321665      256.820108       93.501556        0.003079       29.905298        1.176734      171.697220        5.143776       48.894001
       165        165.000   1757.3173      351.779153      264.112267       87.666885        0.019009       30.234695       12.773210      168.738968        5.496361       46.850025
       166        166.000   1882.3846      354.178316      260.272219       93.906097        0.009279       30.054325       35.925922      143.991531        5.915123       44.376038
       167        167.000   2654.6328      354.506406      222.075345      132.431061       -0.018792       29.349588       42.681263      101.943436        6.338017       41.781834
       168        168.000   3747.9702      350.352457      163.378320      186.974136       -0.042460       28.217817       30.645567       58.457294        6.705307       39.394794
       169        169.000   4214.3296      345.228123      134.988804      210.239319       -0.049902       26.879555       36.998741       26.825418        6.999615       37.335377
       170        170.000   3708.5686      347.699385      162.690855      185.008530       -0.046562       25.623280       85.440239        8.915266        7.237209       35.521423
       171        171.000   2879.3977      351.529418      207.885558      143.643860       -0.041122       24.678698      140.334930        1.683807        7.441719       33.787525
       172        172.000   2855.3059      354.184261      211.742259      142.442001       -0.037759       24.168993      144.537460        3.466536        7.627531       31.979498
       173        173.000   3639.0474      350.975381      169.435052      181.540329       -0.037204       24.087034       92.512077       15.185569        7.802080       29.885496
       174        174.000   4224.3398      347.067233      136.328555      210.738678       -0.038831       24.327942       37.129002       39.795864        7.952290       27.162289
       175        175.000   3899.7949      349.803785      155.255598      194.548187       -0.041424       24.720098       20.116976       79.412552        7.978430       23.068966
       176        176.000   3053.8945      353.772974      201.424036      152.348938       -0.043779       25.093338       26.062613      126.641090        7.334187       16.336588
       177        177.000   2882.5625      354.695836      210.894094      143.801743       -0.045365       25.357416       20.201143      153.151260        4.669549        7.560090
       178        178.000   3632.8030      349.835286      168.606465      181.228821       -0.046529       25.558044        3.594554      136.072678        1.468000        1.959718
       179        179.000   4294.9658      345.713722      131.451744      214.261978       -0.047872       25.823551        9.580155       95.561043        0.236404        0.298463
       180        180.000   4201.3716      346.405625      136.812745      209.592880       -0.049518       26.320677       54.177937       56.356087        0.003361        0.004202
       181        181.000   3836.6917      349.457381      158.057220      191.400162       -0.048854       27.233025      104.189369       26.579626        0.046196        0.057857
       182        182.000   3981.3494      346.881050      148.264381      198.616669       -0.030597       28.723347      111.687683        7.494638        0.172331        0.216979
       183        183.000   4783.9204      342.644403      103.990060      238.654343        0.073334       30.857582       72.055107        0.241563        0.336201        0.426273
       184        184.000   5390.8467      339.241564       70.309618      268.931946        0.525453       33.568756       26.867102        8.135601        0.532182        0.680524
       185        185.000   5061.3384      338.950305       86.456484      252.493820        2.129736       36.610352        9.151371       36.806839        0.767054        0.991133
       186        186.000   3949.8916      343.679042      146.631694      197.047348        6.633610       39.647118       10.062305       87.858749        1.052359        1.377553
       187        187.000   2473.0488      345.412758      222.040337      123.372421       16.315874       42.376617        9.790862      150.283310        1.404477        1.869196
       188        188.000   1166.3721      347.381725      289.195186       58.186539       29.644157       44.339676        7.961092      202.900314        1.843278        2.506668
       189        189.000    482.4544      348.117237      324.049145       24.068092       35.054283       44.913574        8.384576      229.913712        2.408977        3.374023
       190        190.000    728.7556      346.828063      310.472801       36.355263       25.391369       43.823784        8.129554      225.484024        3.110721        4.533349
       191        191.000   1666.3545      346.521335      263.392291       83.129044       12.421722       41.532265        7.460204      192.169327        3.877838        5.930935
       192        192.000   2889.8259      345.851479      201.687386      144.164093        4.622772       38.653683        7.365802      139.056198        4.594078        7.394854
       193        193.000   4079.4294      344.117983      140.608415      203.509567        1.373953       35.605217        7.709188       81.987343        5.182353        8.750361
       194        194.000   4848.2549      342.192040      100.328255      241.863785        0.300582       32.648167       15.423139       36.398026        5.636173        9.922169
       195        195.000   4899.3164      340.438133       96.027031      244.411102        0.013345       30.007570       39.629681        9.466880        5.985890       10.923665
       196        196.000   4538.7114      344.491924      118.070247      226.421677       -0.044901       27.864052       71.498573        0.663271        6.270164       11.819088
       197        197.000   4121.5195      343.610804      138.001490      205.609314       -0.049376       26.273586       85.181633        7.338058        6.531845       12.725744
       198        198.000   4036.5928      341.020444      139.647854      201.372589       -0.044927       25.224440       65.917885       27.926598        6.812170       13.811689
       199        199.000   4035.6958      340.002536      138.674701      201.327835       -0.041054       24.612671       29.769608       61.761532        7.162643       15.409302
       200        200.000   3572.7681      341.130477      162.896605      178.233871       -0.038792       24.295471        5.735170      107.006554        7.622660       18.275543
       201        201.000   2580.2524      344.568041      215.847582      128.720459       -0.037475       24.122248        4.613609      154.916336        7.998421       24.234444
       202        202.000   1646.3851      347.281660      265.148817       82.132843       -0.036201       23.952635       13.650443      184.192917        7.145283       36.243740
       203        203.000   1487.7377      346.159994      271.941565       74.218430       -0.034243       23.681231       17.753496      174.235199        4.667088       51.638794
       204        204.000   2023.2397      340.750082      239.817175      100.932907       -0.031456       23.285765       16.569130      134.995422        2.932205       62.066109
       205        205.000   2678.3115      338.679087      205.066767      133.612320       -0.028493       22.853659       23.195017       89.718964        2.189049       67.138573
       206        206.000   2899.2866      336.794905      192.158842      144.636063       -0.026251       22.516819       47.019608       51.164093        1.858459       69.626114
       207        207.000   2914.8245      340.445147      195.033953      145.411194       -0.025510       22.408304       76.188644       23.785795        1.687714       70.989006
       208        208.000   3029.8525      341.291945      190.142379      151.149567       -0.026790       22.617731       86.593239        7.531815        1.584770       71.841614
       209        209.000   3444.6995      339.796001      167.951061      171.844940       -0.030467       23.181995       68.323166        2.559259        1.519249       72.397858
       210        210.000   3870.6321      338.682602      145.589264      193.093338       -0.036567       24.075422       37.487766        9.855597        1.481232       72.725815
       211        211.000   3840.3904      338.564855      146.980169      191.584686       -0.043967       25.208092       16.284513       31.242521        1.470581       72.818428
       212        212.000   3284.1887      340.401095      176.563525      163.837570       -0.049360       26.428020        9.435018       66.638206        1.493690       72.617950
       213        213.000   2449.9583      340.499228      218.278724      122.220505       -0.048273       27.561064        6.991099      110.173843        1.561295       72.039696
       214        214.000   1752.6378      341.727014      254.293572       87.433441       -0.039583       28.446272        3.162450      150.020264        1.683884       71.020287
       215        215.000   1286.4817      341.574568      277.396147       64.178421       -0.028756       28.994797        1.115836      175.901581        1.869034       69.543655
       216        216.000   1141.4631      342.840349      285.896436       56.943913       -0.023967       29.172182        4.101584      182.857208        2.115959       67.673470
       217        217.000   1265.7074      342.001886      278.859827       63.142059       -0.028201       29.003437       10.679292      171.320969        2.425400       65.458931
       218        218.000   1692.2773      341.372141      256.949885       84.422256       -0.037521       28.548023       17.855520      144.810486        2.791821       62.981556
       219        219.000   2330.6272      341.118606      224.851135      116.267471       -0.045941       27.872765       25.003593      108.567162        3.220661       60.232895
       220        220.000   2963.1240      338.380372      190.559678      147.820694       -0.049771       27.044504       32.766201       69.900925        3.720329       57.177490
       221        221.000   3490.3062      336.878003      162.757885      174.120117       -0.048667       26.142895       40.662472       37.907330        4.293343       53.800514
       222        222.000   3780.3479      336.701343      148.111988      188.589355       -0.044441       25.244164       48.173100       19.753693        4.944710       50.040764
       223        223.000   3754.1484      337.021962      149.739613      187.282349       -0.039300       24.430475       55.553696       18.293503        5.670219       45.831020
       224        224.000   3438.3789      335.195524      163.665891      171.529633       -0.034863       23.779764       60.840546       31.535015        6.445381       41.100048
       225        225.000   3137.3335      335.546388      179.034944      156.511444       -0.031941       23.351431       58.305874       54.413994        7.203156       35.792431
       226        226.000   2954.1013      333.791969      186.421394      147.370575       -0.030683       23.162828       44.542995       81.179001        7.811291       29.755962
       227        227.000   2962.4214      332.131550      184.345906      147.785645       -0.030950       23.198311       25.183973      105.054153        7.975492       22.964926
       228        228.000   3121.4446      331.481574      175.762779      155.718796       -0.032432       23.410469       11.313622      118.062912        7.233035       15.775172
       229        229.000   3412.2322      330.137537      159.912287      170.225250       -0.034745       23.738089        8.612807      112.828316        5.419925        9.347896
       230        230.000   3865.5039      327.650477      134.812952      192.837524       -0.037522       24.127796       12.808667       89.674767        3.327015        4.912230
       231        231.000   4358.6802      325.978065      108.537574      217.440491       -0.040560       24.559141       19.981293       59.794189        1.800410        2.443101
       232        232.000   4471.5850      323.084190      100.011238      223.072952       -0.043858       25.057161       37.414112       35.497684        0.906892        1.179246
       233        233.000   4069.8616      323.159006      120.126749      203.032257       -0.047286       25.677050       71.804840       21.741850        0.418189        0.532107
       234        234.000   3431.1128      324.840501      153.673357      171.167145       -0.049781       26.483910      109.611893       17.275572        0.155772        0.195992
       235        235.000   3086.1807      326.221504      172.261910      153.959595       -0.047480       27.508478      125.143021       19.591274        0.029587        0.037030
       236        236.000   3134.4722      322.980076      166.611378      156.368698       -0.031300       28.704144      110.780930       27.154121        0.001548        0.001935
       237        237.000   3322.0471      322.496484      156.770273      165.726212        0.010656       29.913006       87.387993       39.316154        0.063224        0.079239
       238        238.000   3097.7002      320.739094      166.204823      154.534271        0.081023       30.958693       79.136948       55.512238        0.228076        0.287846
       239        239.000   2620.6172      323.356208      192.622077      130.734131        0.162051       31.718933       86.732300       72.826805        0.518871        0.663117
       240        240.000   2254.0603      324.881984      212.434200      112.447784        0.233378       32.211586       92.242477       85.565292        0.947344        1.234121
       241        241.000   2309.4431      324.921224      209.710561      115.210663        0.281678       32.482109       85.528046       87.976974        1.473776        1.967978
       242        242.000   2638.5195      324.691295      193.064068      131.627228        0.290918       32.514095       76.121475       79.340485        2.022097        2.774997
       243        243.000   2914.1213      327.541746      182.165632      145.376114        0.246646       32.241650       79.960175       63.607040        2.535059        3.575063
       244        244.000   2885.1147      328.030120      184.101058      143.929062        0.162261       31.647114       99.643623       45.300163        3.001600        4.346298
       245        245.000   2850.6797      329.413621      187.202409      142.211212        0.076848       30.830912      119.918884       27.848154        3.430360        5.097251
       246        246.000   3033.1521      329.263841      177.949678      151.314163        0.015689       29.940990      124.964317       13.302957        3.849416        5.876308
       247        247.000   3399.5603      328.312637      158.719543      169.593094       -0.019552       29.100492      114.898079        3.699467        4.289829        6.751227
       248        248.000   3688.8418      327.992663      143.968249      184.024414       -0.037408       28.367336      101.681702        1.353578        4.785177        7.817863
       249        249.000   3734.1165      328.581589      142.298569      186.283020       -0.045668       27.748051       91.899048        8.133989        5.362560        9.200588
       250        250.000   3612.1392      328.747501      148.549533      180.197968       -0.049016       27.226606       81.027222       23.297728        6.020029       11.026964
       251        251.000   3523.1689      329.411312      153.651791      175.759521       -0.049898       26.791660       64.910683       41.948650        6.697985       13.352711
       252        252.000   3523.2297      331.169871      155.407313      175.762558       -0.049649       26.453468       48.115982       57.507408        7.290668       16.089436
       253        253.000   3453.7012      328.681743      156.387737      172.294006       -0.049159       26.250185       37.745644       65.723877        7.708469       19.008720
       254        254.000   3400.7883      326.405785      156.751427      169.654358       -0.049060       26.235363       35.075481       65.738960        7.930092       21.820591
       255        255.000   3371.6272      322.774472      154.574872      168.199600       -0.049518       26.445572       36.865498       58.926018        7.999332       24.387970
       256        256.000   3448.2310      323.494580      151.473461      172.021118       -0.049904       26.882397       42.582642       47.406204        7.968578       26.683544
       257        257.000   3363.5737      321.129744      153.331907      167.797836       -0.048483       27.512409       55.589478       33.639404        7.875267       28.763832
       258        258.000   3153.7732      321.835928      164.504355      157.331573       -0.042530       28.253086       76.691788       21.232325        7.745926       30.623760
       259        259.000   2781.0959      322.775895      184.035997      138.739899       -0.029336       29.017620      101.084023       14.096148        7.599972       32.267570
       260        260.000   2303.9578      323.586052      208.649033      114.937019       -0.007894       29.728952      122.672089       15.130446        7.454601       33.670837
       261        261.000   1772.8586      324.624549      236.182349       88.442200        0.020795       30.351135      139.344070       24.328722        7.323505       34.814121
       262        262.000   1210.5850      323.749274      263.357100       60.392174        0.055836       30.895052      150.386261       39.111599        7.215763       35.692589
       263        263.000    853.2146      324.496873      281.932748       42.564125        0.097511       31.386049      151.241669       55.770424        7.138100       36.298996
       264        264.000    824.9539      325.274107      284.119822       41.154285        0.147364       31.848171      136.831161       71.548843        7.091637       36.652645
       265        265.000   1117.4343      325.238270      269.493076       55.745193        0.200634       32.248856      108.984772       84.219849        7.077118       36.761848
       266        266.000   1571.6238      324.292621      245.889385       78.403236        0.238468       32.490944       77.766129       91.668594        7.094543       36.630707
       267        267.000   2076.4673      324.302409      220.714152      103.588257        0.233660       32.452648       52.468464       92.145233        7.141533       36.272614
       268        268.000   2633.0588      325.155709      193.800896      131.354813        0.176426       32.048988       33.389729       85.253540        7.212322       35.719891
       269        269.000   3230.0325      324.084477      162.948582      161.135895        0.091542       31.276449       16.099985       73.149353        7.297062       35.034191
       270        270.000   3742.8567      321.750736      135.031696      186.719040        0.017833       30.232607        2.871015       60.229996        7.384247       34.295998
       271        271.000   3879.1938      318.936897      125.416450      193.520447       -0.025837       29.085241        5.057966       50.273064        7.466812       33.559204
       272        272.000   3554.9460      319.681464      142.336676      177.344788       -0.044174       28.023548       29.346300       44.640522        7.544262       32.826218
       273        273.000   2880.9297      319.043203      175.322912      143.720291       -0.049334       27.193054       65.494385       43.022964        7.621807       32.040035
       274        274.000   2323.7251      320.104995      204.181853      115.923141       -0.049893       26.680401       93.879524       44.862129        7.706230       31.103462
       275        275.000   2027.7693      321.686507      220.527641      101.158867       -0.049725       26.482563      106.586578       49.854713        7.804707       29.848804
       276        276.000   1771.3171      321.279785      232.914490       88.365295       -0.049801       26.534103      112.759483       57.724350        7.914656       28.031698
       277        277.000   1431.9780      320.925626      249.488866       71.436760       -0.049908       26.729155      122.526924       66.896103        7.995895       25.390697
       278        278.000   1232.6963      322.465826      260.970587       61.495239       -0.049726       26.959270      131.005585       73.312897        7.929701       21.812860
       279        279.000   1512.2220      323.422717      247.982836       75.439880       -0.049253       27.161446      124.243500       71.471535        7.535395       17.620214
       280        280.000   2344.3088      321.429092      204.479095      116.949997       -0.048577       27.333628       97.865807       58.901611        6.773438       13.653189
       281        281.000   3404.0117      319.189708      149.374553      169.815155       -0.047501       27.524471       65.679169       39.764908        5.870701       10.582806
       282        282.000   4258.4399      320.525507      108.085673      212.439835       -0.045202       27.811724       45.856396       20.978827        5.050869        8.433060
       283        283.000   4647.5693      320.133234       88.281000      231.852234       -0.039452       28.280411       41.381050        7.352194        4.376249        6.930548
       284        284.000   4820.7959      319.391363       78.897421      240.493942       -0.024827       28.989326       39.305344        0.975956        3.823987        5.827634
       285        285.000   4997.2671      320.570964       71.273448      249.297516        0.010308       29.941645       30.906084        2.129958        3.343639        4.941814
       286        286.000   4875.7021      318.254295       75.021263      243.233032        0.085107       31.060114       26.216187       10.619594        2.887220        4.153042
       287        287.000   4266.3149      318.703853      105.871181      212.832672        0.214189       32.174427       41.868248       25.792685        2.423927        3.397706
       288        288.000   3186.5063      321.056420      162.091896      158.964523        0.383669       33.106888       78.327126       45.694485        1.935429        2.644300
       289        289.000   2028.8290      321.425007      220.213284      101.211723        0.539912       33.731571      116.810333       65.790398        1.432299        1.908772
       290        290.000   1365.1477      322.430757      254.327944       68.102814        0.613742       33.979218      137.709396       79.810486        0.961597        1.253505
       291        291.000   1260.1044      320.940553      258.078016       62.862537        0.562306       33.807583      138.125458       84.285576        0.568702        0.728392
       292        292.000   1563.8369      320.257467      242.242688       78.014778        0.402501       33.190887      127.988487       80.019318        0.283216        0.358279
       293        293.000   2032.4468      319.510324      218.118112      101.392212        0.212839       32.172752      115.354614       70.150269        0.100935        0.126703
       294        294.000   2665.8862      319.747826      186.755364      132.992462        0.069798       30.898668       98.059067       57.701229        0.011820        0.014782
       295        295.000   3478.1575      318.583973      145.069920      173.514053       -0.008437       29.539560       70.511238       45.004242        0.010360        0.012956
       296        296.000   4409.6836      319.537711       99.552817      219.984894       -0.040772       28.231918       36.538330       34.590218        0.103361        0.129762
       297        297.000   5030.1426      318.283514       67.345953      250.937561       -0.049608       27.033911       10.006757       29.636440        0.316937        0.401516
       298        298.000   5097.6543      318.425989       64.120478      254.305511       -0.048454       25.971338        3.029604       33.553791        0.705331        0.908867
       299        299.000   4565.4302      319.109585       91.355007      227.754578       -0.043904       25.042782       15.773944       47.402168        1.365741        1.814276
       300        300.000   3631.6738      319.252964      138.080478      181.172485       -0.038822       24.250069       40.842712       67.216202        2.419550        3.390768
       301        301.000   2661.7837      322.035705      189.247909      132.787796       -0.034423       23.606878       71.217400       84.609917        3.891282        5.956855
       302        302.000   1836.7881      323.180412      231.548981       91.631432       -0.031160       23.128344      101.437080       91.817352        5.538481        9.658883
       303        303.000   1375.5880      322.478947      253.855297       68.623650       -0.029215       22.837282      124.304527       85.745461        6.883871       14.113371
       304        304.000   1423.5447      322.038297      251.022244       71.016052       -0.028600       22.744402      133.122177       68.927536        7.661573       18.595156
       305        305.000   1923.3037      322.366801      226.419383       95.947418       -0.029224       22.840628      126.312355       46.692959        7.964977       22.637688
       306        306.000   2608.6965      320.011137      189.871687      130.139450       -0.030964       23.103903      107.611435       25.095520        7.983810       26.107983
       307        307.000   3329.4636      319.907434      153.811243      166.096191       -0.033625       23.499228       83.378059       10.097525        7.860533       29.009523
       308        308.000   3813.1069      318.314142      128.090540      190.223602       -0.037002       23.997078       59.584972        5.401910        7.674320       31.469261
       309        309.000   3987.3298      318.155737      119.240713      198.915024       -0.040790       24.568811       42.041122       11.631961        7.465149       33.574459
       310        310.000   3779.2681      317.060699      128.525207      188.535492       -0.044598       25.195984       34.546021       26.165535        7.250881       35.411385
       311        311.000   3286.6702      315.585014      151.623649      163.961365       -0.047820       25.854715       37.058666       44.682724        7.040485       37.034878
       312        312.000   2755.9849      318.482361      180.995179      137.487183       -0.049684       26.507757       46.408417       62.803589        6.837917       38.487183
       313        313.000   2172.1482      319.390820      211.029362      108.361458       -0.049627       27.106047       60.448071       77.063156        6.641750       39.819965
       314        314.000   1646.4781      320.027659      237.890177       82.137482       -0.048021       27.564495       78.776642       84.108208        6.455841       41.033012
       315        315.000   1269.4055      320.172711      256.846166       63.326546       -0.046618       27.796230       99.332672       81.373909        6.286804       42.103168
       316        316.000   1196.8816      319.926021      260.217464       59.708557       -0.047142       27.736687      115.072113       68.333466        6.145828       42.976513
       317        317.000   1534.8516      319.310139      242.741352       76.568787       -0.049059       27.371725      117.625931       48.147911        6.043499       43.601345
       318        318.000   2145.9565      317.114569      210.059729      107.054840       -0.049868       26.750603      106.415535       26.995850        5.983593       43.964016
       319        319.000   2744.3618      315.532113      178.624764      136.907349       -0.047988       25.991037       91.892334       10.734945        5.962360       44.092075
       320        320.000   3073.1191      314.683620      161.375621      153.307999       -0.044269       25.245163       84.303375        1.861045        5.971134       44.039173
       321        321.000   3229.8191      316.441163      155.315904      161.125259       -0.040630       24.658911       80.515770        0.321189        6.000839       43.859825
       322        322.000   3370.4370      315.940230      147.800002      168.140228       -0.038411       24.324709       68.489716        5.379575        6.043583       43.600830
       323        323.000   3548.6880      312.736962      135.704369      177.032593       -0.038066       24.272833       45.529026       16.544142        6.092319       43.304115
       324        324.000   3579.6987      310.822827      132.243207      178.579620       -0.039365       24.464085       25.409338       33.272476        6.143040       42.993633
       325        325.000   3176.3159      310.267607      151.811461      158.456146       -0.041620       24.804857       24.070936       54.137169        6.200508       42.639610
       326        326.000   2386.7830      310.177224      191.108315      119.068909       -0.043905       25.169683       42.358650       75.228607        6.285793       42.109486
       327        327.000   1635.6367      310.742254      229.145620       81.596634       -0.045472       25.438974       66.242134       89.897499        6.432957       41.179527
       328        328.000   1294.3845      311.475844      246.903174       64.572670       -0.046092       25.547926       82.732353       92.267944        6.652485       39.748558
       329        329.000   1367.6855      311.289887      243.060471       68.229416       -0.045959       25.511681       90.913963       81.735886        6.901070       38.043831
       330        330.000   1581.6178      309.387415      230.485605       78.901810       -0.045517       25.416555       98.305664       63.276218        7.123745       36.408939
       331        331.000   1787.0872      308.950571      219.798555       89.152016       -0.045428       25.388138      108.595741       43.577408        7.303734       34.978962
       332        332.000   2001.7839      308.199819      208.337278       99.862541       -0.046317       25.547417      114.566185       27.145184        7.454678       33.670132
       333        333.000   2429.0374      308.663395      187.486561      121.176834       -0.048275       25.982592      105.139626       16.454454        7.590176       32.367989
       334        334.000   3010.8711      307.265990      157.063354      150.202637       -0.049902       26.737627       78.901985       12.788268        7.717718       30.967657
       335        335.000   3536.0146      306.164044      129.763684      176.400360       -0.046184       27.793821       47.377159       17.389570        7.834629       29.414688
       336        336.000   3725.2495      305.330328      119.489645      185.840683       -0.024878       29.082518       23.615719       31.208754        7.931269       27.676264
       337        337.000   3539.9009      306.316029      129.721790      176.594238        0.037115       30.495642       11.885475       53.558109        7.990738       25.754711
       338        338.000   3030.6694      305.063258      153.872936      151.190323        0.173230       31.922798        9.469130       80.635490        7.991835       23.680452
       339        339.000   2443.0598      304.854452      182.978079      121.876373        0.412632       33.249130       14.165438      105.699173        7.915007       21.536699
       340        340.000   1919.9857      306.114273      210.332382       95.781891        0.754965       34.385502       25.390837      122.661842        7.748394       19.390842
       341        341.000   1530.4454      306.469343      230.120360       76.348984        1.136847       35.246609       40.822689      128.144531        7.486511       17.283173
       342        342.000   1378.6962      305.359103      236.580402       68.778702        1.415397       35.734997       55.635666      121.415573        7.130520       15.248249
       343        343.000   1556.2189      304.636649      227.001914       77.634735        1.443056       35.775757       65.743484      104.053009        6.684911       13.301698
       344        344.000   2045.8713      305.609943      203.548023      102.061920        1.197624       35.350204       70.010506       79.424377        6.146368       11.418943
       345        345.000   2664.0144      304.876586      171.977508      132.899078        0.806982       34.500381       68.857178       52.735596        5.505613        9.571757
       346        346.000   3223.1807      301.408047      140.613964      160.794083        0.443772       33.345520       63.561195       30.724361        4.765508        7.773608
       347        347.000   3615.7649      298.546913      118.168068      180.378845        0.197371       32.055080       57.539555       18.398342        3.935405        6.042315
       348        348.000   3783.7192      298.332169      109.574632      188.757538        0.062419       30.798420       54.485542       16.825392        3.021924        4.380934
       349        349.000   3729.3091      297.958193      111.914996      186.043198       -0.001049       29.718462       53.337582       24.016491        2.040541        2.802970
       350        350.000   3607.0796      295.728586      115.783030      179.945557       -0.027626       28.918236       48.004082       36.443344        1.058715        1.386280
       351        351.000   3644.5344      295.481937      113.667865      181.814072       -0.037665       28.438957       35.001892       49.671223        0.262140        0.331318
       352        352.000   3780.1602      294.916452      106.336465      188.579987       -0.040657       28.255383       19.620031       58.458366        0.019255        0.024088
       353        353.000   3948.9075      295.410253       98.412008      196.998245       -0.040136       28.302790       11.284962       57.127869        0.757781        0.978744
       354        354.000   4164.0635      298.157857       90.426168      207.731689       -0.037236       28.494011       12.832852       43.380272        2.398623        3.357646
       355        355.000   4366.1304      298.852299       81.040165      217.812134       -0.032548       28.743340       18.821512       22.618813        4.240004        6.649045
       356        356.000   4474.7441      299.466325       76.235780      223.230545       -0.026829       28.988649       25.770418        5.667708        5.710058       10.125774
       357        357.000   4272.8281      300.968247       87.810655      213.157593       -0.020490       29.213591       38.369957        0.098480        6.717944       13.431172
       358        358.000   3686.7173      302.402179      118.483753      183.918427       -0.012851       29.444277       58.413166        6.735598        7.368069       16.535494
       359        359.000   3016.4373      303.872948      153.392632      150.480316       -0.002195       29.720198       73.849823       22.536413        7.761805       19.526588
       360        360.000   2632.2883      305.527538      174.211162      131.316376        0.012832       30.048594       69.688751       43.959431        7.961464       22.540091
       361        361.000   2533.7869      306.358426      179.955975      126.402451        0.030064       30.366821       47.637993       68.161484        7.990494       25.769119
       362        362.000   2381.3618      305.011036      186.212582      118.798454        0.040430       30.542074       26.267681       92.079346        7.832224       29.450827
       363        363.000   2107.2639      307.360118      202.235515      105.124603        0.032232       30.427013       19.806208      110.754311        7.443401       33.772350
       364        364.000   1835.3430      307.716209      216.156868       91.559341        0.004791       29.928614       22.659212      117.950401        6.789101       38.824749
       365        365.000   2000.3800      307.872712      208.080216       99.792496       -0.026696       29.044289       19.670759      109.257927        5.946522       44.187416
       366        366.000   2606.8323      307.587130      177.540682      130.046448       -0.046108       27.843803        7.857412       87.560944        5.083588       49.241043
       367        367.000   3120.2896      303.804101      148.142923      155.661179       -0.049555       26.472561        2.712734       61.133343        4.339085       53.534756
       368        368.000   3215.2014      302.110070      141.714044      160.396027       -0.043841       25.140015       18.579945       37.327728        3.757973       56.952225
       369        369.000   3003.3752      302.186405      152.357700      149.828705       -0.036410       24.009979       46.206345       19.179522        3.307743       59.690521
       370        370.000   2915.6677      302.195056      156.741794      145.453262       -0.030622       23.170746       60.880066        7.770920        2.940933       62.009750
       371        371.000   3078.7703      298.908003      145.318083      153.589920       -0.026998       22.626862       51.658298        4.265304        2.611572       64.183044
       372        372.000   3271.8730      298.113514      134.890323      163.223190       -0.025048       22.322035       33.179203       10.638491        2.278038       66.497604
       373        373.000   3022.2886      298.349712      147.577496      150.772217       -0.024027       22.156651       25.094675       29.110077        1.894539       69.345581
       374        374.000   2240.0483      296.761474      185.012695      111.748779       -0.023262       22.027584       29.020313       59.379807        1.429482       73.178772
       375        375.000   1402.2847      298.165707      228.210255       69.955452       -0.022308       21.861855       32.752811       94.427956        0.908455       78.281487
       376        376.000    742.2526      298.089147      261.060559       37.028587       -0.021043       21.636549       30.904533      123.616714        0.433243       84.490562
       377        377.000    374.2694      297.357254      278.686161       18.671093       -0.019684       21.386692       28.286583      138.348434        0.139694       90.544441
       378        378.000    305.1385      296.699493      281.477119       15.222374       -0.018589       21.178362       28.610964      136.870422        0.031265       94.804695
       379        379.000    565.5728      297.178864      268.964261       28.214603       -0.018035       21.070919       29.123543      122.078979        0.008148       96.700706
       380        380.000   1126.7418      297.766930      241.557416       56.209515       -0.018151       21.095089       26.307467       97.407906        0.007690       96.757416
       381        381.000   1795.0625      294.981556      205.431683       89.549873       -0.018980       21.256392       21.256939       67.236565        0.018677       95.682091
       382        382.000   2445.0161      293.126702      171.152741      121.973961       -0.020455       21.530947       17.919037       37.642441        0.044998       94.035774
       383        383.000   2910.1833      291.941825      146.762168      145.179657       -0.022490       21.888639       17.967299       14.728272        0.090622       92.109825
       384        384.000   3059.9888      289.696002      137.043033      152.652969       -0.025010       22.305410       20.749960        3.816742        0.157906       90.038025
       385        385.000   2941.3948      290.381043      143.644349      146.736694       -0.028018       22.774361       26.159227        6.627192        0.249229       87.862358
       386        386.000   2562.8647      291.655719      163.802677      127.853043       -0.031659       23.314920       33.884705       20.734274        0.371010       85.529427
       387        387.000   2053.7795      291.514674      189.058238      102.456436       -0.036063       23.951246       39.996578       41.659599        0.534492       82.952385
       388        388.000   1653.8969      291.405575      208.897999       82.507576       -0.041067       24.689028       38.862015       64.605797        0.757195       80.025032
       389        389.000   1453.6339      291.254060      218.736955       72.517105       -0.045926       25.502968       30.073675       85.542336        1.067749       76.596153
       390        390.000   1416.6182      291.987897      221.317388       70.670509       -0.049218       26.319479       20.257477      100.766266        1.505257       72.518127
       391        391.000   1438.8140      291.133322      219.355535       71.777786       -0.049790       27.025726       15.983534      106.578156        2.111488       67.706421
       392        392.000   1646.3392      291.029173      208.898619       82.130554       -0.048471       27.485628       16.121923      100.084663        2.885403       62.369473
       393        393.000   2153.1260      291.686150      184.273644      107.412506       -0.047799       27.618151       14.103676       81.977997        3.775780       56.845840
       394        394.000   2831.3091      291.447924      150.203051      141.244873       -0.048800       27.419827        9.061920       57.575584        4.690479       51.504040
       395        395.000   3354.7007      291.446563      124.091369      167.355194       -0.049855       26.976757       10.888664       34.159168        5.543816       46.572819
       396        396.000   3421.6445      290.406432      119.711623      170.694809       -0.049466       26.442402       28.528978       16.466780        6.299557       42.023373
       397        397.000   3224.5361      291.624596      130.762902      160.861694       -0.048083       25.986811       54.190571        5.978936        6.948399       37.706268
       398        398.000   3070.6458      290.946159      137.761543      153.184616       -0.046991       25.730774       68.687393        2.517820        7.485428       33.387119
       399        399.000   3170.3049      289.560273      131.403993      158.156281       -0.046964       25.724133       63.112942        5.872252        7.868822       28.872808
       400        400.000   3298.6626      286.901164      122.341533      164.559631       -0.047914       25.940687       48.768894       15.738054        7.995642       23.946169
       401        401.000   3260.3135      287.052386      124.405871      162.646515       -0.049142       26.300045       41.616787       30.422794        7.646484       18.468903
       402        402.000   3120.9353      289.293936      133.600546      155.693390       -0.049866       26.709768       42.955551       44.918915        6.490347       12.575830
       403        403.000   3178.7156      290.801715      132.225848      158.575867       -0.049642       27.109158       42.387962       51.204548        4.462209        7.111613
       404        404.000   3483.0652      288.580503      114.821623      173.758881       -0.048226       27.499224       36.734768       45.105400        2.310856        3.219602
       405        405.000   3787.6985      287.351363       98.395309      188.956055       -0.044768       27.940233       37.080650       31.414886        0.872096        1.132210
       406        406.000   3820.3477      288.860511       98.275687      190.584824       -0.036156       28.535492       51.832832       17.503502        0.194674        0.245342
       407        407.000   3669.1108      290.010882      106.970782      183.040100       -0.012991       29.398241       70.083847        7.497890        0.001687        0.002109
       408        408.000   3701.8726      289.507489      104.833020      184.674469        0.050640       30.603462       71.157639        2.828096        0.085689        0.107495
       409        409.000   4052.7791      289.821712       87.641658      202.180054        0.218103       32.137947       50.366936        4.141119        0.342795        0.434758
       410        410.000   4275.4902      287.688977       74.398556      213.290421        0.611748       33.871639       25.702208       12.528874        0.735315        0.948772
       411        411.000   4019.0334      285.986900       85.490288      200.496613        1.356188       35.547508       16.466267       29.215530        1.251403        1.653392
       412        412.000   3357.2495      287.409990      119.927644      167.482346        2.403697       36.914017       22.608704       53.552666        1.882893        2.565668
       413        413.000   2524.4761      286.669960      160.731987      125.937973        3.439902       37.831230       32.204033       80.954750        2.608507        3.693566
       414        414.000   1859.7430      286.402206      193.625625       92.776581        4.010977       38.233932       39.450710      103.565247        3.372115        4.992644
       415        415.000   1444.0836      287.529248      215.488576       72.040672        3.817947       38.093899       47.428188      115.629128        4.117670        6.401744
       416        416.000   1201.1364      287.122252      227.201434       59.920818        2.950001       37.410381       58.444046      115.711151        4.810581        7.875273
       417        417.000   1180.6426      286.061354      227.162909       58.898445        1.871721       36.275093       68.896637      105.333817        5.424893        9.360747
       418        418.000   1405.3123      283.803445      213.696953       70.106491        1.000836       34.853844       73.689507       87.350494        5.959056       10.843217
       419        419.000   1874.9064      282.973341      189.440313       93.533028        0.458294       33.321461       71.774734       65.142059        6.419226       12.324539
       420        420.000   2444.7798      282.953737      160.991563      121.962173        0.168765       31.786985       65.951210       42.434158        6.817345       13.833099
       421        421.000   2975.0513      284.105423      135.689713      148.415710        0.031916       30.327385       58.851460       23.949793        7.155581       15.373579
       422        422.000   3253.5278      281.151024      118.843025      162.307999       -0.025493       28.991440       51.447186       14.063705        7.432833       16.933355
       423        423.000   3345.1069      280.523537      113.646950      166.876587       -0.045363       27.839294       45.048698       14.697364        7.645573       18.461384
       424        424.000   3194.4978      279.192598      119.829408      159.363190       -0.049836       26.904776       40.871803       24.360523        7.800346       19.941795
       425        425.000   2905.4712      277.740161      132.795581      144.944580       -0.049127       26.227543       37.560883       39.782314        7.905336       21.368631
       426        426.000   2620.3906      276.781467      146.058628      130.722839       -0.047633       25.824154       32.123184       57.413803        7.969641       22.775478
       427        427.000   2374.1030      275.554033      157.117700      118.436333       -0.046876       25.676813       25.273594       73.980942        7.998423       24.234804
       428        428.000   2139.6348      275.471871      168.732392      106.739479       -0.047036       25.731375       23.166851       86.073975        7.989641       25.817587
       429        429.000   1872.7098      276.419635      182.996181       93.423454       -0.047709       25.901682       31.515614       90.153534        7.937374       27.535686
       430        430.000   1617.8274      275.959113      195.250922       80.708191       -0.048373       26.086096       48.580688       83.515991        7.843943       29.272577
       431        431.000   1610.5934      277.405533      197.058228       80.347305       -0.048713       26.195259       65.611259       66.748642        7.729824       30.821957
       432        432.000   1811.7684      277.900134      187.516848       90.383286       -0.048687       26.193186       77.108971       44.536530        7.614967       32.111881
       433        433.000   1952.8204      275.201428      177.781514       97.419914       -0.048396       26.110786       87.305351       23.726719        7.507534       33.179520
       434        434.000   1905.0728      274.612996      179.575062       95.037933       -0.048134       26.038792      103.003349        9.087785        7.408367       34.084904
       435        435.000   1691.4530      273.879661      189.498527       84.381134       -0.048323       26.085165      119.741989        1.531277        7.316608       34.871811
       436        436.000   1643.8513      273.508168      191.501729       82.006439       -0.049131       26.332842      122.066406        0.385765        7.236183       35.529663
       437        437.000   1947.1713      273.426900      176.288808       97.138092       -0.049896       26.805986      101.624825        4.702552        7.172508       36.032833
       438        438.000   2390.1184      272.776452      153.541161      119.235291       -0.048758       27.453791       68.661888       13.994725        7.131741       36.347775
       439        439.000   2621.6494      272.189970      141.404340      130.785629       -0.043557       28.145597       41.989807       27.760853        7.120888       36.430752
       440        440.000   2521.7061      271.447970      145.648188      125.799782       -0.034951       28.710150       29.266596       44.322617        7.146065       36.237713
       441        441.000   2345.1812      271.743294      154.749779      116.993515       -0.028345       29.000515       23.045469       59.776360        7.208920       35.746861
       442        442.000   2313.8511      271.130675      155.700110      115.430565       -0.029154       28.948477       15.237753       69.253952        7.302856       34.986225
       443        443.000   2395.0818      268.460665      148.977771      119.482895       -0.036578       28.567976        9.081496       69.909981        7.413269       34.041626
       444        444.000   2503.8699      270.808892      145.898903      124.909988       -0.044787       27.941820       14.892182       62.573242        7.525166       33.011280
       445        445.000   2369.0957      272.319836      154.133297      118.186539       -0.049328       27.176235       37.483841       49.965641        7.632732       31.924175
       446        446.000   2081.8950      272.727575      168.868559      103.859016       -0.049599       26.398874       68.914047       35.090473        7.733137       30.781626
       447        447.000   1858.7861      271.264839      178.535996       92.728844       -0.047428       25.705757       95.051231       20.455956        7.825911       29.544569
       448        448.000   1872.9336      271.718932      178.284316       93.434616       -0.044583       25.140701      108.709496        8.417110        7.908604       28.152988
       449        449.000   1973.1649      272.325548      173.890719       98.434830       -0.041857       24.688404      113.364487        1.406320        7.973976       26.499390
       450        450.000   2037.8529      274.283390      172.621487      101.661903       -0.039426       24.316944      113.662773        2.209749        7.999668       24.471779
       451        451.000   1993.5376      273.631548      174.180392       99.451157       -0.037222       23.993320      108.091934       12.257211        7.935936       21.939213
       452        452.000   2021.3188      273.508886      172.671819      100.837067       -0.035270       23.710985       93.304893       29.129774        7.692995       18.868441
       453        453.000   2194.0654      274.076552      164.621718      109.454834       -0.033714       23.486696       71.709557       46.972771        7.148492       15.337916
       454        454.000   2465.0664      274.076256      151.102044      122.974213       -0.032844       23.361593       50.282227       59.630783        6.216550       11.643735
       455        455.000   2805.8730      274.105404      134.129452      139.975952       -0.033012       23.388092       33.997520       63.568954        4.968693        8.239204
       456        456.000   3204.6970      274.901296      115.029302      159.871994       -0.034523       23.611080       23.588230       58.773182        3.629619        5.461713
       457        457.000   3528.4021      273.035696       97.015097      176.020599       -0.037551       24.056862       19.503315       47.670113        2.424208        3.398150
       458        458.000   3737.1006      272.994059       86.562174      186.431885       -0.041926       24.722504       24.368500       34.064407        1.476630        1.972059
       459        459.000   3610.6262      269.767290       89.644792      180.122498       -0.046798       25.587658       40.170010       22.110653        0.794888        1.028382
       460        460.000   3234.6023      268.705309      107.341448      161.363861       -0.049849       26.601845       64.242897       15.750108        0.351055        0.445392
       461        461.000   2711.8694      270.626378      135.339971      135.286407       -0.046541       27.717060       90.421799       17.024054        0.099149        0.124451
       462        462.000   2077.5032      270.595502      166.955579      103.639923       -0.029107       28.886698      112.676605       25.415026        0.002825        0.003532
       463        463.000   1502.5341      268.882710      193.926137       74.956573        0.012258       30.035025      125.815208       37.979172        0.037511        0.046963
       464        464.000   1234.8264      269.445230      207.843725       61.601505        0.082772       31.068047      125.540482       50.742676        0.181340        0.228409
       465        465.000   1319.0131      269.610596      203.809288       65.801308        0.175367       31.912302      110.130203       60.632236        0.422058        0.537121
       466        466.000   1687.0255      267.037536      182.877273       84.160263        0.261464       32.479050       83.092842       65.322891        0.751144        0.969882
       467        467.000   2257.0374      264.780880      152.184574      112.596306        0.301615       32.700520       53.060932       63.447708        1.154859        1.518940
       468        468.000   2885.2932      263.580180      119.642207      143.937973        0.277781       32.568382       28.002098       54.986328        1.623637        2.183980
       469        469.000   3473.1213      264.201432       90.938615      173.262817        0.205801       32.120193       11.942951       41.561821        2.145145        2.962703
       470        470.000   3864.5791      263.524431       70.733049      192.791382        0.119121       31.423027        6.226727       26.409924        2.704390        3.849861
       471        471.000   3889.6245      259.235141       65.194324      194.040817        0.045803       30.568001       13.136152       13.328846        3.282383        4.833138
       472        472.000   3656.3550      261.307479       78.903731      182.403748       -0.002723       29.667160       34.619419        4.853917        3.863196        5.902762
       473        473.000   3031.1316      260.498878      109.285499      151.213379       -0.029548       28.816565       67.448868        1.500031        4.454443        7.095140
       474        474.000   2321.8262      260.368576      144.540153      115.828423       -0.041886       28.119894      100.224503        2.745750        5.053226        8.438667
       475        475.000   1762.3573      259.812891      171.894571       87.918320       -0.046770       27.631250      121.318260        7.346507        5.659447        9.985877
       476        476.000   1506.0823      261.622169      186.488586       75.133583       -0.048450       27.356524      127.481361       13.656110        6.259405       11.783636
       477        477.000   1390.3156      260.881077      191.522717       69.358360       -0.048925       27.254068      123.737411       19.858616        6.831133       13.890413
       478        478.000   1440.6215      261.202322      189.334364       71.867958       -0.048937       27.261478      114.656021       23.936584        7.313160       16.216057
       479        479.000   1690.7614      261.633865      177.287239       84.346626       -0.048794       27.308241       98.871483       24.895035        7.662054       18.599220
       480        480.000   2151.1946      260.894773      153.578618      107.316154       -0.048697       27.340954       74.201637       23.412075        7.868748       20.803902
       481        481.000   2659.4939      257.866929      125.193361      132.673569       -0.048728       27.342239       45.823158       21.468937        7.965149       22.642605
       482        482.000   3022.9065      256.318607      105.515552      150.803055       -0.048773       27.339273       25.322037       20.844097        7.996925       24.061993
       483        483.000   3078.3230      255.961204      102.393607      153.567596       -0.048579       27.393230       19.756525       22.162945        7.998320       25.131166
       484        484.000   2894.8984      256.468318      112.051173      144.417145       -0.047696       27.572933       25.431448       25.164301        7.987280       25.942907
       485        485.000   2630.4197      256.881709      125.658565      131.223145       -0.045129       27.922588       33.989986       29.241783        7.971743       26.577593
       486        486.000   2354.4265      258.078923      140.624181      117.454742       -0.038976       28.435457       43.436413       33.746635        7.954967       27.089684
       487        487.000   1931.8752      258.269849      161.894834       96.375015       -0.026942       29.046543       59.387646       38.040604        7.938530       27.508453
       488        488.000   1345.8311      258.398996      191.259829       67.139168       -0.009045       29.636251       84.558098       41.319672        7.924261       27.830591
       489        489.000    793.0825      259.192517      219.628193       39.564323        0.009142       30.071917      110.933502       42.669666        7.914778       28.029188
       490        490.000    517.4017      259.493569      233.682070       25.811499        0.018267       30.257504      125.963608       41.458488        7.912691       28.071512
       491        491.000    602.2394      258.819686      228.775907       30.043779        0.013164       30.163401      124.910614       37.828773        7.919058       27.940897
       492        492.000    881.0363      256.817573      212.865517       43.952057       -0.001778       29.840694      114.749474       32.696087        7.932495       27.648544
       493        493.000   1222.2362      257.421503      196.448080       60.973423       -0.017495       29.410326      104.680893       27.201130        7.949987       27.223238
       494        494.000   1543.8466      257.769166      180.751642       77.017525       -0.028731       29.001595       95.050369       22.086861        7.968910       26.672638
       495        495.000   1998.3296      260.085046      160.394829       99.690216       -0.034562       28.727432       79.679871       18.040171        7.986217       25.995701
       496        496.000   2535.3330      260.677532      134.197948      126.479584       -0.036255       28.633251       56.854565       15.591358        7.998127       25.156902
       497        497.000   2998.6172      261.651407      112.060068      149.591339       -0.034994       28.698132       36.041130       15.245945        7.997416       24.112440
       498        498.000   3088.2959      259.984672      105.919548      154.065125       -0.031895       28.846546       29.194473       17.140591        7.970417       22.799416
       499        499.000   2866.0813      260.111902      117.132349      142.979553       -0.028608       28.983490       38.518917       20.576382        7.894316       21.187853
       500        500.000   2452.9924      257.984221      135.612349      122.371872       -0.026903       29.041252       55.709129       23.850239        7.739143       19.299488
       501        501.000   2167.1743      259.481758      151.368431      108.113327       -0.027401       29.005894       72.706680       24.910252        7.486942       17.286064
       502        502.000   1896.7013      258.547172      163.926864       94.620308       -0.028982       28.921263       89.805870       22.784679        7.141439       15.302595
       503        503.000   1623.3208      258.062455      177.080216       80.982239       -0.029607       28.872356      109.943504       18.050200        6.737002       13.506761
       504        504.000   1407.1560      259.315998      189.117527       70.198471       -0.027090       28.953428      129.839020       12.119257        6.303416       11.929496
       505        505.000   1377.3485      260.104623      191.393151       68.711472       -0.018414       29.240511      139.399734        6.398565        5.850001       10.522754
       506        506.000   1639.1144      259.145652      177.375526       81.770126        0.001964       29.766146      130.816116        2.176373        5.377126        9.237802
       507        507.000   2168.9951      259.373407      151.169236      108.204170        0.043554       30.503008      107.034470        0.668064        4.881973        8.038168
       508        508.000   2737.7305      260.644541      124.068003      136.576538        0.120146       31.382910       78.240250        3.080785        4.355877        6.888034
       509        509.000   3064.4365      257.820885      104.946037      152.874847        0.244570       32.306885       52.459965       10.351499        3.800421        5.782698
       510        510.000   3293.1343      259.525229       95.241385      164.283844        0.415564       33.161854       31.813107       21.859564        3.237395        4.753902
       511        511.000   3312.4646      258.188076       92.939907      165.248169        0.613940       33.876194       16.722313       35.236103        2.680541        3.810816
       512        512.000   3199.7827      257.822191       98.195360      159.626831        0.785912       34.362400       11.144627       46.764702        2.156920        2.980800
       513        513.000   2972.7993      259.553157      111.249797      148.303360        0.856287       34.535515       18.391499       53.522278        1.679242        2.264976
       514        514.000   2625.3564      259.834714      128.864148      130.970566        0.773296       34.324554       36.714443       54.150158        1.250111        1.651585
       515        515.000   2317.7915      260.339477      144.712341      115.627136        0.565270       33.711086       59.800388       48.630127        0.872591        1.132878
       516        516.000   2069.3318      257.446167      154.213882      103.232285        0.325891       32.745205       81.895180       37.999218        0.547632        0.700756
       517        517.000   2047.4595      258.721720      156.580577      102.141144        0.138844       31.544683       99.727203       24.521772        0.286101        0.361973
       518        518.000   2111.7722      258.754301      153.404798      105.349503        0.024955       30.202484      111.731339       11.227405        0.096944        0.121673
       519        519.000   2237.6643      258.219603      146.589759      111.629845       -0.028959       28.832663      115.540665        2.234671        0.004764        0.005956
       520        520.000   2402.1482      258.915320      139.079901      119.835419       -0.047505       27.524994      110.957191        0.562448        0.036757        0.046016
       521        521.000   2506.2139      259.867284      134.840368      125.026917       -0.049566       26.347403      101.397408        6.640754        0.222996        0.281374
       522        522.000   2525.0193      260.978807      135.013734      125.965073       -0.045866       25.367533       89.778404       18.547491        0.598547        0.767625
       523        523.000   2524.1611      260.958875      135.036618      125.922256       -0.041505       24.637299       74.306702       33.338436        1.205868        1.589820
       524        524.000   2623.2642      260.067011      129.200831      130.866180       -0.038409       24.181479       52.141113       47.953995        2.087779        2.874874
       525        525.000   2854.1643      260.513449      118.128394      142.385056       -0.036980       23.985996       26.754156       59.366386        3.261877        4.796958
       526        526.000   3045.1196      260.431862      108.520668      151.911194       -0.036995       24.002588        7.908910       64.444534        4.660805        7.540824
       527        527.000   3121.0044      260.337645      104.640807      155.696838       -0.037995       24.161428        2.833295       60.535858        6.045004       11.103216
       528        528.000   3167.5969      261.138148      103.116969      158.021179       -0.039453       24.386007        8.603152       47.904205        7.110998       15.152060
       529        529.000   3199.8604      259.618245       99.987538      159.630707       -0.040954       24.617481       17.164619       31.317963        7.728819       19.199610
       530        530.000   3147.9531      257.156874      100.115645      157.041229       -0.042333       24.833584       26.615429       17.835693        7.973551       22.899721
       531        531.000   2867.2751      256.480177      113.441069      143.039108       -0.043725       25.059118       42.339802       11.907521        7.981783       26.196569
       532        532.000   2352.7703      258.150561      140.778445      117.372116       -0.045412       25.353086       64.454620       13.984515        7.849756       29.181879
       533        533.000   1765.0035      256.834310      168.783979       88.050331       -0.047506       25.779598       80.941536       22.522659        7.629543       31.958149
       534        534.000   1516.4376      258.070046      182.419869       75.650177       -0.049436       26.362982       78.763962       35.435982        7.354519       34.551861
       535        535.000   1481.9949      256.812683      182.880737       73.931946       -0.049626       27.087006       60.325153       51.390472        7.032291       37.095440
       536        536.000   1438.4352      256.026815      184.267927       71.758888       -0.045903       27.843878       41.551327       68.599815        6.666988       39.651821
       537        537.000   1212.7488      255.465828      194.965706       60.500122       -0.038259       28.483034       33.537518       84.433205        6.256222       42.293987
       538        538.000    994.9113      256.005140      206.372229       49.632912       -0.031527       28.848866       32.056873       94.700813        5.813362       44.983841
       539        539.000   1058.2014      256.492203      203.701947       52.790257       -0.031848       28.845278       26.406916       95.532669        5.371330       47.577602
       540        540.000   1406.7943      254.536350      184.355922       70.180428       -0.039230       28.455170       14.897670       86.202393        4.975315       49.864605
       541        541.000   1784.4183      251.168852      162.149977       89.018875       -0.047000       27.756405        8.087625       70.025803        4.662621       51.664524
       542        542.000   1989.3018      250.902601      151.662756       99.239845       -0.049904       26.898508       15.902817       51.514515        4.438538       52.958282
       543        543.000   1990.1610      251.867459      152.584744       99.282715       -0.048174       26.033907       34.798817       33.669487        4.285690       53.845016
       544        544.000   1984.4200      251.527766      152.531458       98.996307       -0.044490       25.285400       50.253635       18.415316        4.183998       54.437599
       545        545.000   2151.0757      250.411168      143.100942      107.310226       -0.040917       24.711784       52.132973        7.334852        4.113735       54.848515
       546        546.000   2358.9968      247.975031      130.292292      117.682739       -0.038142       24.299269       44.590168        2.195212        4.055454       55.190331
       547        547.000   2423.4956      247.464503      126.564128      120.900375       -0.036037       23.992092       37.939522        5.113905        3.992207       55.562439
       548        548.000   2224.3459      247.234689      136.269258      110.965431       -0.034180       23.719263       35.197533       17.434986        3.911285       56.040371
       549        549.000   1894.9617      247.725735      153.192211       94.533524       -0.032253       23.431761       31.729731       37.613197        3.810402       56.639374
       550        550.000   1590.6364      249.269544      169.917829       79.351715       -0.030205       23.120224       25.262327       60.578465        3.702480       57.284538
       551        551.000   1298.4666      248.773177      183.996871       64.776306       -0.028255       22.815542       19.444118       80.342148        3.615551       57.807766
       552        552.000   1104.7581      249.191092      194.078277       55.112816       -0.026790       22.578728       17.523584       92.438469        3.587612       57.976673
       553        553.000   1072.1605      250.437870      196.951244       53.486626       -0.026102       22.461004       17.815865       95.443970        3.648708       57.607800
       554        554.000   1220.7830      251.157791      190.256870       60.900921       -0.026337       22.489870       17.836222       89.518364        3.812630       56.626122
       555        555.000   1454.4924      249.062683      176.502747       72.559937       -0.027475       22.660742       19.001698       75.705345        4.072567       55.089870
       556        556.000   1736.9275      248.071303      161.421599       86.649704       -0.029308       22.934927       24.472916       56.458763        4.399410       53.184891
       557        557.000   2002.2570      248.277873      148.391742       99.886131       -0.031556       23.264996       33.719776       35.579304        4.760948       51.098274
       558        558.000   2236.1816      250.293954      138.738068      111.555885       -0.033971       23.613745       42.702229       18.329586        5.125168       49.001312
       559        559.000   2285.2407      249.636167      135.632887      114.003281       -0.036498       23.976322       50.025219        9.203061        5.471855       46.992928
       560        560.000   2114.8176      248.793831      143.292404      105.501427       -0.039276       24.379814       58.537914        9.501564        5.790066       45.122322
       561        561.000   1771.1482      247.680677      159.323812       88.356865       -0.042571       24.882015       68.010765       17.041534        6.085335       43.346733
       562        562.000   1531.9758      249.133762      172.708431       76.425331       -0.046339       25.540844       70.691742       28.563295        6.368313       41.590576
       563        563.000   1467.8149      247.403940      174.179391       73.224548       -0.049504       26.400831       59.822140       41.622803        6.655651       39.727470
       564        564.000   1613.7483      246.316735      165.812035       80.504700       -0.048520       27.429022       39.737778       54.057896        6.951439       37.684422
       565        565.000   1749.6740      245.079468      157.793884       87.285583       -0.036831       28.549950       22.523144       64.149605        7.258533       35.349483
       566        566.000   1819.2102      245.918303      155.163771       90.754532       -0.007747       29.627092       15.575047       69.732506        7.559380       32.677494
       567        567.000   1883.6348      245.310777      151.342317       93.968460        0.037581       30.524035       14.580227       68.688408        7.815449       29.696617
       568        568.000   2158.8337      245.511217      137.813975      107.697243        0.082970       31.122141       11.599922       60.436684        7.971052       26.601206
       569        569.000   2522.1846      243.583925      117.760278      125.823647        0.106817       31.374941        7.594122       47.120811        7.989965       23.573622
       570        570.000   2745.0215      242.563477      105.623215      136.940262        0.099951       31.303131       13.073351       32.534771        7.864727       20.747284
       571        571.000   2632.3040      241.634507      110.317353      131.317154        0.073409       31.005529       34.006958       19.528656        7.600567       18.102234
       572        572.000   2379.6138      242.551294      123.840036      118.711258        0.044857       30.627535       60.918430        9.493171        7.192714       15.563329
       573        573.000   2251.2561      242.702099      130.394192      112.307907        0.023856       30.293762       77.531799        2.907918        6.612466       13.024390
       574        574.000   2366.5073      242.837476      124.780072      118.057404        0.011269       30.062328       78.224274        0.248994        5.814015       10.419192
       575        575.000   2463.0828      239.625928      116.750684      122.875244        0.003947       29.914486       72.312881        2.062864        4.740013        7.716493
       576        576.000   2464.0569      239.134984      116.211141      122.923843       -0.001639       29.791391       69.785378        8.220387        3.390340        5.025283
       577        577.000   2426.9814      240.840185      119.765905      121.074280       -0.007930       29.634901       68.940659       16.741758        1.886086        2.570432
       578        578.000   2492.5684      241.293001      116.946809      124.346191       -0.015322       29.422365       62.618107       23.545273        0.602956        0.773430
       579        579.000   2687.8677      239.614881      105.525831      134.089050       -0.022450       29.179619       51.369247       24.964260        0.015618        0.019536
       580        580.000   2895.7163      238.564464       94.106517      144.457947       -0.027535       28.971888       43.689861       20.954372        0.228959        0.288972
       581        581.000   3042.7092      240.174885       88.383945      151.790939       -0.029312       28.879545       43.140171       14.175559        0.962817        1.255165
       582        582.000   3153.2190      240.572098       83.268173      157.303925       -0.026676       28.969868       42.445625        7.347373        1.916326        2.615657
       583        583.000   3371.2336      240.005588       71.825626      168.179962       -0.017831       29.266949       33.025112        2.457140        2.907371        4.186884
       584        584.000   3625.0046      238.541281       57.701498      180.839783       -0.000297       29.730944       17.233438        0.987266        3.857783        5.892364
       585        585.000   3685.5720      237.667670       53.806372      183.861298        0.026760       30.261568        6.714041        4.355755        4.737459        7.710789
       586        586.000   3408.3611      238.769434       68.737299      170.032135        0.058527       30.732088        9.089511       13.685466        5.531468        9.640239
       587        587.000   2827.6265      239.819688       98.758531      141.061157        0.083806       31.035517       21.038343       28.705177        6.224890       11.670797
       588        588.000   2146.7788      240.604151      133.508280      107.095871        0.090996       31.109735       35.213421       46.542160        6.798120       13.753848
       589        589.000   1508.8242      241.020299      165.749928       75.270370        0.076344       30.939159       49.077454       62.591991        7.241975       15.823005
       590        590.000    971.1817      241.000425      192.551305       48.449120        0.046150       30.542974       63.665333       72.912399        7.563242       17.821207
       591        591.000    616.1140      241.160004      210.424065       30.735939        0.012062       29.969042       77.368156       75.580482        7.779716       19.714605
       592        592.000    536.9856      241.349019      214.560540       26.788479       -0.016471       29.277864       85.390427       70.489021        7.913303       21.506395
       593        593.000    743.7973      240.090671      202.985023       37.105648       -0.035695       28.522083       84.678757       58.619316        7.982309       23.218252
       594        594.000   1205.5739      239.662556      179.520367       60.142189       -0.045978       27.749382       76.812469       42.171844        7.999794       24.832855
       595        595.000   1769.2715      238.877932      150.614687       88.263245       -0.049726       26.968155       65.130257       24.229759        7.977776       26.358467
       596        596.000   2335.9380      238.988426      122.456024      116.532402       -0.049113       26.193445       51.346252        9.286549        7.927917       27.750973
       597        597.000   2775.9077      238.604012      100.122933      138.481079       -0.045991       25.443615       36.395386        1.511103        7.863869       28.954952
       598        598.000   2962.3591      236.687533       88.904986      147.782547       -0.041908       24.759434       23.575630        2.906996        7.800739       29.904095
       599        599.000   2918.1616      237.026091       91.448424      145.577667       -0.038104       24.198244       16.498161       12.489886        7.751944       30.548292
       600        600.000   2660.8193      237.088652      104.348967      132.739685       -0.035345       23.809601       14.224897       27.750116        7.725510       30.874187
       601        601.000   2347.4248      237.649992      120.544554      117.105438       -0.034003       23.628862       12.484630       45.853580        7.724443       30.887041
       602        602.000   2043.7183      238.230545      136.276039      101.954506       -0.034104       23.657814       10.227764       64.071426        7.747368       30.605770
       603        603.000   1698.1851      238.247152      153.530180       84.716972       -0.035412       23.861706       12.489592       79.374519        7.790125       30.049650
       604        604.000   1294.0009      238.272682      173.719154       64.553528       -0.037457       24.171738       24.306053       88.183922        7.845434       29.249464
       605        605.000    962.2156      238.824466      190.822639       48.001827       -0.039620       24.500889       42.806335       87.362915        7.901510       28.290609
       606        606.000    901.5081      239.763964      194.790636       44.973328       -0.041380       24.774227       58.323414       76.446159        7.945316       27.342899
       607        607.000   1120.1508      239.137415      183.256709       55.880707       -0.042553       24.959829       64.684174       59.091385        7.971304       26.592569
       608        608.000   1422.3041      238.356106      167.401943       70.954163       -0.043316       25.079990       66.671539       41.572525        7.983135       26.138069
       609        609.000   1569.3215      239.368489      161.080098       78.288391       -0.044135       25.209686       73.568779       28.422329        7.987419       25.936020
       610        610.000   1510.0110      239.813423      164.483848       75.329575       -0.045529       25.447498       84.155449       21.069717        7.988722       25.867990
       611        611.000   1556.8503      241.038021      163.371784       77.666237       -0.047649       25.875185       84.545410       19.210955        7.989992       25.797892
       612        612.000   1847.1915      239.751185      147.600763       92.150421       -0.049662       26.531303       65.421272       22.103180        7.993156       25.601513
       613        613.000   2252.2390      238.100164      125.743230      112.356934       -0.048894       27.373798       35.913429       29.323782        7.997921       25.183193
       614        614.000   2424.3772      236.751881      115.807530      120.944351       -0.041128       28.292562       14.519409       40.564724        7.999668       24.472294
       615        615.000   2255.1663      236.976217      124.473249      112.502968       -0.023963       29.133459        9.336432       54.608761        7.987165       23.431395
       616        616.000   1952.4943      237.782173      140.378539       97.403633       -0.001676       29.762960       12.385825       68.214088        7.942299       22.075043
       617        617.000   1799.7950      238.535943      148.749978       89.785965        0.015531       30.107359       13.637282       76.646065        7.846205       20.497536
       618        618.000   1818.2339      238.085783      147.379957       90.705826        0.019201       30.152569       14.023692       76.649521        7.690327       18.844648
       619        619.000   1864.3314      238.377665      145.372187       93.005478        0.008733       29.924477       22.236057       68.471207        7.481571       17.250143
       620        620.000   1782.7740      238.060294      149.123450       88.936844       -0.009190       29.482174       41.902004       54.755890        7.230564       15.762009
       621        621.000   1705.3558      238.974945      153.900246       85.074699       -0.026423       28.913363       65.038803       38.653610        6.944297       14.376595
       622        622.000   1777.0315      239.394143      150.743775       88.650368       -0.038791       28.298462       80.113091       22.713387        6.616818       13.040809
       623        623.000   2026.2106      239.456532      138.375431      101.081100       -0.045934       27.694736       83.389473        9.401536        6.234273       11.701346
       624        624.000   2239.6252      236.585135      124.857458      111.727676       -0.049175       27.126896       80.384232        1.323529        5.772099       10.299878
       625        625.000   2415.8667      238.488632      117.968841      120.519791       -0.049901       26.608276       76.504623        0.903614        5.202481        8.799747
       626        626.000   2440.9075      239.249412      117.480407      121.769005       -0.049164       26.132483       70.836967        8.948291        4.474373        7.137457
       627        627.000   2394.1064      238.300132      118.865882      119.434250       -0.047703       25.716042       61.124634       23.157612        3.567791        5.347507
       628        628.000   2368.6575      237.943081      119.778408      118.164673       -0.046175       25.391901       50.154934       38.177971        2.531090        3.568687
       629        629.000   2366.7542      238.697952      120.628234      118.069717       -0.045163       25.204344       43.189575       48.775272        1.499452        2.004754
       630        630.000   2353.9766      237.712600      120.280303      117.432297       -0.045135       25.203579       41.479973       52.136040        0.658754        0.847093
       631        631.000   2470.0593      238.830835      115.607538      123.223297       -0.046303       25.431601       41.805229       48.074089        0.151870        0.191052
       632        632.000   2625.4641      237.153153      106.177216      130.975937       -0.048358       25.911270       42.171856       38.141869        0.000257        0.000322
       633        633.000   2832.6870      238.100633       96.787019      141.313614       -0.049890       26.630325       44.830460       25.041426        0.148241        0.186458
       634        634.000   2905.5383      238.195170       93.247233      144.947937       -0.047444       27.561306       52.557762       12.012538        0.510670        0.652402
       635        635.000   2800.3743      237.321356       97.619726      139.701630       -0.033986       28.647049       63.881256        2.806544        1.005495        1.313368
       636        636.000   2558.6711      235.478598      107.834753      127.643845        0.002280       29.819433       74.183899        0.166152        1.564558        2.098431
       637        637.000   2311.8184      236.369364      121.040201      115.329163        0.077316       31.007296       80.521103        4.341559        2.139261        2.953667
       638        638.000   2042.4286      236.594476      134.704309      101.890167        0.208698       32.156536       82.445007       13.327464        2.709069        3.857534
       639        639.000   1839.4513      236.392086      144.627796       91.764290        0.402427       33.192635       78.857094       24.123270        3.259535        4.792835
       640        640.000   1799.9888      236.042315      146.246683       89.795631        0.635454       34.037964       68.080612       33.952183        3.785722        5.754749
       641        641.000   1948.5582      236.209757      139.002482       97.207275        0.845576       34.617203       51.757660       40.743168        4.289115        6.749760
       642        642.000   2166.6777      235.924654      127.836092      108.088562        0.950704       34.868061       36.354519       43.094002        4.774650        7.794156
       643        643.000   2370.6338      237.201349      118.938089      118.263260        0.900196       34.756317       28.848801       40.293797        5.241894        8.897085
       644        644.000   2483.4766      238.375157      114.482518      123.892639        0.717626       34.292309       30.942905       32.773811        5.688875       10.066991
       645        645.000   2462.9539      236.317331      113.448511      122.868820        0.481720       33.528164       39.523609       22.520853        6.105075       11.289090
       646        646.000   2335.9390      233.175229      116.642774      116.532455        0.271185       32.556831       52.227222       12.590222        6.475285       12.522028
       647        647.000   2064.0066      230.813856      127.847235      102.966621        0.122985       31.491257       70.333595        5.367385        6.794208       13.737805
       648        648.000   1684.4181      231.818003      147.787821       84.030182        0.035799       30.453552       93.559341        1.741483        7.065433       14.932214
       649        649.000   1249.2941      231.880997      169.557748       62.323250       -0.009288       29.542780      115.060539        1.528506        7.299023       16.136189
       650        650.000    979.8821      231.039850      182.156694       48.883156       -0.030159       28.840317      124.330925        4.150282        7.498850       17.366480
       651        651.000    999.7079      230.868848      180.996648       49.872200       -0.039258       28.363916      117.572151        8.788889        7.667276       18.643673
       652        652.000   1164.2317      229.399681      171.319923       58.079758       -0.043296       28.066900      100.911339       14.572860        7.805986       20.006134
       653        653.000   1379.0405      229.362848      160.566965       68.795883       -0.045313       27.877312       83.095367       20.298286        7.909061       21.432251
       654        654.000   1601.2737      229.362461      149.480084       79.882378       -0.046741       27.710424       66.214203       24.758749        7.972664       22.870785
       655        655.000   1885.9713      228.052703      133.967681       94.085022       -0.048089       27.502750       47.256748       27.057648        7.998165       24.200459
       656        656.000   2267.8027      227.284539      114.151178      113.133362       -0.049235       27.232391       26.485332       27.196636        7.996973       25.289080
       657        657.000   2533.0779      224.765458       98.398377      126.367081       -0.049844       26.923441       11.439983       26.019325        7.984406       26.081066
       658        658.000   2568.3833      224.591808       96.463451      128.128357       -0.049854       26.641993       10.801851       24.509140        7.971413       26.588909
       659        659.000   2277.5889      222.771624      109.150065      113.621559       -0.049629       26.463123       24.670586       23.230497        7.962521       26.872967
       660        660.000   1886.5544      222.073863      127.959750       94.114113       -0.049596       26.448326       44.288624       22.328327        7.958685       26.985384
       661        661.000   1538.5597      221.870924      145.117147       76.753777       -0.049820       26.615997       61.940296       21.688898        7.959488       26.962288
       662        662.000   1226.6976      221.932090      160.736106       61.195984       -0.049853       26.935253       77.924683       21.144785        7.964367       26.816872
       663        663.000    875.2229      222.128481      178.466433       43.662048       -0.049014       27.331116       96.135796       20.531981        7.972717       26.543839
       664        664.000    537.5809      222.906507      196.088329       26.818178       -0.047129       27.703562      114.667397       19.651279        7.983320       26.129900
       665        665.000    392.9079      223.929020      204.328113       19.600906       -0.045050       27.963585      124.629883       18.219652        7.993662       25.566381
       666        666.000    555.6622      223.544845      195.824653       27.720192       -0.044069       28.061886      118.988144       15.959565        7.999723       24.859404
       667        667.000   1011.2693      223.800778      173.351818       50.448959       -0.044691       27.998106      100.455673       12.893192        7.996830       24.052708
       668        668.000   1525.6888      222.588391      146.476697       76.111694       -0.046210       27.822811       78.245033        9.307638        7.981007       23.166418
       669        669.000   1982.0898      221.293965      122.413907       98.880058       -0.047595       27.620275       58.901550        5.770257        7.948736       22.220682
       670        670.000   2430.9592      221.747478      100.474773      121.272705       -0.048373       27.471886       41.169601        2.790127        7.894869       21.196663
       671        671.000   2875.6392      222.196500       78.740141      143.456360       -0.048561       27.426527       22.745646        0.762527        7.809324       20.044678
       672        672.000   3180.9749      220.614458       61.925890      158.688568       -0.048246       27.488388        8.087463        0.011710        7.675150       18.711424
       673        673.000   3211.1091      219.171825       58.979946      160.191879       -0.047481       27.619194        6.065683        0.715875        7.467787       17.158888
       674        674.000   2929.1902      219.350119       73.222281      146.127838       -0.046457       27.760244       20.192780        2.785563        7.155745       15.374407
       675        675.000   2417.3159      218.728008       98.135914      120.592094       -0.045558       27.861210       44.433300        5.775031        6.710421       13.401510
       676        676.000   1898.5764      218.172044      123.458192       94.713852       -0.045104       27.900526       69.159431        8.939125        6.131675       11.372539
       677        677.000   1491.3438      218.772625      144.374302       74.398323       -0.045044       27.893764       89.953140       11.677891        5.455162        9.439388
       678        678.000   1149.0239      219.272353      161.951255       57.321098       -0.044980       27.885595      107.797630       13.888170        4.730217        7.694622
       679        679.000    886.7360      219.649952      175.413556       44.236397       -0.044347       27.934668      121.550728       15.797459        4.002208        6.172841
       680        680.000    829.8122      219.837563      178.440911       41.396652       -0.042425       28.092773      124.586365       17.649940        3.296376        4.857882
       681        681.000   1085.5172      219.378641      165.225691       54.152950       -0.038166       28.383217      110.978912       19.566854        2.621018        3.713856
       682        682.000   1614.3483      219.100959      138.566336       80.534622       -0.030230       28.787586       83.485840       21.627710        1.981623        2.713807
       683        683.000   2217.3882      219.684757      109.066425      110.618332       -0.017688       29.250040       52.604507       23.995268        1.388202        1.846096
       684        684.000   2654.9302      218.880759       86.434851      132.445908       -0.001431       29.693468       27.923262       26.833864        0.864171        1.121518
       685        685.000   2936.2898      219.629836       73.147811      146.482025        0.014820       30.041399       12.130655       29.946093        0.446289        0.568555
       686        686.000   3048.0039      219.171064       67.115980      152.055084        0.025958       30.243837        3.913068       32.569004        0.161220        0.202893
       687        687.000   3011.4087      218.830949       68.601488      150.229462        0.027585       30.269518        4.678368       33.580467        0.020235        0.025315
       688        688.000   2723.9617      216.007480       80.117816      135.889664        0.018581       30.107063       17.771799       32.197170        0.010310        0.012893
       689        689.000   2366.7954      218.479039      100.407254      118.071785        0.002193       29.770710       42.025719       28.370472        0.105589        0.132571
       690        690.000   1907.3958      218.042407      122.888583       95.153824       -0.016265       29.289145       70.405739       22.562302        0.285921        0.361742
       691        691.000   1592.0725      218.770217      139.346862       79.423355       -0.031789       28.715172       93.688683       15.749232        0.537750        0.687814
       692        692.000   1440.3718      219.071289      147.215790       71.855499       -0.042408       28.085972      108.147125        9.041511        0.863277        1.120313
       693        693.000   1393.6561      218.721546      149.196537       69.525009       -0.048113       27.431244      114.976646        3.879057        1.273441        1.684261
       694        694.000   1406.3809      218.234188      148.074383       70.159805       -0.049897       26.774044      115.365944        1.788178        1.781282        2.414832
       695        695.000   1498.0605      218.544257      143.810851       74.733406       -0.049021       26.133442      108.270340        3.712190        2.393830        3.350070
       696        696.000   1652.1725      218.730408      136.308853       82.421555       -0.046635       25.528791       93.882919        9.313794        3.105552        4.524431
       697        697.000   1781.5575      217.184991      128.308838       88.876152       -0.043723       24.993824       76.641914       16.886452        3.885217        5.945155
       698        698.000   1842.2749      214.911019      123.005868       91.905151       -0.041133       24.576971       62.086418       24.130779        4.676784        7.576049
       699        699.000   1895.8661      214.378313      119.799669       94.578644       -0.039460       24.322683       51.460388       29.263155        5.426916        9.365987
       700        700.000   1938.9189      212.144547      115.418137       96.726410       -0.039013       24.257980       42.486179       31.326155        6.103296       11.283539
       701        701.000   2066.5178      211.996135      108.904239      103.091896       -0.039855       24.388710       34.741997       29.875372        6.674953       13.263062
       702        702.000   2174.3979      211.714125      103.240431      108.473694       -0.041807       24.694870       31.225868       24.960413        7.134261       15.266826
       703        703.000   2180.2366      210.436611      101.671642      108.764969       -0.044430       25.132814       34.513729       17.375429        7.476654       17.217445
       704        704.000   2132.3086      209.779929      103.405936      106.373993       -0.047075       25.645599       42.052811        9.024838        7.709700       19.020063
       705        705.000   2093.0002      209.907227      105.494195      104.413033       -0.049084       26.185890       48.374397        2.513843        7.855011       20.614138
       706        706.000   2028.1173      209.148623      107.972399      101.176224       -0.049907       26.728737       51.354458        0.018075        7.938026       21.983009
       707        707.000   1917.4121      209.750719      114.097215       95.653503       -0.049026       27.272451       53.588776        2.168491        7.980228       23.136295
       708        708.000   1697.2015      209.545911      124.878003       84.667908       -0.045584       27.843657       56.888229        8.083383        7.997400       24.110918
       709        709.000   1479.6310      209.350597      135.536587       73.814011       -0.037826       28.469122       58.012569       16.166716        7.999487       24.926519
       710        710.000   1362.6237      208.280056      140.303158       67.976898       -0.022686       29.161385       52.728249       24.844467        7.993202       25.598541
       711        711.000   1346.2529      206.662440      139.502230       67.160210        0.003325       29.890083       42.786079       32.707832        7.983282       26.131628
       712        712.000   1339.5236      206.018926      139.194417       66.824509        0.040513       30.577358       35.628414       38.449932        7.973257       26.524942
       713        713.000   1253.9060      205.850079      143.296757       62.553322        0.080699       31.117239       36.543415       40.817482        7.965807       26.772116
       714        714.000   1154.8329      205.838432      148.227550       57.610882        0.106020       31.400702       43.059700       38.841122        7.963051       26.856956
       715        715.000   1150.6278      204.673352      147.272244       57.401108        0.100916       31.358896       48.434460       32.645676        7.965992       26.766304
       716        716.000   1279.1523      203.541031      139.728249       63.812782        0.067696       30.991358       50.277477       23.912352        7.973803       26.505564
       717        717.000   1419.9587      203.636882      132.799723       70.837158        0.024820       30.369928       53.349232       14.973449        7.984026       26.098269
       718        718.000   1412.7683      203.732050      133.253596       70.478455       -0.010220       29.618462       62.389805        7.689060        7.993567       25.572924
       719        719.000   1307.7736      203.959334      138.718733       65.240601       -0.031392       28.884401       73.747307        3.160219        7.999348       24.958851
       720        720.000   1268.2539      203.275797      140.006700       63.269096       -0.041780       28.278881       77.605042        1.892558        7.998688       24.273312
       721        721.000   1425.7388      203.716631      132.591119       71.125511       -0.046227       27.849115       69.064880        4.214135        7.988955       23.520262
       722        722.000   1596.1334      201.955508      122.329562       79.625946       -0.048073       27.569550       53.691288       10.481479        7.966076       22.669243
       723        723.000   1667.2278      201.577842      118.405227       83.172615       -0.048913       27.381577       40.891247       20.572803        7.923103       21.685410
       724        724.000   1608.8132      202.342193      122.083694       80.258499       -0.049428       27.212080       33.141510       33.433483        7.846369       20.499680
       725        725.000   1497.7986      201.187780      126.467443       74.720337       -0.049786       27.011417       26.169592       46.559860        7.714243       19.062117
       726        726.000   1535.6031      202.097184      125.490899       76.606285       -0.049907       26.777367       17.397219       56.437115        7.506996       17.422110
       727        727.000   1614.7391      201.451730      120.897607       80.554123       -0.049764       26.547749       10.671736       60.841415        7.213694       15.672777
       728        728.000   1695.8256      203.201844      118.602578       84.599266       -0.049567       26.397816       12.079993       59.357220        6.849546       13.967569
       729        729.000   1663.7479      203.363497      120.364482       82.999016       -0.049629       26.407568       22.129223       53.077553        6.431688       12.368078
       730        730.000   1621.3193      202.586648      121.704263       80.882385       -0.049899       26.645687       34.547527       43.672916        5.980520       10.907511
       731        731.000   1716.0787      203.549556      117.939921       85.609634       -0.049205       27.148670       42.966114       32.801620        5.504335        9.568386
       732        732.000   1829.3551      201.646118      110.385498       91.260620       -0.043875       27.925863       47.143700       22.052301        4.998462        8.309047
       733        733.000   1923.7896      200.689715      104.718066       95.971649       -0.025522       28.935318       50.498074       13.697652        4.474602        7.137943
       734        734.000   1902.2021      199.259005      104.364275       94.894730        0.022883       30.129105       54.195225       10.021782        3.941368        6.053913
       735        735.000   1808.1694      198.685485      108.481750       90.203735        0.131704       31.444349       55.775116       12.638806        3.417569        5.074205
       736        736.000   1674.6982      198.556174      115.010886       83.545288        0.350190       32.825718       53.457958       21.254555        2.917886        4.204579
       737        737.000   1514.5094      198.524722      122.970736       75.553986        0.740514       34.200504       48.477070       33.659367        2.451611        3.441670
       738        738.000   1362.3657      198.702794      130.738767       67.964027        1.332445       35.456551       42.353951       46.802849        2.020458        2.772514
       739        739.000   1288.8357      198.912864      134.617012       64.295853        2.027267       36.445843       34.447285       57.899250        1.619457        2.177911
       740        740.000   1390.4004      200.602441      131.239854       69.362587        2.544819       37.018120       24.045065       64.748962        1.242269        1.640618
       741        741.000   1593.3378      200.297652      120.811171       79.486481        2.594203       37.080997       13.335118       65.770920        0.882999        1.146933
       742        742.000   1897.9139      201.188666      106.507865       94.680801        2.148164       36.628113        6.364515       60.100506        0.555499        0.711068
       743        743.000   2208.1721      200.496427       90.337843      110.158585        1.464924       35.734360        4.034040       48.470928        0.279750        0.353841
       744        744.000   2568.8308      201.520472       73.369791      128.150681        0.833295       34.515846        3.856698       33.966347        0.087645        0.109959
       745        745.000   2850.3953      201.889532       59.692511      142.197021        0.386307       33.072754        5.452507       20.774775        0.002741        0.003427
       746        746.000   2915.3416      202.873427       57.436446      145.436981        0.131944       31.530405       13.467129       12.221431        0.037983        0.047555
       747        747.000   2626.5698      201.303881       70.272783      131.031097        0.013073       30.032440       30.533176        9.249836        0.196542        0.247716
       748        748.000   2216.8821      200.646074       90.052980      110.593094       -0.032419       28.732676       49.050121       11.211675        0.479361        0.611567
       749        749.000   1951.2899      201.249198      103.905638       97.343559       -0.046676       27.710035       57.035633       17.135788        0.900399        1.170458
       750        750.000   1885.3025      202.487369      108.435710       94.051659       -0.049799       26.966488       51.595341       26.416061        1.500855        2.006764
       751        751.000   1820.0430      203.086173      112.290099       90.796074       -0.049575       26.449274       41.929077       38.321487        2.353436        3.286399
       752        752.000   1621.4584      204.242112      123.352784       80.889328       -0.048534       26.079292       37.819798       50.713184        3.523227        5.265816
       753        753.000   1360.8226      204.520926      136.633879       67.887047       -0.047252       25.771030       38.316452       59.411076        4.961103        8.221470
       754        754.000   1313.2371      204.658022      139.144861       65.513161       -0.045711       25.463587       35.423283       59.823059        6.360053       12.120591
       755        755.000   1551.4182      203.781065      126.385816       77.395248       -0.043854       25.133888       26.381035       51.082726        7.357748       16.474274
       756        756.000   1890.0769      202.403164      108.113323       94.289841       -0.041870       24.807661       17.871618       36.980713        7.856808       20.638393
       757        757.000   2106.9043      201.823364       96.716705      105.106659       -0.040222       24.547037       17.370920       22.570232        7.998665       24.270073
       758        758.000   2198.5010      203.464356       93.788231      109.676125       -0.039443       24.422182       22.915678       11.199866        7.945244       27.344704
       759        759.000   2264.0989      204.733360       91.784782      112.948578       -0.039890       24.482416       25.206079        4.367610        7.795759       29.972807
       760        760.000   2356.8408      204.512246       86.937066      117.575180       -0.041590       24.736986       19.597084        2.791066        7.601479       32.252041
       761        761.000   2388.1687      205.367645       86.229614      119.138031       -0.044122       25.143560       12.619195        6.859343        7.387962       34.263676
       762        762.000   2141.6323      206.549755       99.710628      106.839127       -0.046702       25.618450       14.226338       16.659288        7.165440       36.087814
       763        763.000   1600.1403      207.754030      127.928194       79.825836       -0.048544       26.053324       26.038471       31.182634        6.940685       37.761623
       764        764.000    991.1115      209.373924      159.930572       49.443352       -0.049410       26.349749       40.297775       47.331093        6.722481       39.278885
       765        765.000    510.1914      209.403490      183.951687       25.451803       -0.049620       26.449968       49.830452       60.588524        6.521229       40.611134
       766        766.000    273.8762      209.351294      195.688493       13.662801       -0.049418       26.342949       54.397427       66.947937        6.351257       41.698341
       767        767.000    224.8134      209.071893      197.856678       11.215215       -0.048641       26.062874       57.856068       65.239479        6.218475       42.528423
       768        768.000    326.7622      209.023360      192.722247       16.301113       -0.047094       25.677387       61.263802       56.606831        6.126553       43.094769
       769        769.000    604.4810      209.529205      179.373599       30.155605       -0.044917       25.257010       61.375290       43.300499        6.074806       43.410912
       770        770.000   1055.3995      209.770714      157.120235       52.650478       -0.042469       24.852377       54.919495       27.844202        6.062836       43.483795
       771        771.000   1589.3566      209.233961      129.946089       79.287872       -0.040095       24.493401       42.749516       13.349362        6.092815       43.301090
       772        772.000   2077.7854      209.115582      105.461575      103.654007       -0.037959       24.185549       29.002838        3.306199        6.168625       42.836323
       773        773.000   2401.2532      209.945133       90.154353      119.790779       -0.036068       23.919207       17.033316        0.896830        6.296108       42.044960
       774        774.000   2417.8816      207.447444       86.827136      120.620308       -0.034409       23.687294        7.985239        7.843260        6.482193       40.863560
       775        775.000   2252.0610      207.234676       94.886623      112.348053       -0.033076       23.500891        2.597722       22.850662        6.727844       39.242580
       776        776.000   1934.0669      207.924512      111.440160       96.484352       -0.032222       23.382196        1.686315       42.265156        7.030571       37.108143
       777        777.000   1526.3978      207.758140      131.611075       76.147064       -0.032059       23.363453        4.985137       61.507984        7.370346       34.416214
       778        778.000   1169.7189      207.472237      149.118740       58.353497       -0.032783       23.473772       10.570348       76.190704        7.696169       31.220530
       779        779.000    947.2322      206.470144      159.215788       47.254356       -0.034495       23.726702       16.874609       83.025475        7.930527       27.692970
       780        780.000    926.4346      206.586573      160.369738       46.216835       -0.037136       24.113352       23.984158       80.153564        7.997820       24.157980
       781        781.000   1064.0179      206.423026      153.342605       53.080421       -0.040507       24.614584       32.161743       67.814209        7.876524       20.916052
       782        782.000   1330.6454      206.067123      139.685516       66.381607       -0.044176       25.198973       39.538166       49.158108        7.615519       18.218927
       783        783.000   1643.8062      204.792949      122.788768       82.004181       -0.047541       25.845594       43.832630       29.746178        7.295494       16.116413
       784        784.000   1981.7946      207.917261      109.051927       98.865334       -0.049706       26.554188       45.975140       15.087156        6.974348       14.510801
       785        785.000   2067.8140      207.305811      104.149249      103.156563       -0.048860       27.370306       49.165825        7.789331        6.661506       13.211141
       786        786.000   2038.5574      208.886050      107.188998      101.697052       -0.040478       28.320082       52.533867        7.928075        6.352516       12.094936
       787        787.000   1989.6302      209.023680      109.767455       99.256226       -0.013654       29.443783       49.596310       13.693813        6.020081       11.027122
       788        788.000   2046.0558      207.611381      105.540260      102.071121        0.054196       30.723783       36.100910       23.096405        5.637950        9.927015
       789        789.000   2162.5955      205.793799       97.908896      107.884903        0.198160       32.074146       17.381609       34.328468        5.180554        8.745958
       790        790.000   2165.7861      203.875778       95.831695      108.044083        0.447224       33.353123        4.379621       45.559113        4.626676        7.465939
       791        791.000   2060.3789      205.159585      102.373925      102.785660        0.781521       34.409046        2.724840       54.369164        3.973256        6.116099
       792        792.000   1894.2909      205.148492      110.648431       94.500061        1.123349       35.162338        8.319719       58.043510        3.240376        4.759137
       793        793.000   1870.4904      205.062012      111.749283       93.312729        1.367563       35.582893       14.048709       54.733086        2.499297        3.517735
       794        794.000   1996.3044      205.186732      105.597544       99.589188        1.435064       35.669735       18.903276       45.285038        1.824961        2.479470
       795        795.000   2069.8586      204.233660      100.975084      103.258575        1.295970       35.412308       28.481857       32.855667        1.261606        1.667676
       796        796.000   1968.3053      203.052284      104.859886       98.192398        1.002954       34.824379       46.158989       20.996626        0.817809        1.059129
       797        797.000   1800.9923      203.600450      113.754755       89.845695        0.673355       33.985699       65.949860       12.058106        0.477974        0.609761
       798        798.000   1721.2892      204.128605      118.259045       85.869560        0.400925       33.016613       77.202873        7.131824        0.224069        0.282741
       799        799.000   1793.9945      203.807120      114.310523       89.496597        0.215331       32.038151       75.204956        6.725360        0.056249        0.070476
       800        800.000   1916.3301      202.881374      107.281849       95.599525        0.102412       31.134733       65.189125       10.853349        0.000991        0.001239
       801        801.000   2006.7513      204.364167      104.253823      100.110344        0.037502       30.347939       54.885601       18.714890        0.118734        0.149158
       802        802.000   1999.8292      204.903602      105.138580       99.765022        0.000571       29.679501       45.975071       28.342468        0.501083        0.639886
       803        803.000   2016.7998      204.606954      103.995321      100.611633       -0.020255       29.128162       35.665485       36.421299        1.207932        1.592697
       804        804.000   2137.6970      204.580230       97.937423      106.642807       -0.031960       28.688019       24.093622       40.005924        2.174286        3.007531
       805        805.000   2250.2041      203.334575       91.079151      112.255424       -0.038346       28.362429       16.413685       38.381748        3.225901        4.733734
       806        806.000   2283.2275      202.627947       88.725092      113.902855       -0.041311       28.176353       16.862999       32.971962        4.195860        6.559228
       807        807.000   2223.6243      201.728544       90.799100      110.929443       -0.041715       28.161957       23.433550       25.862045        5.021015        8.362248
       808        808.000   2133.2495      199.984013       93.563084      106.420929       -0.039464       28.340496       30.663069       18.774693        5.707006       10.117284
       809        809.000   2076.9045      199.559101       95.949039      103.610062       -0.033460       28.701260       36.264397       12.881572        6.280849       11.854423
       810        810.000   1966.3586      199.561606      101.466322       98.095284       -0.021870       29.196556       42.942478        8.941194        6.769743       13.638222
       811        811.000   1764.9116      201.140899      113.095153       88.045746       -0.003643       29.741926       53.130939        7.531968        7.182632       15.511330
       812        812.000   1455.8472      201.057179      128.429661       72.627518        0.019179       30.239431       64.324539        8.834560        7.517479       17.494473
       813        813.000   1216.3322      201.739893      141.061007       60.678886        0.039609       30.591938       70.905815       12.233800        7.761934       19.527910
       814        814.000   1095.0582      201.767799      147.138877       54.628922        0.049596       30.745461       70.485634       16.386318        7.916069       21.555799
       815        815.000   1060.1216      200.337946      147.451903       52.886044        0.045431       30.690058       65.429039       19.797543        7.988585       23.501247
       816        816.000   1123.4303      200.325351      144.281039       56.044312        0.030580       30.462555       59.054733       21.443331        7.996935       25.292906
       817        817.000   1232.3827      199.552717      138.073126       61.479591        0.011585       30.119522       52.031101       21.012857        7.960331       26.937729
       818        818.000   1436.2775      200.305714      128.654469       71.651245       -0.006322       29.716696       43.984749       18.630718        7.893814       28.434814
       819        819.000   1633.2179      199.547711      118.071743       81.475967       -0.021325       29.276329       36.503036       14.678990        7.806152       29.828560
       820        820.000   1739.6771      197.768615      110.981734       86.786880       -0.033096       28.800585       33.495506        9.876912        7.703226       31.138601
       821        821.000   1724.4318      196.621019      110.594682       86.026337       -0.041797       28.275005       37.182663        5.204834        7.588455       32.385521
       822        822.000   1635.4283      197.719364      116.133121       81.586243       -0.047390       27.685467       45.749607        1.696049        7.463951       33.585438
       823        823.000   1467.5413      197.881816      124.670917       73.210899       -0.049786       27.031988       55.526402        0.084871        7.331635       34.745808
       824        824.000   1261.4138      196.884122      133.956258       62.927864       -0.049303       26.351759       64.118835        0.503942        7.198013       35.833012
       825        825.000   1072.9409      196.354249      142.828690       53.525558       -0.046968       25.703608       70.914764        2.384861        7.071968       36.800457
       826        826.000    935.5134      196.037800      149.368054       46.669746       -0.044009       25.142103       74.779991        4.912850        6.960911       37.616207
       827        827.000    927.4671      196.572640      150.304299       46.268341       -0.041363       24.709160       73.123260        7.386758        6.871071       38.255413
       828        828.000   1056.6582      196.407785      143.694513       52.713272       -0.039473       24.417461       64.476494        9.327282        6.806274       38.706474
       829        829.000   1291.7882      195.934852      131.491706       64.443146       -0.038410       24.256752       51.190510       10.359813        6.770458       38.952583
       830        830.000   1555.3744      195.923243      118.330630       77.592613       -0.037975       24.191093       38.192070       10.237906        6.766262       38.981274
       831        831.000   1780.7411      196.611415      107.775989       88.835426       -0.037852       24.172350       29.139175        8.920948        6.794628       38.786739
       832        832.000   1913.1661      196.148930      100.707241       95.441689       -0.037746       24.156698       24.659113        6.697021        6.853477       38.378677
       833        833.000   1950.3397      194.731238       97.435088       97.296150       -0.037494       24.119633       24.430120        4.193230        6.936256       37.793343
       834        834.000   1905.6691      195.021733       99.954053       95.067680       -0.037114       24.063902       29.733843        2.078085        7.034233       37.081104
       835        835.000   1686.3726      194.875773      110.748087       84.127686       -0.036784       24.015423       42.626854        0.724592        7.140957       36.277046
       836        836.000   1352.3232      196.251060      128.788017       67.463043       -0.036764       24.012388       61.979759        0.177433        7.251881       35.403320
       837        837.000    964.1246      196.750973      148.653904       48.097069       -0.037280       24.088303       82.538971        0.250198        7.366776       34.446938
       838        838.000    662.1310      196.895751      163.864173       33.031578       -0.038421       24.257355       98.068237        0.701559        7.485077       33.390366
       839        839.000    496.8418      196.520737      171.734904       24.785833       -0.040078       24.506647      106.146271        1.314828        7.606434       32.200802
       840        840.000    473.6026      196.760366      173.133860       23.626507       -0.041944       24.796085      107.874046        1.926296        7.727345       30.852032
       841        841.000    560.9224      196.588466      168.605861       27.982605       -0.043667       25.076269      103.967033        2.456681        7.841650       29.307894
       842        842.000    819.0580      197.291718      156.431557       40.860161       -0.044934       25.294388       92.730042        2.922410        7.934839       27.594812
       843        843.000   1248.1240      197.764452      135.499571       62.264881       -0.045661       25.424381       72.895203        3.499658        7.991072       25.734919
       844        844.000   1732.4559      196.213915      109.787279       86.426636       -0.045918       25.467773       48.107311        4.468613        7.993637       23.795862
       845        845.000   2164.5447      195.353341       87.371194      107.982147       -0.045904       25.457600       26.116844        6.058394        7.931694       21.852566
       846        846.000   2451.2126      196.230295       73.947207      122.283089       -0.045897       25.448149       12.470468        8.363451        7.797812       19.913225
       847        847.000   2582.2024      198.536295       69.718546      128.817749       -0.046187       25.496645        7.402306       11.337731        7.580282       17.947769
       848        848.000   2508.4612      197.132110       71.993079      125.139030       -0.046949       25.645823        8.402042       14.822639        7.258303       15.911221
       849        849.000   2396.2693      199.233973       79.691829      119.542145       -0.048097       25.908140       14.732342       18.487928        6.809762       13.801753
       850        850.000   2120.9321      200.034178       94.227721      105.806458       -0.049278       26.272585       28.210541       22.009747        6.198549       11.585577
       851        851.000   1739.9130      201.601198      114.802553       86.798645       -0.049900       26.701845       48.498920       24.915743        5.411028        9.324917
       852        852.000   1353.8563      203.141767      135.602247       67.539520       -0.049370       27.157862       70.096062       26.805908        4.467961        7.123825
       853        853.000   1055.2202      201.846244      149.204711       52.641533       -0.047223       27.613577       85.524902       27.538052        3.447396        5.128007
       854        854.000    984.8040      201.726226      152.597534       49.128693       -0.043171       28.052347       91.280663       27.334955        2.482248        3.490491
       855        855.000   1073.3380      202.202880      148.657508       53.545372       -0.036609       28.493359       89.755722       26.579929        1.647062        2.218045
       856        856.000   1228.7496      201.605557      140.307202       61.298355       -0.026224       28.963379       83.610535       25.497953        0.981264        1.280295
       857        857.000   1503.6835      201.780019      126.766103       75.013916       -0.009886       29.479698       72.030045       24.132193        0.498082        0.635971
       858        858.000   1890.7842      200.594077      106.268958       94.325119        0.015538       30.049553       53.306667       22.483931        0.182892        0.230378
       859        859.000   2354.8997      199.665621       82.187273      117.478348        0.052234       30.642092       30.736891       20.701275        0.024333        0.030448
       860        860.000   2761.2173      200.368269       62.620054      137.748215        0.098705       31.200151       12.272557       19.020107        0.012678        0.015855
       861        861.000   2929.5032      200.248306       54.104843      146.143463        0.146887       31.654329        4.368414       17.608292        0.144808        0.182113
       862        862.000   2889.7271      200.517893       56.358729      144.159164        0.182881       31.941395        6.916173       16.376562        0.414452        0.527267
       863        863.000   2708.6584      199.407684       64.281463      135.126221        0.194304       32.026180       15.261163       14.960691        0.801662        1.037462
       864        864.000   2517.6775      200.022797       74.423996      125.598801        0.176861       31.898380       26.346762       13.058784        1.267407        1.675802
       865        865.000   2281.5002      201.179841       87.363161      113.816681        0.136679       31.570333       40.747631       10.732409        1.773202        2.402907
       866        866.000   1943.6454      200.597190      103.634993       96.962196        0.087143       31.080862       58.561382        8.428518        2.290034        3.187054
       867        867.000   1602.8506      199.579637      119.618593       79.961044        0.041878       30.498997       75.533791        6.734471        2.800718        4.008738
       868        868.000   1372.0631      198.275123      129.827324       68.447800        0.007645       29.896898       85.592079        6.149289        3.306173        4.875238
       869        869.000   1325.7258      198.495539      132.359354       66.136185       -0.015375       29.326807       86.340591        7.075930        3.817037        5.814363
       870        870.000   1355.1459      198.124776      130.520925       67.603851       -0.030091       28.804413       80.627495        9.882580        4.353483        6.883046
       871        871.000   1369.5825      196.939041      128.614990       68.324051       -0.039164       28.333494       72.541283       14.732821        4.920202        8.126354
       872        872.000   1399.7628      197.286536      127.456886       69.829651       -0.044579       27.909801       63.297054       21.226112        5.503174        9.565323
       873        873.000   1437.4614      196.862470      125.152158       71.710312       -0.047668       27.525208       52.040298       28.351101        6.078083       11.205135
       874        874.000   1501.7537      195.985923      121.068274       74.917648       -0.049201       27.190588       39.821800       34.529541        6.599579       12.975967
       875        875.000   1587.4276      196.248849      117.057206       79.191643       -0.049777       26.931589       29.979250       38.394501        7.031078       14.770565
       876        876.000   1597.8218      194.538514      114.828340       79.710175       -0.049899       26.783186       24.914053       39.321609        7.361706       16.497684
       877        877.000   1644.9862      195.703712      113.640663       82.063049       -0.049900       26.783920       23.887733       37.361950        7.595295       18.061665
       878        878.000   1748.0392      198.889384      111.685351       87.204033       -0.049762       26.956427       24.592041       32.976757        7.754793       19.455095
       879        879.000   1754.0294      196.742357      109.239489       87.502869       -0.048891       27.303324       26.593248       26.844788        7.860348       20.686672
       880        880.000   1730.7272      195.025334      108.684940       86.340393       -0.046081       27.785534       31.132404       20.159164        7.925371       21.728548
       881        881.000   1663.8196      194.469308      111.466722       83.002586       -0.039734       28.351805       38.404903       14.184395        7.963701       22.601652
       882        882.000   1540.3867      193.543645      116.698720       76.844925       -0.028442       28.945293       46.203629       10.260133        7.985023       23.333084
       883        883.000   1394.3828      192.169363      122.608107       69.561256       -0.011861       29.512049       51.806618        9.361622        7.995617       23.944063
       884        884.000   1238.8121      190.633033      128.832694       61.800339        0.009084       30.018808       54.844234       11.507763        7.999603       24.453201
       885        885.000   1126.9375      192.248109      136.028833       56.219276        0.032981       30.457809       56.890450       15.776831        7.999685       24.871077
       886        886.000    952.6862      191.365502      143.839066       47.526436        0.059702       30.850153       58.728046       20.995655        7.997717       25.207792
       887        887.000    841.2302      191.510916      149.544653       41.966263        0.088100       31.196316       59.053913       25.769747        7.995302       25.441275
       888        888.000    802.6922      191.152561      151.108837       40.043724        0.116344       31.492241       56.855724       29.099030        7.993868       25.551630
       889        889.000    826.5066      190.500161      149.268414       41.231747        0.138257       31.698946       53.730282       30.193144        7.994385       25.513401
       890        890.000    865.0639      189.465340      146.310093       43.155247        0.143931       31.754862       52.532539       28.577126        7.996815       25.304821
       891        891.000    939.3376      189.623808      142.763285       46.860523        0.125557       31.599117       53.858753       24.265661        7.999533       24.914663
       892        892.000   1069.1558      190.010561      136.673830       53.336731        0.085316       31.196999       55.130322       17.921728        7.999090       24.340376
       893        893.000   1243.2068      188.851040      126.831463       62.019577        0.036650       30.559977       53.683853       10.960597        7.990444       23.599941
       894        894.000   1456.0389      188.336472      115.699387       72.637085       -0.004588       29.757324       50.147964        5.094626        7.968330       22.735729
       895        895.000   1617.7844      188.153400      107.447353       80.706047       -0.031216       28.880548       47.448666        1.444193        7.927891       21.777271
       896        896.000   1694.0221      188.055432      103.546139       84.509293       -0.044416       28.032877       46.475761        0.472408        7.864559       20.744949
       897        897.000   1741.6875      187.918709      101.031540       86.887169       -0.049145       27.299118       44.218182        2.149590        7.772797       19.640999
       898        898.000   1831.1309      187.868821       96.519609       91.349213       -0.049889       26.723991       37.541584        6.214794        7.643644       18.445484
       899        899.000   1956.0261      188.537594       90.957760       97.579834       -0.049278       26.308533       27.865763       12.254690        7.461344       17.116709
       900        900.000   2020.3094      189.564398       88.777678      100.786720       -0.048440       26.021381       20.449812       19.557039        7.199472       15.598413
       901        901.000   1963.7771      190.272340       92.305833       97.966507       -0.047705       25.819393       19.049978       26.807793        6.822382       13.853992
       902        902.000   1836.9192      190.023858       98.385888       91.637970       -0.047103       25.666876       22.472561       32.076969        6.299652       11.916933
       903        903.000   1788.3040      191.105807      101.893092       89.212715       -0.046641       25.550293       27.292435       33.536743        5.636688        9.923574
       904        904.000   1781.2797      190.784985      101.922688       88.862297       -0.046414       25.481527       32.981953       30.585625        4.881930        8.038068
       905        905.000   1774.3131      190.946235      102.431479       88.514755       -0.046608       25.495880       42.227299       24.224712        4.121262        6.408934
       906        906.000   1679.8618      190.502480      106.699593       83.802887       -0.047386       25.637993       56.287975       16.339247        3.413993        5.067771
       907        907.000   1599.3328      192.367550      112.581997       79.785553       -0.048674       25.946989       71.075806        8.838889        2.785490        3.983497
       908        908.000   1545.4187      192.142974      115.047026       77.095947       -0.049822       26.449003       80.225479        3.114302        2.223888        3.084176
       909        909.000   1576.5161      190.927218      112.279917       78.647301       -0.049026       27.130756       80.717377        0.424885        1.724574        2.331352
       910        910.000   1648.2418      190.275751      108.050287       82.225464       -0.042949       27.948025       75.437645        1.735231        1.279531        1.692804
       911        911.000   1667.4369      190.493702      107.310658       83.183044       -0.026798       28.838932       68.752296        7.711531        0.885026        1.149671
       912        912.000   1626.0975      192.021151      110.900393       81.120758        0.004450       29.735102       61.616024       18.297392        0.547215        0.700210
       913        913.000   1536.4043      192.140969      115.494713       76.646255        0.053716       30.576405       52.041164       32.192383        0.278634        0.352412
       914        914.000   1476.0762      191.384558      117.747885       73.636673        0.116711       31.292776       39.505653       46.615364        0.096397        0.120984
       915        915.000   1480.1459      190.986958      117.147260       73.839699        0.178033       31.813688       26.588221       58.547852        0.008650        0.010816
       916        916.000   1542.8732      191.543916      114.574953       76.968964        0.213710       32.073677       16.307875       65.946198        0.014881        0.018613
       917        917.000   1633.1433      191.403631      109.931380       81.472252        0.205106       32.028511        9.481347       67.964127        0.111837        0.140452
       918        918.000   1790.0356      191.682345      102.383242       89.299103        0.155490       31.677540        5.179612       64.701569        0.295289        0.373744
       919        919.000   1980.7909      191.172720       92.357458       98.815262        0.088048       31.066248        2.811833       57.107597        0.562923        0.720808
       920        920.000   2130.2595      188.751457       82.479682      106.271774        0.027339       30.271070        3.042991       47.040138        0.911991        1.186152
       921        921.000   2279.8879      189.801290       76.065038      113.736252       -0.014526       29.378126        6.405707       37.186352        1.336466        1.772912
       922        922.000   2322.3052      191.290275       75.437965      115.852310       -0.038005       28.444613       12.435971       30.251524        1.840831        2.503031
       923        923.000   2175.3186      190.476410       81.956787      108.519623       -0.047914       27.532644       20.268639       28.375898        2.426204        3.401317
       924        924.000   1932.3455      191.737422       95.338939       96.398483       -0.049891       26.709869       29.164694       31.935425        3.086772        4.492069
       925        925.000   1602.7852      193.086963      113.129184       79.957779       -0.048371       26.019947       37.859447       39.627571        3.830503        5.840087
       926        926.000   1269.8608      193.833847      130.484589       63.349258       -0.046013       25.501621       43.595806       49.240417        4.658032        7.534724
       927        927.000   1033.0675      193.942890      142.406483       51.536407       -0.044145       25.173477       43.890011       58.150295        5.549252        9.687593
       928        928.000    944.0192      193.742671      146.648597       47.094074       -0.043214       25.025873       39.222851       63.601196        6.441032       12.400858
       929        929.000   1016.3786      194.400694      143.696844       50.703850       -0.043150       25.021690       32.756451       63.055832        7.216815       15.689206
       930        930.000   1216.1763      194.742202      134.071094       60.671108       -0.043639       25.106071       26.816231       55.033134        7.750219       19.409077
       931        931.000   1559.3601      195.345656      117.554213       77.791443       -0.044314       25.220970       20.687515       40.538933        7.981098       23.170012
       932        932.000   1973.2544      194.624583       96.185290       98.439293       -0.044928       25.325596       12.852492       23.506758        7.971861       26.573511
       933        933.000   2319.6643      193.002023       77.281457      115.720566       -0.045433       25.411243        5.492005        9.218132        7.837732       29.367777
       934        934.000   2476.2778      193.190465       69.656957      123.533508       -0.045975       25.505524        3.726259        1.283054        7.669954       31.518141
       935        935.000   2374.5061      194.429003       75.972551      118.456451       -0.046785       25.658859        9.172906        0.560290        7.514565       33.112717
       936        936.000   2054.3601      192.935554       90.450157      102.485397       -0.047970       25.919807       16.783510        6.158297        7.389927       34.246586
       937        937.000   1772.9180      193.626522      105.181362       88.445160       -0.049259       26.305731       20.339336       16.293463        7.302448       34.989643
       938        938.000   1485.1757      193.444110      119.353489       74.090622       -0.049908       26.797636       20.698126       29.241024        7.250267       35.416344
       939        939.000   1126.1327      193.907386      137.728263       56.179123       -0.048970       27.322849       24.694237       42.962978        7.231712       35.565456
       940        940.000    675.9736      195.123337      161.401191       33.722145       -0.046320       27.781797       36.001652       54.959023        7.244827       35.460213
       941        941.000    277.2886      195.988343      182.155309       13.833035       -0.043466       28.077261       49.446960       62.271667        7.287174       35.115711
       942        942.000    160.4422      196.192318      188.188372        8.003946       -0.042667       28.142443       55.642044       62.530106        7.353184       34.563263
       943        943.000    378.7613      195.296305      176.401125       18.895180       -0.044571       27.967119       51.363907       55.825722        7.434250       33.854698
       944        944.000    763.5753      194.175684      156.083376       38.092308       -0.047512       27.601004       43.174511       44.789757        7.521774       33.043842
       945        945.000   1110.4584      194.455139      139.057953       55.397186       -0.049477       27.138397       39.608089       32.603088        7.611687       32.146168
       946        946.000   1346.8706      195.201380      128.010348       67.191032       -0.049890       26.690639       40.966125       21.568199        7.703840       31.131433
       947        947.000   1555.7909      193.926764      116.313376       77.613388       -0.049448       26.358591       39.023384       13.239920        7.797924       29.943005
       948        948.000   1875.3180      192.691166       99.137600       93.553566       -0.049042       26.200836       27.779835        8.806953        7.889736       28.509281
       949        949.000   2201.7566      191.763129       81.924598      109.838531       -0.049062       26.215090       11.865285        9.215512        7.967764       26.710009
       950        950.000   2353.4514      192.839239       75.433149      117.406090       -0.049396       26.355291        1.612361       15.114136        7.999395       24.401361
       951        951.000   2209.2666      193.395817       83.182636      110.213181       -0.049742       26.555037        1.481495       25.847122        7.909468       21.439257
       952        952.000   1932.6676      193.540357       97.125814       96.414543       -0.049901       26.755249        6.940516       38.069527        7.566349       17.844074
       953        953.000   1736.8019      193.314831      106.671391       86.643440       -0.049858       26.933973       12.563442       46.445541        6.842083       13.936209
       954        954.000   1665.4978      192.454152      109.367840       83.086311       -0.049598       27.116686       19.183512       47.077160        5.763764       10.276317
       955        955.000   1625.2771      191.287677      110.207843       81.079834       -0.048838       27.365538       30.847525       40.175747        4.555842        7.312029
       956        956.000   1607.5282      192.750175      112.555778       80.194397       -0.046535       27.758347       47.212681       29.055801        3.447425        5.128059
       957        957.000   1584.3422      192.679991      113.642271       79.037720       -0.039572       28.373573       61.955460       17.288404        2.517508        3.546897
       958        958.000   1684.8708      193.251987      109.199215       84.052773       -0.019966       29.251219       67.966553        7.826129        1.772867        2.402412
       959        959.000   1820.7417      190.968015      100.137082       90.830933        0.031346       30.397165       64.426949        2.555128        1.176929        1.549565
       960        960.000   1953.5133      189.929836       92.475361       97.454475        0.150939       31.737692       56.101288        2.856126        0.711821        0.917495
       961        961.000   1982.7234      189.667876       90.756201       98.911674        0.397282       33.171078       47.110920        9.255051        0.362164        0.459707
       962        962.000   1896.7314      189.018283       94.396472       94.621811        0.829124       34.559872       37.763584       20.955082        0.127978        0.160833
       963        963.000   1791.9222      188.933807       99.540588       89.393219        1.439409       35.751846       27.133877       35.185684        0.013228        0.016544
       964        964.000   1733.2750      189.575993      103.108494       86.467499        2.081436       36.611141       16.308193       48.074017        0.014976        0.018732
       965        965.000   1686.3101      187.941699      103.817134       84.124565        2.473803       37.021843        7.789695       56.253666        0.123257        0.154869
       966        966.000   1722.7666      186.996079      101.052811       85.943268        2.380113       36.908310        3.181438       57.856762        0.320323        0.405865
       967        967.000   1835.8988      186.578414       94.991347       91.587067        1.853598       36.281338        2.586349       52.921944        0.590751        0.757367
       968        968.000   1964.8379      185.564514       87.545089       98.019424        1.182127       35.230583        6.227034       42.775967        0.925252        1.204127
       969        969.000   2086.2471      185.910004       81.833863      104.076141        0.626774       33.900826       14.514491       29.727512        1.317743        1.746517
       970        970.000   2121.9512      186.178692       80.321400      105.857292        0.270781       32.430386       26.852468       16.603548        1.768397        2.395820
       971        971.000   2029.0544      185.197909       83.974933      101.222977        0.081273       30.942427       41.116005        6.399576        2.273846        3.161806
       972        972.000   1868.2892      185.809609       92.606690       93.202919       -0.005221       29.535013       54.982189        1.225003        2.823355        4.046350
       973        973.000   1614.4678      185.945517      105.404929       80.540588       -0.039076       28.261505       67.247643        1.464975        3.409749        5.060133
       974        974.000   1331.7483      186.255724      119.819101       66.436623       -0.048968       27.175156       76.396179        6.075472        4.017787        6.203475
       975        975.000   1088.2614      185.655170      131.365322       54.289848       -0.049589       26.308441       79.738380       13.251955        4.634052        7.482082
       976        976.000   1004.2767      185.994523      135.894395       50.100128       -0.047572       25.679472       75.064659       21.064180        5.240363        8.893292
       977        977.000   1084.3695      187.105730      133.010038       54.095692       -0.045491       25.269323       63.535355       27.959028        5.829164       10.462659
       978        978.000   1207.6202      186.106389      125.862111       60.244278       -0.044105       25.043182       49.679153       32.585896        6.386566       12.211418
       979        979.000   1346.7567      184.981925      117.796577       67.185349       -0.043481       24.958748       38.196934       33.731285        6.875504       14.077586
       980        980.000   1538.1497      186.071465      109.338143       76.733322       -0.043401       24.965200       30.223667       30.950125        7.269608       15.972944
       981        981.000   1735.6135      186.484305       99.900145       86.584160       -0.043634       25.021765       24.724834       24.824026        7.561888       17.811266
       982        982.000   1927.3445      187.568741       91.419747       96.148994       -0.044050       25.107397       22.061096       17.046444        7.758286       19.490574
       983        983.000   2011.0051      188.600630       88.278074      100.322556       -0.044661       25.226479       24.628464        9.604769        7.880980       20.982044
       984        984.000   1917.1992      188.978096       93.335213       95.642883       -0.045574       25.403751       33.698170        4.020889        7.952309       22.305668
       985        985.000   1688.1194      188.365173      104.150344       84.214828       -0.046869       25.670967       46.039463        0.994368        7.988634       23.503780
       986        986.000   1478.9941      188.597297      114.815055       73.782242       -0.048404       26.048042       55.637978        0.561160        7.999971       24.616308
       987        987.000   1335.0688      188.463746      121.861467       66.602280       -0.049661       26.531797       59.269943        2.432969        7.991890       25.684528
       988        988.000   1217.7915      187.293582      126.541895       60.751686       -0.049727       27.080948       58.619804        6.197130        7.967247       26.726494
       989        989.000   1150.3062      188.723591      131.338528       57.385063       -0.047856       27.617929       56.893604       11.212298        7.928692       27.733860
       990        990.000   1031.8772      187.288284      135.811260       51.477024       -0.044331       28.066463       54.475586       16.726830        7.878496       28.708216
       991        991.000   1021.8594      187.478069      136.500796       50.977272       -0.041091       28.338730       49.282726       21.511953        7.823132       29.585346
       992        992.000   1115.2203      187.615129      131.980390       55.634739       -0.040186       28.400778       40.838715       24.676897        7.768568       30.335619
       993        993.000   1222.8129      186.623205      125.621019       61.002186       -0.042038       28.259924       32.995041       25.762054        7.721310       30.924728
       994        994.000   1272.8042      186.212314      122.716221       63.496094       -0.045172       27.968435       30.912651       24.864643        7.686728       31.328936
       995        995.000   1210.3175      185.556693      125.177863       60.378830       -0.047868       27.600731       35.989166       22.422043        7.667418       31.546373
       996        996.000   1099.9871      185.189279      130.314478       54.874802       -0.049382       27.230251       44.906178       18.979441        7.664034       31.583956
       997        997.000   1019.5645      185.420402      134.557616       50.862785       -0.049888       26.901707       53.483414       15.087889        7.675211       31.459284
       998        998.000    986.0935      186.459027      137.266004       49.193024       -0.049804       26.622667       60.479836       11.318350        7.698227       31.196728
       999        999.000    915.2889      185.585472      139.924664       45.660809       -0.049388       26.371191       66.772690        8.278440        7.729828       30.821903
      1000       1000.000    854.9536      184.844606      142.193731       42.650875       -0.048699       26.119854       71.449944        6.541335        7.766304       30.364994
      1001       1001.000    897.2725      185.664057      140.902025       44.762032       -0.047674       25.842495       71.259102        6.207443        7.805696       29.834963
      1002       1002.000   1048.0922      185.651778      133.365839       52.285938       -0.046237       25.528137       63.902828        6.914983        7.847406       29.218721
      1003       1003.000   1309.9357      186.048999      120.700534       65.348465       -0.044486       25.198532       51.137688        8.006750        7.889557       28.512493
      1004       1004.000   1570.6185      185.261781      106.908692       78.353088       -0.042695       24.892448       37.554138        8.868849        7.929943       27.706009
      1005       1005.000   1813.4160      185.993232       95.527755       90.465477       -0.041265       24.660196       26.987450        9.156711        7.964922       26.799742
      1006       1006.000   1975.4624      185.971594       87.422148       98.549446       -0.040518       24.539791       20.352318        8.801826        7.990334       25.778397
      1007       1007.000   2092.3057      187.246194       82.867822      104.378372       -0.040630       24.552456       17.841562        7.877390        7.999989       24.637054
      1008       1008.000   2069.4973      186.765665       83.525118      103.240547       -0.041571       24.694691       21.014460        6.511190        7.985643       23.360704
      1009       1009.000   1881.5416      185.470482       91.606445       93.864037       -0.043118       24.939606       31.899626        4.911534        7.937017       21.961781
      1010       1010.000   1556.0029      184.301256      106.677294       77.623962       -0.044931       25.246878       49.798283        3.366122        7.843859       20.467083
      1011       1011.000   1180.4904      183.747427      124.856573       58.890854       -0.046673       25.577351       70.514854        2.192969        7.698668       18.919405
      1012       1012.000    849.8865      183.875018      141.476924       42.398094       -0.048124       25.905632       89.150612        1.602265        7.499004       17.367535
      1013       1013.000    609.3823      184.250988      153.850872       30.400116       -0.049187       26.226013      103.002487        1.577507        7.246532       15.847519
      1014       1014.000    464.1387      184.034979      160.880598       23.154381       -0.049803       26.548904      111.163033        1.897431        6.944324       14.376710
      1015       1015.000    459.8531      183.791456      160.850870       22.940586       -0.049837       26.888353      112.186882        2.256514        6.598191       12.970767
      1016       1016.000    640.4932      183.437405      151.485266       31.952139       -0.048988       27.260239      104.045677        2.413103        6.205913       11.609323
      1017       1017.000   1056.8732      185.119224      132.395232       52.723991       -0.046737       27.670561       86.497902        2.255460        5.757999       10.260048
      1018       1018.000   1558.1473      184.318354      106.587412       77.730942       -0.042336       28.118345       62.617397        1.795875        5.230146        8.867985
      1019       1019.000   2061.5972      183.305556       80.459136      102.846420       -0.035351       28.569101       38.674747        1.171129        4.622562        7.456946
      1020       1020.000   2509.3145      183.893465       58.711871      125.181595       -0.025861       28.993191       19.172552        0.587106        3.937839        6.047045
      1021       1021.000   2823.1699      184.329883       43.491046      140.838837       -0.014441       29.371782        5.999954        0.264408        3.193059        4.676283
      1022       1022.000   2936.6404      182.847231       36.347719      146.499512       -0.001891       29.697989        0.456382        0.353278        2.431787        3.410174
      1023       1023.000   2882.8152      183.068459       39.254112      143.814346        0.011378       29.980600        4.384645        0.850883        1.712689        2.313917
      1024       1024.000   2615.8101      183.462781       52.968457      130.494324        0.026142       30.246679       18.575443        1.623953        1.080293        1.415947
      1025       1025.000   2205.3806      184.589755       74.570437      110.019318        0.044375       30.529211       40.217762        2.477021        0.570853        0.731215
      1026       1026.000   1716.8309      183.604558       97.957402       85.647156        0.069167       30.858047       63.333828        3.221589        0.209974        0.264797
      1027       1027.000   1315.9031      182.808892      117.162735       65.646156        0.103564       31.241516       82.053078        3.712821        0.022990        0.028766
      1028       1028.000   1054.0767      182.486489      129.902005       52.584484        0.149766       31.667009       94.109009        3.916861        0.026366        0.032994
      1029       1029.000    908.4467      181.726921      136.407448       45.319473        0.207154       32.101318       99.634155        3.943514        0.230443        0.290863
      1030       1030.000    913.0206      182.070720      136.523067       45.547653        0.269832       32.496307       98.285576        4.043390        0.625204        0.802757
      1031       1031.000   1046.8484      181.673193      129.449308       52.223885        0.328171       32.812069       89.062134        4.513567        1.179806        1.553561
      1032       1032.000   1298.1121      180.844573      116.085952       64.758621        0.369048       33.011089       72.879631        5.504754        1.831805        2.489626
      1033       1033.000   1621.5483      181.103954      100.210139       80.893814        0.382051       33.072559       53.806946        6.892303        2.514387        3.541894
      1034       1034.000   1915.5013      181.725458       86.167277       95.558182        0.364161       32.993603       36.596363        8.372997        3.182422        4.657731
      1035       1035.000   2125.1145      182.120363       76.105265      106.015099        0.320744       32.787071       23.762238        9.625944        3.809423        5.799845
      1036       1036.000   2224.9597      180.736087       69.740023      110.996063        0.262007       32.474346       15.227953       10.434328        4.387435        6.953954
      1037       1037.000   2249.5222      179.187053       66.965655      112.221397        0.197827       32.073956       10.957354       10.698721        4.917560        8.120238
      1038       1038.000   2173.9436      177.703155       69.252121      108.451035        0.134664       31.589773       12.375015       10.424464        5.408865        9.319339
      1039       1039.000   2004.2963      177.764438       77.776569       99.987869        0.077073       31.017475       20.510324        9.733348        5.866822       10.571527
      1040       1040.000   1736.8405      177.564253       90.918890       86.645363        0.028593       30.351593       33.424305        8.929768        6.292274       11.892358
      1041       1041.000   1465.6792      177.861708      104.743704       73.118004       -0.007828       29.604006       46.684414        8.522772        6.675431       13.264909
      1042       1042.000   1236.0663      178.270135      116.606778       61.663357       -0.031578       28.800722       57.122627        9.046971        7.007318       14.660717
      1043       1043.000   1033.9683      178.465410      126.884070       51.581341       -0.044303       27.987793       64.809593       10.801471        7.282957       16.046558
      1044       1044.000    853.3170      179.154915      136.585686       42.569229       -0.049216       27.227905       70.793953       13.712905        7.503305       17.396833
      1045       1045.000    685.1047      178.416635      144.238969       34.177666       -0.049813       26.579208       73.848122       17.472803        7.675364       18.713285
      1046       1046.000    655.2529      178.927339      146.238885       32.688454       -0.048774       26.097321       70.827713       21.580162        7.803606       19.978857
      1047       1047.000    748.2455      178.768867      141.441314       37.327553       -0.047597       25.784182       60.880127       25.691784        7.897285       21.235533
      1048       1048.000    916.3836      178.765804      133.050384       45.715420       -0.046862       25.623606       47.723030       29.306078        7.959408       22.485125
      1049       1049.000   1075.0887      179.158297      125.525591       53.632706       -0.046602       25.572855       36.488159       31.801697        7.992432       23.717051
      1050       1050.000   1181.4211      179.095880      120.158593       58.937286       -0.046620       25.579771       29.308929       32.431984        7.999640       24.884890
      1051       1051.000   1261.9777      177.658255      114.702258       62.955997       -0.046703       25.599182       24.658827       30.599991        7.988062       25.902899
      1052       1052.000   1408.7009      177.769846      107.494303       70.275543       -0.046740       25.608168       20.954636       26.323763        7.968504       26.685972
      1053       1053.000   1543.7548      177.580046      100.567099       77.012947       -0.046766       25.614182       19.550207       20.284285        7.950306       27.214886
      1054       1054.000   1599.2239      177.702680       97.922559       79.780121       -0.046940       25.651314       23.200083       13.667751        7.938381       27.511971
      1055       1055.000   1561.5568      178.523955      100.622923       77.901031       -0.047463       25.767700       31.712029        7.626464        7.933268       27.630926
      1056       1056.000   1479.4878      179.239346      105.432477       73.806870       -0.048413       26.008026       40.874878        3.037969        7.933458       27.626558
      1057       1057.000   1398.8832      178.290734      108.504968       69.785767       -0.049503       26.395756       46.136524        0.544728        7.937181       27.540281
      1058       1058.000   1347.8453      176.771744      109.532089       67.239655       -0.049856       26.917351       46.721943        0.600572        7.943056       27.399023
      1059       1059.000   1313.6300      176.846701      111.313941       65.532761       -0.048066       27.525778       45.257271        3.412462        7.950253       27.216244
      1060       1060.000   1234.9061      177.302582      115.697098       61.605484       -0.042736       28.156559       43.708912        8.922169        7.958391       26.993803
      1061       1061.000   1124.5646      177.318874      121.217976       56.100899       -0.033705       28.730438       41.326897       16.500349        7.967241       26.726755
      1062       1062.000   1081.2677      179.060058      125.119102       53.940956       -0.023137       29.175800       36.829914       24.758884        7.976658       26.400982
      1063       1063.000   1028.6455      178.250699      126.934895       51.315804       -0.014545       29.456732       31.372351       32.147453        7.986404       25.986500
      1064       1064.000    993.1558      177.869003      128.323662       49.545341       -0.011185       29.555059       28.244310       37.078682        7.995050       25.461744
      1065       1065.000    962.7207      178.258163      130.231132       48.027031       -0.013625       29.488070       29.122135       38.841858        7.999887       24.792807
      1066       1066.000    945.1578      178.442213      131.291342       47.150871       -0.020224       29.285854       32.692532       37.388004        7.995682       23.949493
      1067       1067.000    985.9540      178.583230      129.397168       49.186062       -0.028605       28.978045       36.396206       33.157009        7.974173       22.920341
      1068       1068.000   1084.4303      178.318151      124.219423       54.098728       -0.036845       28.582045       39.043354       26.999668        7.924240       21.706961
      1069       1069.000   1235.2969      178.968766      117.343793       61.624973       -0.043616       28.105499       40.903347       20.214247        7.833153       20.331163
      1070       1070.000   1357.3275      177.892871      110.180187       67.712685       -0.048100       27.549530       41.768028       14.410110        7.686846       18.813772
      1071       1071.000   1488.6560      177.346391      103.082147       74.264244       -0.049866       26.936497       40.212734       11.290478        7.476419       17.215885
      1072       1072.000   1626.5498      177.471210       96.327884       81.143326       -0.049200       26.295153       35.572758       11.741626        7.194575       15.572972
      1073       1073.000   1726.6837      177.584167       91.445488       86.138680       -0.046900       25.669283       29.482622       15.591452        6.836444       13.912587
      1074       1074.000   1730.4889      176.239480       89.910973       86.328506       -0.044002       25.113943       24.430613       21.754650        6.399549       12.256221
      1075       1075.000   1689.7313      175.287066       90.991824       84.295242       -0.041437       24.684258       21.157465       28.685261        5.884179       10.622098
      1076       1076.000   1673.4264      175.768299       92.286457       83.481842       -0.039759       24.412945       18.711193       34.919441        5.283029        8.999608
      1077       1077.000   1657.5818      175.272098       92.580691       82.691406       -0.039172       24.309834       17.211334       39.141685        4.584012        7.372998
      1078       1078.000   1633.5613      174.327658       92.834555       81.493103       -0.039663       24.367544       18.884228       40.046509        3.797948        5.777989
      1079       1079.000   1598.1307      173.774697       94.049111       79.725586       -0.041071       24.564602       25.530066       36.739574        2.967520        4.288420
      1080       1080.000   1553.1350      172.789960       95.309064       77.480896       -0.043168       24.878433       35.930996       29.378162        2.167524        2.997116
      1081       1081.000   1570.6847      173.635375       95.278983       78.356392       -0.045670       25.293987       46.859512       19.711866        1.480989        1.978299
      1082       1082.000   1560.8264      173.200488       95.335895       77.864594       -0.048186       25.816572       56.964046       10.428354        0.944649        1.230458
      1083       1083.000   1489.2720      173.312604       99.017628       74.294975       -0.049824       26.452578       67.226738        4.108797        0.561024        0.718316
      1084       1084.000   1325.9137      173.328268      107.182714       66.145554       -0.048671       27.213551       77.412384        1.925075        0.300259        0.380116
      1085       1085.000   1178.3309      174.060469      115.277346       58.783123       -0.040879       28.093571       83.063408        3.862386        0.132417        0.166443
      1086       1086.000   1131.0702      174.058825      117.633383       56.425442       -0.019850       29.067440       79.177544        9.328307        0.035501        0.044442
      1087       1087.000   1206.1827      174.034661      113.862099       60.172562        0.022516       30.069492       66.262001       17.507595        0.000220        0.000274
      1088       1088.000   1284.6471      173.359873      109.272974       64.086899        0.091265       31.017654       50.709591       27.394176        0.026778        0.033510
      1089       1089.000   1307.2815      173.417651      108.201594       65.216057        0.180816       31.826321       38.539890       37.378483        0.122355        0.153729
      1090       1090.000   1309.0817      173.745959      108.440104       65.305855        0.274544       32.445843       29.772270       45.277500        0.295690        0.374258
      1091       1091.000   1388.7277      173.196466      103.917321       69.279144        0.349157       32.848484       20.642784       48.828705        0.547547        0.700645
      1092       1092.000   1597.3712      171.944236       92.256537       79.687698        0.380029       33.005341        9.963325       46.928242        0.861579        1.118023
      1093       1093.000   1856.8788      170.853755       78.220065       92.633690        0.351618       32.886051        1.821627       40.353958        1.210515        1.596295
      1094       1094.000   2033.7175      170.393293       68.937696      101.455597        0.272482       32.487751        1.447769       31.053135        1.570110        2.106449
      1095       1095.000   2056.7319      169.323502       66.719788      102.603714        0.175028       31.866991        9.061581       21.057194        1.927136        2.631859
      1096       1096.000   2034.0315      169.134736       67.663468      101.471268        0.091358       31.134224       18.929932       12.060713        2.278376        3.168865
      1097       1097.000   2026.6747      168.754168       67.649912      101.104256        0.033223       30.395761       25.423954        5.427584        2.634170        3.735220
      1098       1098.000   2036.1080      169.646013       68.071153      101.574860       -0.002541       29.721678       28.409206        2.566097        3.012260        4.364453
      1099       1099.000   1880.3879      168.034373       74.227885       93.806488       -0.023562       29.130589       31.769411        4.796226        3.440206        5.115017
      1100       1100.000   1631.1815      169.851634       88.477252       81.374382       -0.035643       28.622107       37.345943       12.560375        3.937697        6.046773
      1101       1101.000   1238.0347      169.346987      107.585436       61.761551       -0.042714       28.169521       42.947144       24.727291        4.529308        7.254886
      1102       1102.000    917.5573      170.760497      124.986526       45.773972       -0.046651       27.772173       45.450588       37.845791        5.191601        8.773024
      1103       1103.000    690.0467      171.008500      136.584298       34.424202       -0.048667       27.432419       44.501400       48.198902        5.882641       10.617603
      1104       1104.000    590.9633      170.217827      140.736578       29.481249       -0.049501       27.181641       41.526443       52.897392        6.515222       12.665381
      1105       1105.000    655.6186      169.899408      137.192712       32.706696       -0.049737       27.057005       37.208210       51.252651        7.017409       14.707173
      1106       1106.000    875.5306      169.997322      126.319927       43.677395       -0.049690       27.082710       30.919382       44.397820        7.377539       16.592167
      1107       1107.000   1192.8641      169.498034      109.989894       59.508141       -0.049241       27.267662       22.554832       34.382183        7.615520       18.218937
      1108       1108.000   1555.6486      169.953877       92.347592       77.606285       -0.047744       27.598722       13.643665       23.868675        7.761438       19.522835
      1109       1109.000   1793.8082      167.692002       78.204697       89.487305       -0.044004       28.048180        6.226740       15.630308        7.846186       20.497288
      1110       1110.000   1948.6135      168.719001       71.508964       97.210037       -0.036563       28.569601        1.696545       12.246429        7.891390       21.141562
      1111       1111.000   1903.9778      168.877248       73.893941       94.983307       -0.023627       29.134800        0.399295       14.973175        7.912800       21.497498
      1112       1112.000   1664.1499      168.258833       85.239767       83.019066       -0.003592       29.712656        2.523738       23.490440        7.918402       21.598124
      1113       1113.000   1308.7217      168.392786      103.104883       65.287903        0.024733       30.280382        7.598867       35.808037        7.911863       21.481001
      1114       1114.000    902.4156      168.296120      123.277520       45.018600        0.061872       30.822191       14.039618       49.281284        7.893747       21.178806
      1115       1115.000    551.0816      168.570492      141.078808       27.491684        0.105865       31.311121       19.861296       61.221142        7.862537       20.716846
      1116       1116.000    306.9435      168.864759      153.552337       15.312422        0.150935       31.712492       24.313671       69.452942        7.814705       20.107592
      1117       1117.000    182.6051      168.660470      159.550890        9.109580        0.186598       31.982351       27.972359       72.309677        7.744799       19.355106
      1118       1118.000    217.1013      168.972019      158.141536       10.830482        0.200084       32.073776       30.872341       68.864441        7.648155       18.482738
      1119       1119.000    425.5545      169.410213      148.180671       21.229542        0.185287       31.964785       31.563038       59.471874        7.515430       17.480257
      1120       1120.000    775.2905      168.725355      130.048612       38.676743        0.145923       31.653330       28.384777       46.162930        7.338732       16.362921
      1121       1121.000   1199.6711      168.215224      108.367503       59.847721        0.095189       31.172421       22.545261       32.277122        7.113448       15.164062
      1122       1122.000   1576.2291      168.607298       89.974318       78.632980        0.047001       30.578688       18.074287       20.561804        6.829391       13.883147
      1123       1123.000   1807.0270      169.263065       79.116322       90.146744        0.010126       29.952204       17.633408       12.547668        6.469933       12.502983
      1124       1124.000   1901.9354      168.781925       73.900501       94.881424       -0.013573       29.383421       18.889996        8.628078        6.011507       11.001072
      1125       1125.000   2003.7900      169.078920       69.116304       99.962616       -0.026775       28.946428       16.947573        8.462395        5.425184        9.361499
      1126       1126.000   2120.3032      168.684093       62.909008      105.775085       -0.033314       28.670105       10.740853       11.297869        4.670753        7.562742
      1127       1127.000   2144.9780      165.774695       58.768661      107.006035       -0.035955       28.545687        4.946397       15.951958        3.723482        5.637093
      1128       1128.000   2126.0496      166.007774       59.946022      106.061752       -0.036326       28.537476        4.586567       20.512033        2.625362        3.720910
      1129       1129.000   1985.8843      163.401789       64.332430       99.069359       -0.035356       28.600220        9.474227       22.781897        1.502425        2.009018
      1130       1130.000   1940.1440      163.499329       66.711808       96.787521       -0.033584       28.696899       15.400784       21.267012        0.604816        0.775880
      1131       1131.000   1966.7759      163.913842       65.797738       98.116104       -0.031171       28.812019       20.205177       16.581390        0.102122        0.128199
      1132       1132.000   1940.6714      162.910617       66.096790       96.813828       -0.027878       28.950182       26.024649       11.124290        0.011351        0.014196
      1133       1133.000   1810.4286      162.200135       71.883699       90.316437       -0.022966       29.131554       34.868153        7.385283        0.230605        0.291070
      1134       1134.000   1624.2213      161.900314       80.873154       81.027161       -0.015152       29.380558       43.473537        6.552124        0.648525        0.833561
      1135       1135.000   1496.9681      161.122748       86.443839       74.678909       -0.002972       29.704012       45.338676        8.634733        1.194875        1.574515
      1136       1136.000   1519.0239      161.364093       85.584888       75.779205        0.014027       30.070946       38.112152       13.068180        1.831061        2.488522
      1137       1137.000   1594.6211      161.971771       82.421272       79.550499        0.033452       30.413832       26.642094       19.201889        2.542686        3.587320
      1138       1138.000   1582.2089      161.773418       82.842121       78.931297        0.048441       30.640461       17.699738       26.250946        3.313790        4.888745
      1139       1139.000   1516.2941      162.765326       87.122305       75.643021        0.050544       30.669218       12.925336       32.982704        4.109365        6.385138
      1140       1140.000   1436.6515      161.902157       90.232250       71.669907        0.036554       30.459318        8.912875       37.882587        4.888269        8.052646
      1141       1141.000   1444.9851      160.885823       88.800176       72.085648        0.011645       30.015003        3.829309       39.556801        5.590137        9.797281
      1142       1142.000   1490.7972      159.895626       85.524562       74.371063       -0.014725       29.372190        0.827309       37.628616        6.181228       11.529944
      1143       1143.000   1477.5977      159.234635       85.522057       73.712578       -0.034811       28.593002        4.382966       32.741428        6.654656       13.184815
      1144       1144.000   1391.3043      159.427649       90.019965       69.407684       -0.045952       27.756432       14.512130       26.034821        7.024153       14.738382
      1145       1145.000   1275.5507      159.066082       95.432972       63.633110       -0.049751       26.935637       26.357130       18.664213        7.312641       16.213102
      1146       1146.000   1218.5403      159.118356       98.329317       60.789040       -0.049179       26.186695       35.243969       11.759388        7.539442       17.649002
      1147       1147.000   1180.9438      158.659704       99.746225       58.913479       -0.046624       25.525885       41.058811        6.369179        7.720289       19.118685
      1148       1148.000   1122.6294      159.277743      103.273387       56.004356       -0.043410       24.949238       46.245106        3.574722        7.860397       20.687334
      1149       1149.000   1000.2831      160.034527      110.133633       49.900894       -0.040075       24.433582       51.222534        4.136391        7.957062       22.424139
      1150       1150.000    842.3235      159.704964      117.684159       42.020805       -0.036835       23.962894       53.364944        8.046086        7.999130       24.347939
      1151       1151.000    738.7957      159.614485      122.758353       36.856133       -0.033865       23.539522       50.823860       14.059916        7.976898       26.392021
      1152       1152.000    682.5911      159.070089      125.017820       34.052269       -0.031321       23.175934       45.183681       20.326427        7.891827       28.471272
      1153       1153.000    689.5204      159.924882      125.526932       34.397949       -0.029424       22.902689       39.236568       25.188339        7.758068       30.470692
      1154       1154.000    738.9307      160.980816      124.117951       36.862865       -0.028329       22.746935       33.623997       27.829544        7.591518       32.354286
      1155       1155.000    831.1263      161.055856      119.593644       41.462212       -0.028165       22.732906       27.446484       27.943510        7.407646       34.091263
      1156       1156.000    955.5898      160.055376      112.384084       47.671291       -0.028960       22.865589       21.069321       25.599194        7.219997       35.658943
      1157       1157.000   1081.6283      159.342166      105.383224       53.958942       -0.030606       23.124430       17.021477       21.177473        7.038128       37.052322
      1158       1158.000   1155.2729      158.948875      101.316036       57.632839       -0.032887       23.471807       17.356880       15.371458        6.867367       38.281410
      1159       1159.000   1155.5442      157.968954      100.322585       57.646370       -0.035490       23.861355       21.123821        9.316761        6.712963       39.343174
      1160       1160.000   1145.1837      157.898021      100.768505       57.129517       -0.038087       24.249660       25.329744        4.423090        6.580635       40.223461
      1161       1161.000   1112.1775      157.621948      102.139000       55.482948       -0.040506       24.618258       28.447285        1.714558        6.472328       40.927078
      1162       1162.000   1029.1317      156.879238      105.539181       51.340057       -0.042722       24.969803       31.262726        1.503282        6.389450       41.456642
      1163       1163.000    943.2357      157.984088      110.929103       47.054985       -0.044809       25.324821       34.163399        3.339512        6.333042       41.813137
      1164       1164.000    870.2090      159.112738      115.700820       43.411919       -0.046842       25.716928       35.244255        6.484121        6.303463       41.998894
      1165       1165.000    858.5615      159.627058      116.796194       42.830864       -0.048652       26.162067       32.212009       10.167321        6.303257       42.000191
      1166       1166.000    900.6425      159.259304      114.329155       44.930149       -0.049776       26.646852       25.943384       13.656351        6.335655       41.796688
      1167       1167.000    934.7448      158.296733      111.665332       46.631401       -0.049697       27.123787       20.557587       16.261007        6.403168       41.369480
      1168       1168.000    970.9816      159.794718      111.355581       48.439137       -0.048435       27.523029       19.281485       17.383251        6.505920       40.710331
      1169       1169.000    926.3994      158.614273      112.399197       46.215076       -0.046854       27.785816       21.524950       16.682373        6.643311       39.809601
      1170       1170.000    945.4130      159.248669      112.085064       47.163605       -0.046244       27.861555       24.467939       14.270305        6.803097       38.728413
      1171       1171.000    970.4183      158.729681      110.318647       48.411034       -0.047009       27.753757       27.417534       10.715090        6.976620       37.502655
      1172       1172.000    958.5273      158.238940      110.421107       47.817833       -0.048393       27.511641       32.689194        6.915905        7.150688       36.202072
      1173       1173.000    873.4893      158.238898      114.663336       43.575562       -0.049443       27.216026       41.704117        3.614180        7.317966       34.860489
      1174       1174.000    767.4923      158.827742      120.540026       38.287716       -0.049860       26.951763       51.412022        1.273739        7.475784       33.476578
      1175       1175.000    737.2466      159.593948      122.815093       36.778854       -0.049904       26.781067       56.279446        0.162563        7.623890       32.018032
      1176       1176.000    779.6867      157.975741      119.079688       38.896053       -0.049889       26.728960       53.743988        0.461823        7.760952       30.433853
      1177       1177.000    907.7129      157.341946      112.059078       45.282867       -0.049907       26.781713       46.561943        2.173844        7.878202       28.713282
      1178       1178.000   1037.0874      157.193679      105.456741       51.736938       -0.049879       26.896250       38.802265        5.057250        7.965382       26.785473
      1179       1179.000   1151.2616      157.031483       99.598756       57.432728       -0.049744       27.021690       31.467846        8.529435        7.999983       24.629545
      1180       1180.000   1301.2843      156.779851       91.862981       64.916870       -0.049545       27.121302       22.831339       11.708278        7.952055       22.299553
      1181       1181.000   1516.4790      157.245466       81.593222       75.652245       -0.049349       27.189095       12.938158       13.804682        7.797779       19.912857
      1182       1182.000   1688.0179      156.871387       72.661617       84.209770       -0.049113       27.252760        5.799519       14.536617        7.531212       17.590622
      1183       1183.000   1738.0946      156.768445       70.060514       86.707932       -0.048633       27.363171        5.996535       14.145182        7.167961       15.436298
      1184       1184.000   1637.1403      155.977421       74.305774       81.671646       -0.047406       27.578339       13.450671       13.125853        6.727868       13.470450
      1185       1185.000   1517.4033      156.901510       81.203153       75.698357       -0.044293       27.942234       23.457836       11.945580        6.226326       11.675470
      1186       1186.000   1370.7673      155.588095       87.204931       68.383163       -0.036856       28.475939       32.181240       10.935708        5.660401        9.988500
      1187       1187.000   1254.7317      155.338270       92.743754       62.594517       -0.021101       29.152411       39.811562       10.366966        5.036054        8.397862
      1188       1188.000   1099.7931      155.008886      100.143762       54.865124        0.008654       29.925692       48.557064       10.426473        4.350027        6.875853
      1189       1189.000    919.2632      154.601590      108.742512       45.859077        0.057797       30.726782       57.710041       11.186558        3.619108        5.442226
      1190       1190.000    810.9979      154.762911      114.304842       40.458069        0.128444       31.488667       63.229145       12.437852        2.879924        4.140810
      1191       1191.000    808.5419      153.774472      113.438928       40.335545        0.217668       32.165886       62.199097       13.676946        2.173308        3.006024
      1192       1192.000    946.8090      153.930541      106.697295       47.233246        0.313313       32.712715       55.763496       14.286539        1.547460        2.073771
      1193       1193.000   1139.8580      153.557374       96.693536       56.863838        0.398806       33.108078       46.953789       13.887121        1.016849        1.328893
      1194       1194.000   1369.3165      153.078400       84.767616       68.310783        0.454475       33.331753       37.197895       12.429240        0.593401        0.760853
      1195       1195.000   1668.9902      153.713301       70.452765       83.260536        0.468094       33.381687       25.852724       10.120130        0.278232        0.351898
      1196       1196.000   1942.5956      151.505080       54.595252       96.909828        0.439074       33.267960       13.425117        7.295334        0.074435        0.093333
      1197       1197.000   2177.8958      150.106483       41.458298      108.648186        0.377449       33.009338        3.634601        4.436860        0.000022        0.000027
      1198       1198.000   2291.9844      149.888710       35.549003      114.339706        0.298044       32.627239        0.426310        2.018877        0.079202        0.099331
      1199       1199.000   2207.7937      148.553017       38.413322      110.139694        0.215555       32.146156        4.800497        0.474109        0.342555        0.434449
      1200       1200.000   2000.8796      147.873917       48.056488       99.817429        0.141615       31.599134       14.468649        0.001284        0.804516        1.041290
      1201       1201.000   1751.6539      149.132607       61.748246       87.384361        0.081869       31.018446       26.869749        0.396919        1.448869        1.932393
      1202       1202.000   1447.5725      150.162209       77.947488       72.214722        0.037362       30.435963       40.935020        1.205436        2.233942        3.099765
      1203       1203.000   1109.6754      149.950514       94.592390       55.358124        0.006975       29.895094       55.115772        1.973025        3.095106        4.506418
      1204       1204.000    872.0646      151.032777      107.528287       43.504490       -0.012006       29.441870       65.610580        2.428761        3.963006        6.096076
      1205       1205.000    748.0304      150.143451      112.826629       37.316822       -0.023284       29.094683       68.562332        2.521114        4.806271        7.865513
      1206       1206.000    811.3831      150.055833      109.578549       40.477283       -0.029593       28.859150       63.072792        2.330331        5.578885        9.766984
      1207       1207.000    968.5911      149.229728      100.909847       48.319881       -0.033292       28.702295       52.117607        2.025084        6.272233       11.825919
      1208       1208.000   1124.6200      147.037403       90.933742       56.103661       -0.035946       28.577402       39.671200        1.837284        6.862311       14.021491
      1209       1209.000   1278.8662      145.507266       81.708759       63.798508       -0.038564       28.435558       27.702396        1.992695        7.326189       16.290483
      1210       1210.000   1441.0078      145.474375       73.587145       71.887230       -0.041565       28.238869       16.552013        2.598521        7.659733       18.579575
      1211       1211.000   1539.0850      144.597446       67.817462       76.779984       -0.044731       27.970770        7.611112        3.574157        7.870945       20.835209
      1212       1212.000   1570.3567      145.233181       66.893154       78.340027       -0.047423       27.643570        3.699326        4.645562        7.975822       22.976297
      1213       1213.000   1486.3042      146.132794       71.985874       74.146919       -0.049167       27.283621        6.273497        5.494906        7.999228       24.983789
      1214       1214.000   1305.5511      146.448580       81.318850       65.129730       -0.049869       26.924343       13.765591        5.860586        7.963114       26.855085
      1215       1215.000   1080.9409      145.400657       91.476001       53.924656       -0.049764       26.589895       22.848810        5.597897        7.884403       28.604759
      1216       1216.000    895.3758      144.978115      100.310707       44.667408       -0.049148       26.285507       31.346695        4.703063        7.775162       30.249428
      1217       1217.000    721.9878      143.979695      107.962056       36.017639       -0.048168       25.990431       39.228992        3.314883        7.641062       31.834856
      1218       1218.000    598.6285      144.301212      114.437569       29.863644       -0.046809       25.678631       46.187782        1.763122        7.487556       33.367287
      1219       1219.000    523.6686      144.479637      118.355499       26.124138       -0.044940       25.320688       50.395184        0.497052        7.316734       34.870781
      1220       1220.000    523.2803      144.143688      118.038919       26.104769       -0.042508       24.910925       49.695164        0.023087        7.135830       36.316422
      1221       1221.000    578.9836      143.031081      114.147460       28.883621       -0.039667       24.470051       44.480629        0.625219        6.955414       37.655815
      1222       1222.000    664.3285      142.752680      109.611476       33.141205       -0.036788       24.041742       37.761101        2.217018        6.786625       38.841778
      1223       1223.000    719.8895      142.514221      106.601261       35.912960       -0.034252       23.669071       31.954172        4.506686        6.633968       39.871616
      1224       1224.000    772.9730      143.365275      104.804148       38.561127       -0.032411       23.396904       27.079222        7.121801        6.501827       40.736805
      1225       1225.000    833.4371      144.447476      102.869988       41.577488       -0.031422       23.248386       22.068724        9.747798        6.391243       41.445259
      1226       1226.000    857.0023      144.041037      101.287958       42.753078       -0.031287       23.226076       17.757496       12.041484        6.305012       41.989178
      1227       1227.000    832.5914      143.866670      102.331373       41.535297       -0.031856       23.308041       16.909782       13.557733        6.249050       42.338623
      1228       1228.000    758.0296      144.738489      106.922838       37.815651       -0.032864       23.454157       20.928509       13.878574        6.228558       42.465904
      1229       1229.000    653.4803      145.379340      112.779315       32.600025       -0.034024       23.622036       27.849968       12.743973        6.247192       42.350170
      1230       1230.000    598.9583      146.004777      116.124680       29.880096       -0.035106       23.778196       33.774578       10.305502        6.303623       41.997887
      1231       1231.000    600.4955      145.595625      115.638837       29.956787       -0.036045       23.913935       36.706615        7.212036        6.390160       41.452137
      1232       1232.000    646.9548      145.774861      113.500371       32.274490       -0.036956       24.046135       37.812931        4.400803        6.494720       40.782738
      1233       1233.000    689.5238      146.515159      112.117042       34.398117       -0.038112       24.215536       38.718067        2.580091        6.609776       40.031685
      1234       1234.000    709.4984      146.255407      110.860823       35.394585       -0.039812       24.468945       38.340881        2.145676        6.732224       39.212910
      1235       1235.000    780.4338      145.900146      106.966819       38.933327       -0.042189       24.836889       33.807648        3.176792        6.860893       38.326786
      1236       1236.000    914.1832      145.412749       99.807097       45.605652       -0.045092       25.327774       24.642694        5.541480        6.998779       37.341461
      1237       1237.000   1033.7789      144.435120       92.863228       51.571892       -0.047924       25.917000       14.605536        9.019236        7.148212       36.221169
      1238       1238.000   1070.8690      143.891361       90.469165       53.422195       -0.049698       26.544739        8.498750       13.223063        7.307896       34.944416
      1239       1239.000   1012.9717      143.833418       93.299528       50.533890       -0.049601       27.136475        7.706413       17.532852        7.473228       33.500160
      1240       1240.000    925.4592      144.434506       98.266331       46.168175       -0.047727       27.620722       10.080711       21.076420        7.634869       31.901337
      1241       1241.000    850.3026      144.827844      102.408990       42.418854       -0.045245       27.951275       13.558222       22.988935        7.780790       30.175013
      1242       1242.000    779.3531      144.527924      105.648514       38.879410       -0.043598       28.113407       18.558022       22.756550        7.897486       28.366648
      1243       1243.000    714.6349      144.916354      109.265525       35.650829       -0.043425       28.127241       26.240105       20.445652        7.973320       26.522633
      1244       1244.000    643.2297      144.735242      112.646588       32.088654       -0.044352       28.038528       35.458282       16.553570        7.999990       24.640570
      1245       1245.000    648.5955      145.016460      112.660122       32.356339       -0.045643       27.899576       42.240593       11.862642        7.968296       22.734657
      1246       1246.000    755.5723      144.608791      106.915729       37.693062       -0.046830       27.747458       43.383736        7.189327        7.866726       20.775312
      1247       1247.000    941.3309      143.532696       96.572735       46.959961       -0.047777       27.598413       39.077934        3.502523        7.680824       18.760817
      1248       1248.000   1145.1294      142.369395       85.242587       57.126808       -0.048527       27.449043       32.014999        1.741256        7.393993       16.691822
      1249       1249.000   1373.2834      144.127229       75.618547       68.508682       -0.049131       27.288588       24.259029        2.559388        6.988026       14.572647
      1250       1250.000   1527.6758      144.284549       68.073734       76.210815       -0.049584       27.110325       16.124733        6.067394        6.436372       12.384494
      1251       1251.000   1630.1482      143.963783       62.640952       81.322830       -0.049834       26.931177        8.373987       11.435372        5.740215       10.210034
      1252       1252.000   1705.6763      145.164587       60.073904       85.090683       -0.049906       26.786734        3.163378       17.122034        4.921742        8.129922
      1253       1253.000   1658.7875      143.849834       61.098278       82.751556       -0.049908       26.724224        2.597059       21.608473        4.016832        6.201598
      1254       1254.000   1574.0742      143.014405       64.488922       78.525482       -0.049890       26.795124        6.412634       23.721838        3.097930        4.511287
      1255       1255.000   1495.6593      141.996537       67.382920       74.613617       -0.049541       27.039116       12.098131       22.985895        2.224380        3.084938
      1256       1256.000   1493.2714      142.378845       67.884353       74.494492       -0.047710       27.476784       17.563612       19.500315        1.453026        1.938327
      1257       1257.000   1532.0015      143.036749       66.610143       76.426605       -0.041602       28.113371       22.702177       13.945342        0.823749        1.067107
      1258       1258.000   1537.4480      142.247070       65.548751       76.698318       -0.025433       28.934629       28.026388        7.774587        0.369462        0.469118
      1259       1259.000   1502.2455      141.077620       66.135443       74.942177        0.011249       29.904303       32.868927        3.120106        0.102359        0.128499
      1260       1260.000   1457.1360      141.655396       68.963586       72.691811        0.085831       30.981932       35.985783        1.903747        0.002797        0.003497
      1261       1261.000   1335.2678      141.184713       74.572515       66.612198        0.225524       32.132004       37.115887        5.015489        0.037128        0.046483
      1262       1262.000   1177.8634      141.468763       82.708959       58.759804        0.457959       33.277195       36.638664       11.944822        0.172776        0.217543
      1263       1263.000   1037.2056      143.048848       91.306009       51.742840        0.791379       34.328941       34.107101       21.202026        0.386041        0.490520
      1264       1264.000    927.8766      143.627738       97.338966       46.288773        1.180451       35.187943       28.398581       31.043852        0.668346        0.859794
      1265       1265.000    876.7706      142.757512       99.018254       43.739258        1.498100       35.740524       19.952759       39.483288        1.015937        1.327646
      1266       1266.000    927.9144      143.373168       97.082511       46.290657        1.603129       35.915363       11.661332       44.578407        1.425371        1.898907
      1267       1267.000    996.9414      142.667867       92.933679       49.734188        1.455639       35.710651        6.325386       44.941765        1.903612        2.596626
      1268       1268.000   1150.8695      143.682110       86.268948       57.413162        1.136190       35.171551        4.113920       40.002144        2.433017        3.412126
      1269       1269.000   1350.2666      143.187298       75.826855       67.360443        0.764567       34.349922        2.688544       30.691626        2.995787        4.336409
      1270       1270.000   1594.4038      143.263526       63.723861       79.539665        0.441647       33.317436        1.437753       19.659264        3.551034        5.316728
      1271       1271.000   1743.0436      143.007014       56.052196       86.954819        0.210864       32.147102        3.530191        9.779794        4.072519        6.311726
      1272       1272.000   1709.2347      143.211728       57.943524       85.268204        0.073220       30.949265       12.000034        3.083887        4.546100        7.291018
      1273       1273.000   1519.2347      143.290851       67.501133       75.789719        0.002999       29.843126       24.078901        0.344003        4.975938        8.256165
      1274       1274.000   1298.2169      142.225468       77.461613       64.763855       -0.028532       28.925241       32.324413        1.629241        5.376092        9.235156
      1275       1275.000   1198.9205      143.233781       83.423501       59.810280       -0.041430       28.240679       32.483559        6.699465        5.764064       10.277165
      1276       1276.000   1053.1088      141.436831       88.900637       52.536194       -0.046581       27.758518       28.257139       15.274284        6.168382       11.488894
      1277       1277.000    825.5128      140.559813       99.377643       41.182171       -0.048608       27.433491       26.381777       26.080727        6.590022       12.940234
      1278       1278.000    538.9415      140.978808      114.092757       26.886051       -0.049474       27.191309       28.411524       36.821781        7.016168       14.701449
      1279       1279.000    296.0744      140.357066      125.586871       14.770195       -0.049852       26.965693       30.096106       44.400463        7.406408       16.768053
      1280       1280.000    280.4145      140.580580      126.591604       13.988976       -0.049877       26.728636       27.306593       46.011692        7.696320       18.898241
      1281       1281.000    454.7057      140.353239      117.669441       22.683798       -0.049555       26.472553       21.010511       41.413406        7.878428       20.944098
      1282       1282.000    698.6535      140.135148      105.281579       34.853569       -0.048997       26.237444       15.922476       32.481468        7.967850       22.721338
      1283       1283.000    904.1553      140.089428       94.984035       45.105392       -0.048522       26.083078       14.764482       22.013885        7.997948       24.173164
      1284       1284.000   1068.7054      140.233190       86.918920       53.314270       -0.048487       26.066534       15.163280       12.418371        7.996634       25.322588
      1285       1285.000   1217.4625      139.310749       78.575474       60.735275       -0.049003       26.221308       12.891272        5.316432        7.981365       26.214100
      1286       1286.000   1355.7396      138.126578       70.493102       67.633476       -0.049718       26.543304        7.360074        1.800701        7.962406       26.876335
      1287       1287.000   1394.6919      136.750518       67.173843       69.576675       -0.049795       26.990782        2.415447        2.540271        7.945774       27.331364
      1288       1288.000   1293.1741      136.996058       72.483774       64.512283       -0.048252       27.491539        1.761183        7.754378        7.935055       27.589870
      1289       1289.000   1026.8176      136.679490       85.454873       51.224617       -0.044675       27.968473        5.081419       16.857073        7.931965       27.660618
      1290       1290.000    725.4302      137.160872      100.971503       36.189369       -0.039938       28.347563        9.313802       27.861910        7.936705       27.551462
      1291       1291.000    467.1542      137.708703      114.403890       23.304813       -0.035825       28.588448       12.605803       38.021786        7.947960       27.275719
      1292       1292.000    287.2429      138.007535      123.677915       14.329620       -0.033957       28.677948       15.450787       44.771622        7.963343       26.848173
      1293       1293.000    202.2518      138.122683      128.032996       10.089687       -0.034853       28.624830       18.595633       46.586082        7.979725       26.281578
      1294       1294.000    244.9851      138.699212      126.477695       12.221518       -0.037837       28.452459       21.237118       43.250420        7.993437       25.582098
      1295       1295.000    402.5193      138.337982      118.257594       20.080387       -0.041772       28.182764       21.893213       35.499035        7.999981       24.724373
      1296       1296.000    676.4792      138.466978      104.719614       33.747364       -0.045458       27.844748       20.103317       25.113512        7.992336       23.711159
      1297       1297.000    995.5143      138.486519       88.823524       49.662994       -0.048227       27.449852       16.824760       14.134110        7.960081       22.502947
      1298       1298.000   1279.5638      138.032251       74.198938       63.833313       -0.049692       27.012482       13.143829        5.130670        7.887079       21.074570
      1299       1299.000   1480.8369      137.461841       63.587664       73.874176       -0.049798       26.553556        9.493692        0.426481        7.750622       19.413111
      1300       1300.000   1585.6012      137.699924       58.599399       79.100525       -0.048814       26.102709        6.356080        1.153920        7.520439       17.515066
      1301       1301.000   1559.4788      137.540552       59.743189       77.797363       -0.047243       25.697306        4.697480        6.854811        7.157510       15.383325
      1302       1302.000   1445.5980      137.755128       65.638909       72.116219       -0.045688       25.383249        4.885330       15.735376        6.621635       13.059006
      1303       1303.000   1289.7588      137.158408       72.816504       64.341904       -0.044669       25.199966        5.729589       25.452841        5.877160       10.601617
      1304       1304.000   1215.4214      138.143839       77.510386       60.633453       -0.044507       25.174091        5.691562       33.640907        4.920737        8.127595
      1305       1305.000   1187.1012      137.419366       78.198716       59.220650       -0.045261       25.311335        4.916530       38.485065        3.782471        5.748577
      1306       1306.000   1238.0435      137.368348       75.606355       61.761993       -0.046723       25.596613        5.067940       38.721870        2.594984        3.671670
      1307       1307.000   1327.5027      137.191885       70.967062       66.224823       -0.048444       26.004753        6.989829       34.459919        1.522771        2.038235
      1308       1308.000   1428.4456      136.414699       65.154163       71.260536       -0.049723       26.505306        9.559422       27.504025        0.714318        0.920816
      1309       1309.000   1527.1628      136.074637       59.889411       76.185226       -0.049593       27.072317       11.477200       20.880468        0.225040        0.283979
      1310       1310.000   1541.6766      135.217640       58.308369       76.909271       -0.046697       27.694393       13.378821       17.240288        0.018465        0.023098
      1311       1311.000   1444.8207      134.559052       62.481614       72.077438       -0.039041       28.363029       16.426077       17.669046        0.027761        0.034741
      1312       1312.000   1271.1306      133.689442       70.276841       63.412601       -0.023836       29.068645       19.194994       21.603773        0.191700        0.241564
      1313       1313.000   1108.0774      131.924975       76.646570       55.278404        0.001805       29.783052       18.141617       27.656963        0.467285        0.595848
      1314       1314.000   1058.6892      131.591431       78.776840       52.814590        0.038145       30.448538       12.103889       34.292633        0.824934        1.068700
      1315       1315.000   1059.5208      131.830681       78.974613       52.856068        0.080091       31.000635        4.665594       40.315868        1.254583        1.657842
      1316       1316.000   1007.1465      131.393778       81.150484       50.243294        0.114991       31.365181        0.966349       44.584911        1.750134        2.368917
      1317       1317.000    950.8194      132.697805       85.264493       47.433311        0.128310       31.487883        2.261971       45.897064        2.294787        3.194478
      1318       1318.000    918.5276      132.961664       87.139288       45.822376        0.114634       31.357876        5.234845       43.423988        2.875144        4.132801
      1319       1319.000    974.1259      132.280882       83.684889       48.595993        0.080296       30.993378        6.755439       37.261345        3.454172        5.140260
      1320       1320.000   1069.3926      130.724314       77.375773       53.348541        0.038430       30.434681        8.068029       28.672617        3.997810        6.164205
      1321       1321.000   1140.3755      130.643757       73.754101       56.889656        0.001351       29.743214       12.877642       19.483097        4.486188        7.162610
      1322       1322.000   1141.9536      131.991256       75.022880       56.968376       -0.024876       28.988401       21.847378       11.151976        4.924255        8.135745
      1323       1323.000   1082.6599      131.957464       77.947058       54.010406       -0.040001       28.246767       30.591690        4.715924        5.325700        9.106978
      1324       1324.000   1096.6569      132.702881       77.994209       54.708672       -0.046995       27.594114       33.704350        0.945513        5.699843       10.097384
      1325       1325.000   1164.0909      133.326123       75.253384       58.072739       -0.049501       27.055428       30.801600        0.215807        6.065086       11.164965
      1326       1326.000   1190.5515      133.699804       74.307027       59.392776       -0.049889       26.627874       26.221952        2.707973        6.431544       12.367572
      1327       1327.000   1115.0953      133.955091       78.326581       55.628510       -0.049395       26.287737       23.478836        8.063953        6.796843       13.748608
      1328       1328.000   1000.4106      135.035548       85.128291       49.907257       -0.048546       26.004986       21.641483       15.077323        7.142941       15.310104
      1329       1329.000    897.2181      134.942794       90.183478       44.759315       -0.047530       25.755796       18.099176       21.925489        7.444271       17.006275
      1330       1330.000    864.8299      134.921048       91.777474       43.143574       -0.046489       25.540854       13.177238       26.729498        7.674093       18.702280
      1331       1331.000    866.9630      135.360495       92.110507       43.249989       -0.045623       25.380638       10.084688       28.587326        7.828606       20.274872
      1332       1332.000    833.4932      135.013523       93.433239       41.580284       -0.045211       25.312363       10.982772       27.612686        7.921183       21.649446
      1333       1333.000    808.1248      135.292454       94.977715       40.314739       -0.045518       25.377012       14.372504       24.513653        7.970112       22.789951
      1334       1334.000    826.2683      135.825097       94.605237       41.219860       -0.046621       25.601213       17.225620       20.107922        7.992552       23.724550
      1335       1335.000    867.3360      135.596022       92.327429       43.268593       -0.048252       25.987961       18.710917       15.188118        7.999720       24.488966
      1336       1336.000    886.1426      134.941987       90.735192       44.206795       -0.049651       26.506937       20.552811       10.623018        7.998518       25.103559
      1337       1337.000    841.3415      133.809527       91.837714       41.971813       -0.049659       27.102726       23.912287        7.298928        7.993467       25.579966
      1338       1338.000    776.5473      133.494300       94.754859       38.739441       -0.047183       27.706657       27.247679        5.940418        7.987738       25.919550
      1339       1339.000    725.4809      133.498048       97.306146       36.191902       -0.041771       28.267401       28.219549        6.751570        7.983408       26.125990
      1340       1340.000    686.5034      132.994912       98.747476       34.247437       -0.033847       28.753326       26.543762        9.301186        7.981668       26.201380
      1341       1341.000    645.5562      132.151824       99.947112       32.204712       -0.024427       29.154013       24.054266       12.632687        7.982918       26.147655
      1342       1342.000    606.6658      131.510761      101.246164       30.264597       -0.014371       29.481152       22.125259       15.700988        7.986814       25.966322
      1343       1343.000    602.2621      131.507485      101.462574       30.044910       -0.003988       29.756197       20.322754       17.740990        7.992363       25.654259
      1344       1344.000    648.8384      131.942341       99.573884       32.368458        0.006560       29.993151       18.041491       18.334600        7.997780       25.200302
      1345       1345.000    696.1304      131.281030       96.553327       34.727703        0.016305       30.184528       16.434668       17.328344        7.999941       24.589540
      1346       1346.000    718.6416      130.537089       94.686377       35.850712        0.022798       30.299036       17.674715       14.871999        7.994038       23.823792
      1347       1347.000    705.3009      130.109182       94.923998       35.185184        0.023343       30.303385       22.275185       11.440970        7.973782       22.907333
      1348       1348.000    658.5743      128.961303       96.107158       32.854145        0.016809       30.177761       28.335920        7.791327        7.931744       21.853596
      1349       1349.000    649.2107      129.179786       96.792762       32.387024        0.004989       29.931038       33.497608        4.795761        7.861456       20.701910
      1350       1350.000    621.7031      128.236109       97.221350       31.014759       -0.008689       29.594259       37.440212        2.983915        7.754951       19.456701
      1351       1351.000    592.6163      127.907213       98.343496       29.563717       -0.020537       29.231871       40.818527        2.544801        7.608103       18.160732
      1352       1352.000    576.7944      128.175747       99.401337       28.774410       -0.028963       28.906366       43.062035        3.239334        7.413094       16.809471
      1353       1353.000    633.9040      129.339793       97.716369       31.623425       -0.033925       28.669441       41.860172        4.678310        7.157765       15.384604
      1354       1354.000    801.9940      131.262881       91.253988       40.008892       -0.036074       28.548452       35.627235        6.440967        6.821806       13.851603
      1355       1355.000   1011.8336      131.454187       80.977075       50.477112       -0.036008       28.545536       25.835276        8.062440        6.380221       12.189610
      1356       1356.000   1226.0936      131.379028       70.213173       61.165855       -0.034118       28.639557       16.332304        8.999112        5.825162       10.451156
      1357       1357.000   1432.4427      132.513906       61.053961       71.459946       -0.030667       28.797213        9.573538        8.857123        5.160284        8.696469
      1358       1358.000   1608.6107      133.743520       53.495122       80.248398       -0.025805       28.990353        5.537621        7.581613        4.410010        7.001330
      1359       1359.000   1723.6989      133.850516       47.860739       85.989777       -0.019565       29.201979        3.998497        5.587055        3.630124        5.462650
      1360       1360.000   1790.2537      135.898121       46.588146       89.309975       -0.011764       29.427351        6.532012        3.603065        2.886182        4.151300
      1361       1361.000   1648.6080      134.613250       52.369514       82.243736       -0.001762       29.674149       15.177714        2.243115        2.211423        3.064875
      1362       1362.000   1408.0137      134.433212       64.191955       70.241257        0.010962       29.942940       28.597704        1.809860        1.632961        2.197529
      1363       1363.000   1170.6577      135.573337       77.173000       58.400337        0.026859       30.231026       42.051964        2.219194        1.142349        1.501608
      1364       1364.000    964.9296      134.992086       86.854864       48.137222        0.045306       30.519306       51.402786        3.220657        0.727907        0.938902
      1365       1365.000    865.1981      135.395627       92.233685       43.161942        0.062997       30.762836       56.055603        4.454885        0.395116        0.502248
      1366       1366.000    803.4228      135.033085       94.952916       40.080170        0.075060       30.916220       58.070190        5.551807        0.150421        0.189217
      1367       1367.000    778.0001      133.868416       95.056499       38.811916        0.076577       30.939100       57.862991        6.138339        0.017545        0.021947
      1368       1368.000    872.3287      133.702008       90.184346       43.517662        0.066096       30.815142       53.277836        5.987299        0.016870        0.021103
      1369       1369.000   1098.8910      133.986190       79.166060       54.820129        0.046029       30.546144       43.058659        5.164788        0.155188        0.195252
      1370       1370.000   1356.1674      132.779135       65.124319       67.654816        0.021320       30.147831       29.969225        4.020133        0.424946        0.540864
      1371       1371.000   1557.3154      131.444157       53.754719       77.689438       -0.002230       29.659864       19.249908        3.012017        0.799968        1.035192
      1372       1372.000   1656.7816      130.549996       47.898507       82.651489       -0.020824       29.135048       13.403803        2.469186        1.254112        1.657182
      1373       1373.000   1724.6160      132.087926       46.052403       86.035522       -0.033436       28.629116       10.729982        2.554808        1.771514        2.400418
      1374       1374.000   1697.5156      130.784791       46.101212       84.683578       -0.041140       28.177946        8.981456        3.339273        2.354930        3.288748
      1375       1375.000   1639.6564      130.727073       48.929908       81.797165       -0.045433       27.806036        9.030197        4.805323        2.996375        4.337409
      1376       1376.000   1453.2406      129.713458       57.215976       72.497482       -0.047772       27.502140       13.617311        6.853130        3.699366        5.591801
      1377       1377.000   1162.1643      128.892025       70.915401       57.976624       -0.049033       27.245111       23.017012        9.185432        4.443953        7.072926
      1378       1378.000    863.1899      128.686491       85.624731       43.061760       -0.049678       27.010197       33.376278       11.324493        5.191257        8.772183
      1379       1379.000    656.1116      129.013925       96.282636       32.731289       -0.049905       26.781105       40.231884       12.788763        5.890426       10.640363
      1380       1380.000    536.6268      128.096167      101.325586       26.770580       -0.049798       26.557259       42.369843       13.344123        6.498624       12.605536
      1381       1381.000    479.8852      126.288398      102.348475       23.939922       -0.049478       26.362673       41.428604       13.085178        6.980943       14.540555
      1382       1382.000    523.1471      126.891943      100.793825       26.098118       -0.049152       26.231503       38.592834       12.334514        7.336153       16.347973
      1383       1383.000    640.3395      128.064371       96.119902       31.944469       -0.049005       26.185656       32.917778       11.377913        7.598818       18.088743
      1384       1384.000    778.0360      126.807180       87.993474       38.813705       -0.049131       26.238548       23.774553       10.466514        7.785534       19.777456
      1385       1385.000    958.6371      126.801637       78.978326       47.823311       -0.049445       26.376228       13.565362        9.806590        7.905649       21.373941
      1386       1386.000   1061.5853      126.077791       73.118727       52.959064       -0.049752       26.562931        6.216733        9.495223        7.974146       22.919445
      1387       1387.000   1080.1643      127.006023       73.120113       53.885910       -0.049896       26.742962        4.462317        9.561635        7.999403       24.403692
      1388       1388.000    983.9865      127.111009       78.023099       49.087910       -0.049901       26.863626        7.506047        9.885288        7.989445       25.828594
      1389       1389.000    843.2691      126.928896       84.860922       42.067974       -0.049896       26.884008       12.755911       10.172136        7.952904       27.145859
      1390       1390.000    699.3618      126.604804       91.715903       34.888901       -0.049905       26.791550       18.703894       10.057230        7.900345       28.312790
      1391       1391.000    553.4545      126.064152       98.454094       27.610058       -0.049768       26.602777       25.463198        9.293333        7.841995       29.302559
      1392       1392.000    427.2096      125.971209      104.659102       21.312107       -0.049316       26.355959       32.604515        7.855824        7.785938       30.106182
      1393       1393.000    371.2921      126.906697      108.384133       18.522564       -0.048542       26.092695       37.959721        5.902216        7.736403       30.741640
      1394       1394.000    382.0559      126.629269      107.569731       19.059538       -0.047559       25.839190       39.154392        3.682272        7.693823       31.247614
      1395       1395.000    468.8264      125.660975      102.272739       23.388235       -0.046542       25.617472       35.746517        1.662640        7.659588       31.633064
      1396       1396.000    628.2774      126.413919       95.071188       31.342731       -0.045557       25.424160       29.832266        0.312261        7.633646       31.914412
      1397       1397.000    778.1638      127.419836       88.599756       38.820080       -0.044526       25.235744       23.605408        0.076267        7.614967       32.111897
      1398       1398.000    853.9503      126.810240       84.209414       42.600826       -0.043367       25.034981       18.036509        1.351263        7.603996       32.226032
      1399       1399.000    901.9780      126.975433       81.978664       44.996769       -0.042072       24.820475       13.272533        4.081201        7.602230       32.244297
      1400       1400.000    907.7446      127.498708       82.214262       45.284447       -0.040717       24.603386       10.130607        7.759660        7.611317       32.150009
      1401       1401.000    840.0224      127.750450       85.844444       41.906006       -0.039509       24.413549       10.307169       11.606815        7.632780       31.923639
      1402       1402.000    712.5265      128.171482       92.625835       35.545647       -0.038739       24.291883       14.328146       14.831471        7.667492       31.545582
      1403       1403.000    557.9289      128.095733      100.262460       27.833273       -0.038672       24.275721       20.448902       16.867769        7.715576       30.993164
      1404       1404.000    448.7436      128.199148      105.812780       22.386368       -0.039463       24.388498       26.078163       17.361336        7.775188       30.249058
      1405       1405.000    406.4716      128.273516      107.995962       20.277554       -0.041103       24.633915       30.093405       16.173107        7.842548       29.294090
      1406       1406.000    423.0393      128.289978      107.185911       21.104067       -0.043394       24.996258       32.807369       13.387225        7.909838       28.128614
      1407       1407.000    500.5439      128.714582      103.744062       24.970520       -0.045941       25.445341       34.129894        9.462360        7.965330       26.787077
      1408       1408.000    626.2452      128.520965       97.279613       31.241352       -0.048242       25.952593       32.769115        5.284507        7.996609       25.325031
      1409       1409.000    812.0095      128.757232       88.248703       40.508530       -0.049695       26.489937       27.904984        2.071259        7.994238       23.837980
      1410       1410.000    983.7855      128.201084       79.123203       49.077881       -0.049643       27.055519       21.036852        0.745453        7.955309       22.379713
      1411       1411.000   1114.0813      128.832086       73.254163       55.577923       -0.047094       27.654758       15.144734        1.629606        7.881552       20.990606
      1412       1412.000   1127.5100      127.895037       71.647200       56.247837       -0.040200       28.311539       11.538659        4.416599        7.773384       19.647219
      1413       1413.000   1082.3929      126.458786       72.461697       53.997089       -0.025933       29.027185        9.116723        8.379087        7.630028       18.334606
      1414       1414.000   1069.8901      126.992546       73.619179       53.373367       -0.000112       29.786919        6.701135       12.673635        7.445223       17.012379
      1415       1415.000   1013.9380      126.241639       75.659547       50.582092        0.041982       30.563885        5.652224       16.584314        7.202574       15.614569
      1416       1416.000    916.9190      126.025176       80.283046       45.742130        0.099718       31.278820        8.605002       19.276144        6.888806       14.134555
      1417       1417.000    797.4501      126.615990       86.833775       39.782215        0.163348       31.853117       15.716656       20.040646        6.489000       12.571009
      1418       1418.000    689.1739      126.016791       91.636130       34.380661        0.214408       32.222576       23.763443       18.491833        5.994439       10.949431
      1419       1419.000    687.8621      125.619244       91.304028       34.315216        0.233789       32.345722       29.022720       14.921033        5.423533        9.357230
      1420       1420.000    806.2823      126.821584       86.598764       40.222820        0.216446       32.228794       31.266680       10.245098        4.797061        7.844685
      1421       1421.000    904.0347      126.356293       81.256920       45.099373        0.172593       31.910444       33.043304        5.583969        4.126727        6.419882
      1422       1422.000    999.5383      127.473851       77.610112       49.863739        0.121475       31.472200       35.362339        2.079077        3.447260        5.127761
      1423       1423.000   1076.3679      127.325063       73.628538       53.696526        0.076595       30.995880       35.499882        0.354043        2.760298        3.941841
      1424       1424.000   1225.0513      127.513481       66.399623       61.113857        0.043790       30.559774       30.046968        0.803891        2.080868        2.864331
      1425       1425.000   1429.6742      128.004540       56.682709       71.321831        0.021767       30.199274       19.655750        3.503942        1.416166        1.885809
      1426       1426.000   1574.4657      127.628232       49.083219       78.545013        0.007331       29.916716        9.204911        8.129494        0.795527        1.029240
      1427       1427.000   1623.8652      127.976309       46.966917       81.009392       -0.002241       29.698633        3.006045       13.598427        0.293983        0.372070
      1428       1428.000   1596.7091      128.369659       48.714996       79.654663       -0.008772       29.528368        1.001761       18.146530        0.020927        0.026182
      1429       1429.000   1535.9573      127.048830       50.424883       76.623947       -0.013078       29.400705        0.881695       19.984535        0.075877        0.095148
      1430       1430.000   1523.8485      127.064504       51.044621       76.019882       -0.015242       29.325483        2.225981       18.470428        0.456348        0.581623
      1431       1431.000   1475.0018      126.784219       53.201135       73.583084       -0.014923       29.321430        6.950650       14.500245        1.058183        1.385549
      1432       1432.000   1343.0359      125.795676       58.795950       66.999725       -0.011291       29.412733       15.507332        9.767120        1.750541        2.369515
      1433       1433.000   1193.9216      125.193261       65.632364       59.560898       -0.003033       29.616961       24.297926        5.854410        2.441116        3.424985
      1434       1434.000   1110.6152      125.387718       69.982704       55.405014        0.011586       29.933266       28.637726        3.799635        3.094727        4.505764
      1435       1435.000   1089.1924      125.826274       71.489978       54.336296        0.034096       30.334459       27.563810        4.233325        3.710881        5.613405
      1436       1436.000   1004.6099      123.914554       73.797810       50.116745        0.064030       30.764523       24.388533        7.517406        4.297103        6.766216
      1437       1437.000    906.8329      125.112214       79.873246       45.238968        0.096029       31.142357       22.470478       13.367398        4.844533        7.952450
      1438       1438.000    733.8626      125.295020       88.684981       36.610039        0.122553       31.413937       21.580666       20.987560        5.367379        9.212886
      1439       1439.000    594.9674      125.593543       95.912539       29.681004        0.134026       31.527327       19.366215       28.519579        5.848109       10.517283
      1440       1440.000    549.1072      125.853048       98.459863       27.393185        0.125107       31.456398       14.881486       33.889717        6.274325       11.832829
      1441       1441.000    588.7548      125.946030       96.574954       29.371077        0.097403       31.194662        9.898973       35.630352        6.636842       13.116721
      1442       1442.000    673.6362      125.756806       92.151269       33.605537        0.059305       30.759769        6.700752       33.374748        6.932440       14.324255
      1443       1443.000    781.6269      125.144051       86.151207       38.992844        0.021511       30.195007        5.579239       27.770031        7.164863       15.420556
      1444       1444.000    940.4357      125.332709       78.417403       46.915306       -0.008655       29.556696        5.058569       20.080679        7.342907       16.387207
      1445       1445.000   1116.8062      125.226294       69.512442       55.713852       -0.029366       28.886093        4.156572       11.787118        7.479002       17.233023
      1446       1446.000   1226.2521      123.136002       61.962242       61.173759       -0.041669       28.217379        3.530867        4.713681        7.581919       17.960066
      1447       1447.000   1278.8473      122.574998       58.777433       63.797565       -0.047742       27.578133        4.267000        0.758805        7.657816       18.563421
      1448       1448.000   1214.5614      121.940237       61.349688       60.590549       -0.049819       26.970018        6.441908        1.218045        7.713579       19.055956
      1449       1449.000   1042.5709      121.303315       69.292817       52.010498       -0.049465       26.405046        9.281604        6.462528        7.753281       19.439823
      1450       1450.000    786.0228      120.233128       81.020989       39.212139       -0.047856       25.901766       12.176918       15.494464        7.779833       19.715864
      1451       1451.000    525.9812      120.394712       94.155206       26.239506       -0.045893       25.487614       14.830988       26.203653        7.795174       19.883671
      1452       1452.000    289.2120      120.481301      106.053447       14.427855       -0.044170       25.179880       16.702852       36.466213        7.800875       19.947796
      1453       1453.000    127.0512      120.225592      113.887418        6.338173       -0.043055       24.995499       16.955688       44.272133        7.797495       19.909658
      1454       1454.000     83.8854      120.078011      115.893237        4.184773       -0.042703       24.938847       15.446929       47.991436        7.785175       19.773554
      1455       1455.000    163.9662      120.417397      112.237651        8.179747       -0.043043       24.992731       13.055705       46.924046        7.763559       19.544653
      1456       1456.000    326.8962      120.035368      103.727571       16.307796       -0.043916       25.134281       10.634032       41.046494        7.731485       19.225195
      1457       1457.000    539.1028      118.649923       91.755824       26.894098       -0.045075       25.330442        8.211891       31.719231        7.690767       18.848568
      1458       1458.000    804.5986      118.391911       78.253083       40.138828       -0.046321       25.557114        5.307673       21.343771        7.643829       18.447018
      1459       1459.000   1053.1658      118.779714       66.240674       52.539040       -0.047576       25.814281        2.567435       12.284990        7.591196       18.030348
      1460       1460.000   1196.1885      119.312286       59.638302       59.673985       -0.048764       26.115416        1.945011        6.496748        7.532213       17.597677
      1461       1461.000   1183.5325      119.192053       60.149439       59.042614       -0.049683       26.481651        4.337979        4.783685        7.463701       17.132105
      1462       1462.000   1090.6927      119.854930       65.443794       54.411137       -0.049813       26.927904        7.755248        6.822837        7.380091       16.607527
      1463       1463.000    974.1247      120.294202       71.698267       48.595936       -0.048146       27.456488        9.308493       11.720198        7.272485       15.988750
      1464       1464.000    857.3128      120.306868       77.538298       42.768570       -0.043283       28.038820        8.765055       18.398102        7.130660       15.248944
      1465       1465.000    718.2704      120.379523       84.547327       35.832195       -0.034265       28.617281        9.033247       25.614704        6.943463       14.372897
      1466       1466.000    535.6802      120.412095       93.688736       26.723358       -0.021899       29.122820       12.614558       31.915087        6.699506       13.358665
      1467       1467.000    370.5684      120.590127      102.103666       18.486462       -0.009480       29.492655       18.339890       35.656673        6.392400       12.231528
      1468       1468.000    314.7168      120.581839      104.881632       15.700207       -0.001331       29.690372       22.549871       35.582333        6.023343       11.037044
      1469       1469.000    423.6441      121.051431       99.917192       21.134239       -0.000366       29.705017       23.251394       31.525326        5.603213        9.832607
      1470       1470.000    616.5194      120.871811       90.115646       30.756165       -0.006598       29.544468       22.290045       24.507275        5.138041        8.642415
      1471       1471.000    801.5208      120.787157       80.801875       39.985283       -0.017200       29.238462       22.989405       16.438459        4.645520        7.507228
      1472       1472.000    933.5375      120.746504       74.175329       46.571175       -0.028311       28.838104       25.761974        9.048073        4.129683        6.425807
      1473       1473.000   1052.8962      120.639396       68.113803       52.525593       -0.037180       28.407501       27.187160        3.587649        3.586576        5.382096
      1474       1474.000   1207.0707      120.383939       60.167081       60.216858       -0.043038       28.003977       23.969181        0.874364        3.007040        4.355557
      1475       1475.000   1359.2194      119.456471       51.649403       67.807068       -0.046423       27.663332       16.897202        1.419468        2.382944        3.332880
      1476       1476.000   1476.7976      120.288947       46.616278       73.672668       -0.048201       27.399366        9.922519        5.294474        1.721411        2.326709
      1477       1477.000   1460.4395      120.008025       47.151412       72.856613       -0.049084       27.206068        5.723184       11.847170        1.049898        1.374175
      1478       1478.000   1386.8754      120.256772       51.070035       69.186737       -0.049488       27.078239        3.786136       19.207172        0.460697        0.587279
      1479       1479.000   1343.6415      121.552689       54.522751       67.029938       -0.049643       27.014179        2.530577       24.845732        0.080696        0.101210
      1480       1480.000   1307.4928      121.267626       56.041033       65.226593       -0.049636       27.023460        2.249451       26.777287        0.017980        0.022492
      1481       1481.000   1277.8795      120.540834       56.791551       63.749283       -0.049407       27.128082        4.514837       24.548334        0.286816        0.362889
      1482       1482.000   1264.0330      120.783788       57.725267       63.058521       -0.048617       27.356071        9.295324       19.287323        0.799970        1.035195
      1483       1483.000   1265.3091      121.076455       57.954270       63.122185       -0.046328       27.733784       14.174189       12.700542        1.453326        1.938757
      1484       1484.000   1283.3240      120.472677       56.451787       64.020889       -0.040506       28.270954       16.586998        6.470419        2.167241        2.996681
      1485       1485.000   1312.8146      119.792846       54.300766       65.492081       -0.027569       28.948227       16.299913        2.035349        2.888932        4.155914
      1486       1486.000   1307.7480      119.502214       54.262880       65.239334       -0.002412       29.720850       15.100299        0.465169        3.590198        5.388776
      1487       1487.000   1219.9761      119.080773       58.220105       60.860668        0.040037       30.523071       14.340619        2.387310        4.253149        6.675919
      1488       1488.000   1089.3635      119.893965       65.549131       54.344833        0.100699       31.275202       13.660991        7.665145        4.859790        7.987305
      1489       1489.000    935.9727      120.925675       74.233017       46.692657        0.173093       31.911385       12.165092       15.277822        5.402553        9.303073
      1490       1490.000    751.9858      120.043982       82.529837       37.514145        0.241327       32.374821        9.965491       23.480789        5.874255       10.593154
      1491       1491.000    624.6180      120.344400       89.184223       31.160177        0.283881       32.620129        8.038980       30.177191        6.264298       11.799745
      1492       1492.000    547.0322      120.677470       93.387801       27.289669        0.288273       32.641975        6.866946       34.077236        6.586451       12.926920
      1493       1493.000    552.5382      121.912661       94.348313       27.564348        0.254878       32.450710        6.280461       34.536133        6.851276       13.974854
      1494       1494.000    604.3068      122.265740       92.118821       30.146919        0.195252       32.065853        6.217381       31.592670        7.074103       14.973561
      1495       1495.000    674.1195      121.569581       87.939935       33.629646        0.127066       31.523495        7.144913       25.957317        7.261038       15.926105
      1496       1496.000    766.0862      121.679065       83.461498       38.217567        0.065155       30.866974        9.300785       18.975864        7.417265       16.835455
      1497       1497.000    837.6190      121.543056       79.756946       41.786110        0.016512       30.125679       12.112435       12.229233        7.549795       17.723291
      1498       1498.000    852.9354      120.145993       77.595799       42.550194       -0.016566       29.342691       14.603431        7.416782        7.660807       18.588654
      1499       1499.000    817.2335      118.508223       77.739081       40.769142       -0.035817       28.574955       16.375256        5.664543        7.750298       19.409847
      1500       1500.000    766.2056      118.732869       80.509347       38.223522       -0.045308       27.872990       17.619719        7.075210        7.819712       20.167025
      1501       1501.000    687.5903      119.479397       85.177735       34.301662       -0.049063       27.266907       18.108377       11.120808        7.872541       20.858164
      1502       1502.000    594.0123      119.609161       89.975803       29.633358       -0.049906       26.788422       16.886940       16.969854        7.911194       21.469299
      1503       1503.000    544.0547      120.459439       93.318304       27.141134       -0.049650       26.458479       13.467384       23.531076        7.937572       21.973442
      1504       1504.000    494.9720      119.976474       95.283915       24.692558       -0.049238       26.267021        8.959119       29.801548        7.954170       22.351295
      1505       1505.000    451.6478      119.355558       96.824308       22.531250       -0.049026       26.193977        5.667495       34.488216        7.962246       22.561399
      1506       1506.000    423.5641      119.168608       98.038360       21.130247       -0.049037       26.202890        4.810515       36.537514        7.962696       22.573782
      1507       1507.000    456.5419      120.431495       97.656093       22.775402       -0.049178       26.258398        5.743706       35.369675        7.955250       22.378242
      1508       1508.000    512.8678      120.201923       94.616604       25.585320       -0.049371       26.339783        7.331521       31.068081        7.938276       21.988314
      1509       1509.000    609.8945      120.433045       90.007376       30.425669       -0.049577       26.441013        9.514225       24.723799        7.911055       21.466862
      1510       1510.000    667.9936      119.815242       86.491198       33.324043       -0.049785       26.579224       13.501842       17.716890        7.873341       20.869686
      1511       1511.000    694.4448      120.537162       85.893554       34.643608       -0.049908       26.781815       19.634502       11.451797        7.826483       20.248865
      1512       1512.000    669.5903      120.566582       87.162884       33.403698       -0.049635       27.082682       26.065880        6.681974        7.770031       19.611952
      1513       1513.000    656.8704      120.406669       87.637527       32.769142       -0.048198       27.496004       29.644844        3.878647        7.703449       18.962780
      1514       1514.000    684.7844      120.146234       85.984552       34.161682       -0.044227       28.013487       29.006147        3.101417        7.623720       18.284008
      1515       1515.000    739.6329      120.343293       83.445398       36.897896       -0.035950       28.598680       25.624079        4.180925        7.525715       17.551949
      1516       1516.000    787.7874      121.135588       81.835418       39.300171       -0.022040       29.195105       21.772747        6.745650        7.402149       16.741806
      1517       1517.000    843.8226      123.144507       81.048918       42.095589       -0.003114       29.736509       18.066133       10.165432        7.244950       15.839007
      1518       1518.000    897.0082      123.954785       79.205937       44.748848        0.017514       30.168230       13.536158       13.602156        7.045213       14.836667
      1519       1519.000   1001.6714      125.231556       75.261398       49.970158        0.034000       30.443981        8.115370       16.097855        6.801689       13.768503
      1520       1520.000   1072.9628      124.266610       70.739961       53.526649        0.041749       30.552826        3.891688       17.089066        6.511760       12.652873
      1521       1521.000   1129.5798      124.815404       68.464315       56.351089        0.039477       30.506889        3.705756       16.502201        6.180946       11.529045
      1522       1522.000   1149.1147      126.794700       69.469070       57.325630        0.029626       30.339069        8.236436       14.678562        5.801618       10.383759
      1523       1523.000   1097.6101      127.270517       72.514291       54.756226        0.015962       30.086819       15.718647       12.135962        5.360801        9.196101
      1524       1524.000   1029.4194      126.997793       75.643385       51.354408        0.001896       29.788490       23.518349        9.509888        4.852993        7.971769
      1525       1525.000    973.5291      126.774557       78.208334       48.566223       -0.010777       29.468735       30.354706        7.409494        4.271873        6.714303
      1526       1526.000    920.6502      126.606853       80.678585       45.928268       -0.021510       29.137583       36.162201        6.352517        3.614360        5.433434
      1527       1527.000    905.8112      127.936777       82.748778       45.188000       -0.030224       28.799629       40.295246        6.629502        2.892583        4.162041
      1528       1528.000    911.0583      128.165990       82.716230       45.449760       -0.037064       28.455605       41.099819        8.128723        2.129876        2.939270
      1529       1529.000    996.3348      128.646785       78.942859       49.703926       -0.042011       28.122219       37.388535       10.218449        1.397037        1.858631
      1530       1530.000   1125.3982      127.835526       71.693039       56.142487       -0.045294       27.818182       30.131981       12.029022        0.767466        0.991683
      1531       1531.000   1292.2061      127.438734       62.974745       64.463989       -0.047218       27.571749       21.888159       12.856411        0.311328        0.394316
      1532       1532.000   1450.7706      126.907755       54.533487       72.374268       -0.048184       27.406105       14.576187       12.470575        0.057170        0.071634
      1533       1533.000   1615.3563      127.840378       47.255462       80.584915       -0.048514       27.337769        8.915595       11.039180        0.005081        0.006352
      1534       1534.000   1674.0961      125.601488       42.086237       83.515251       -0.048376       27.368231        5.511122        8.944377        0.137727        0.173156
      1535       1535.000   1722.8348      126.935012       40.988341       85.946671       -0.047788       27.481506        5.867094        6.719613        0.425864        0.542053
      1536       1536.000   1584.6180      124.875347       45.823863       79.051483       -0.046706       27.649956       11.453305        4.822506        0.846754        1.098048
      1537       1537.000   1398.3065      126.274732       56.517728       69.757004       -0.045226       27.832516       21.861334        3.702115        1.360346        1.806644
      1538       1538.000   1073.0466      124.504757       70.973927       53.530830       -0.043594       27.997086       34.901695        3.520289        1.942913        2.655538
      1539       1539.000    781.7437      124.511314       85.512645       38.998669       -0.042281       28.111418       47.179268        4.134892        2.542435        3.586913
      1540       1540.000    537.9680      124.477495       97.640010       26.837484       -0.041656       28.162029       56.689445        5.116181        3.136345        4.577665
      1541       1541.000    384.3245      124.701787      105.529076       19.172710       -0.041888       28.145262       62.167439        5.958495        3.702359        5.597411
      1542       1542.000    334.1992      124.471932      107.799813       16.672119       -0.042868       28.067392       62.633301        6.274750        4.232832        6.634406
      1543       1543.000    418.2632      124.490233      103.624431       20.865803       -0.044288       27.941605       57.454121        5.883770        4.719183        7.670040
      1544       1544.000    607.9329      124.047585       93.719776       30.327808       -0.045852       27.778965       47.267757        4.831285        5.169262        8.718359
      1545       1545.000    868.2968      124.081318       80.764793       43.316525       -0.047314       27.588762       34.483910        3.372312        5.584644        9.782478
      1546       1546.000   1098.8217      122.927401       68.110735       54.816666       -0.048531       27.373913       22.037106        1.896755        5.971388       10.880106
      1547       1547.000   1276.4585      122.315249       58.636855       63.678394       -0.049389       27.140455       12.347111        0.871709        6.325025       12.001945
      1548       1548.000   1377.8741      122.490438       53.752744       68.737694       -0.049837       26.894508        6.486275        0.630851        6.644608       13.146339
      1549       1549.000   1347.2012      121.371972       54.164452       67.207520       -0.049882       26.649145        5.067967        1.265588        6.927794       14.303841
      1550       1550.000   1246.8853      122.162501       59.959418       62.203083       -0.049629       26.429596        8.409571        2.560612        7.168783       15.440485
      1551       1551.000   1048.7010      122.523815       70.207504       52.316311       -0.049269       26.261158       15.941279        4.135024        7.370331       16.548981
      1552       1552.000    784.2366      121.590305       82.467274       39.123032       -0.049020       26.172421       25.652956        5.552320        7.533291       17.605307
      1553       1553.000    563.7065      121.553535       93.432035       28.121500       -0.049038       26.183376       34.631283        6.431092        7.659309       18.576012
      1554       1554.000    424.0328      122.152099      100.998472       21.153627       -0.049322       26.297623       40.986160        6.550820        7.755089       19.458101
      1555       1555.000    355.3254      122.288657      104.562621       17.726036       -0.049710       26.505337       44.198776        5.828865        7.826786       20.252567
      1556       1556.000    352.8394      121.769545      104.167529       17.602016       -0.049908       26.779640       44.235233        4.386920        7.877991       20.937653
      1557       1557.000    441.1853      122.013048      100.003737       22.009312       -0.049629       27.083654       40.959595        2.609676        7.912270       21.488171
      1558       1558.000    570.2077      121.073913       92.628089       28.445824       -0.048688       27.395708       34.442875        0.996675        7.934383       21.907135
      1559       1559.000    750.8315      121.518684       84.062122       37.456562       -0.047057       27.692993       26.187445        0.097088        7.947172       22.184481
      1560       1560.000    901.0823      121.880561       76.928474       44.952087       -0.044675       27.980444       18.521935        0.187160        7.953318       22.330294
      1561       1561.000    981.6580      122.453895       73.482143       48.971752       -0.041388       28.266867       13.678513        1.276151        7.954035       22.347965
      1562       1562.000    967.4861      122.280161       74.015402       48.264759       -0.036849       28.564936       12.183356        3.114849        7.949541       22.239569
      1563       1563.000    883.1938      121.390001       77.330309       44.059692       -0.030710       28.876104       13.241283        5.299039        7.939087       22.005505
      1564       1564.000    761.6332      120.261840       82.266417       37.995422       -0.023007       29.184271       16.155334        7.383166        7.920980       21.645672
      1565       1565.000    666.5285      121.598331       88.347374       33.250957       -0.014689       29.455730       20.892992        8.960958        7.892550       21.159832
      1566       1566.000    526.0968      121.380810       95.135537       26.245274       -0.007513       29.655710       27.334597        9.774511        7.848654       20.529577
      1567       1567.000    405.3902      120.725004      100.501394       20.223610       -0.004271       29.737003       33.546890        9.659824        7.785446       19.776501
      1568       1568.000    371.8798      120.490540      101.938658       18.551882       -0.006504       29.677460       36.876934        8.762846        7.699650       18.928272
      1569       1569.000    444.5348      120.978341       98.801934       22.176407       -0.013408       29.483763       36.240570        7.503336        7.587259       18.000414
      1570       1570.000    562.4711      120.875052       92.815180       28.059872       -0.022509       29.185741       32.770164        6.439145        7.443203       16.999435
      1571       1571.000    676.1996      120.339546       86.606132       33.733414       -0.030923       28.842182       28.465204        6.107722        7.266426       15.955521
      1572       1572.000    774.8552      119.856776       81.201755       38.655022       -0.037082       28.518139       23.979862        6.808138        7.054114       14.878583
      1573       1573.000    887.2196      120.221359       75.960838       44.260521       -0.040833       28.265474       18.571226        8.612602        6.798199       13.754169
      1574       1574.000    982.0307      119.693611       70.703270       48.990341       -0.042684       28.112080       12.167475       11.438888        6.481899       12.545612
      1575       1575.000   1067.1198      120.253024       67.017863       53.235161       -0.043116       28.065964        6.737192       14.932405        6.088370       11.237048
      1576       1576.000   1068.3717      119.946904       66.649289       53.297615       -0.042410       28.115602        4.692964       18.489754        5.591749        9.801630
      1577       1577.000   1000.4897      119.182333       69.271132       49.911201       -0.040588       28.243530        6.681606       21.128563        4.983688        8.274332
      1578       1578.000    927.9758      118.529759       72.236039       46.293720       -0.037398       28.437540       10.990993       21.829000        4.281604        6.734298
      1579       1579.000    895.0507      117.890540       73.239348       44.651192       -0.032147       28.699234       15.710202       20.048223        3.531993        5.281842
      1580       1580.000    906.7462      117.599632       72.364990       45.234642       -0.023365       29.043375       20.461731       16.079639        2.798521        4.005090
      1581       1581.000    915.3604      116.847550       71.183175       45.664375       -0.008155       29.493221       25.675436       10.947497        2.132256        2.942919
      1582       1582.000    937.6047      117.006370       70.232299       46.774071        0.018578       30.065401       30.469017        6.018236        1.563771        2.097296
      1583       1583.000    973.9476      116.824980       68.237876       48.587105        0.065925       30.770836       32.415554        2.462940        1.091391        1.431229
      1584       1584.000   1064.8961      117.277729       64.153504       53.124226        0.146993       31.589069       29.601151        1.192132        0.709607        0.914551
      1585       1585.000   1166.9927      117.450366       59.232867       58.217499        0.277962       32.477657       22.818413        2.731330        0.408258        0.519247
      1586       1586.000   1237.7192      118.247441       56.501622       61.745819        0.467655       33.358509       15.081252        7.173417        0.186204        0.234584
      1587       1587.000   1193.7194      117.431052       57.880248       59.550804        0.704015       34.144936        8.920869       14.004332        0.047102        0.058994
      1588       1588.000   1091.3844      116.783171       62.337530       54.445641        0.935721       34.739468        4.885264       21.777075        0.000001        0.000001
      1589       1589.000   1018.8676      117.939867       67.111849       50.828018        1.088650       35.073753        2.278231       28.562435        0.048292        0.060487
      1590       1590.000    949.5903      117.712874       70.340880       47.371994        1.099290       35.102715        1.020176       32.684975        0.191903        0.241822
      1591       1591.000    937.5435      118.490009       71.718990       46.771019        0.952139       34.799648        1.929088       33.083179        0.420210        0.534726
      1592       1592.000    943.6301      118.805906       71.731244       47.074661        0.700129       34.173302        5.410452       29.796436        0.721093        0.929832
      1593       1593.000    960.9554      118.358144       70.419179       47.938965        0.434571       33.282852       10.481965       23.727417        1.078666        1.413709
      1594       1594.000   1011.5567      117.866725       67.403426       50.463299        0.224104       32.225346       15.165730       16.334681        1.478635        1.974930
      1595       1595.000   1093.4362      117.473200       62.925203       54.547997        0.086851       31.096432       17.949402        9.262566        1.915514        2.614439
      1596       1596.000   1198.2672      118.234674       58.456991       59.777683        0.009618       29.973640       18.553192        4.184336        2.390846        3.345357
      1597       1597.000   1224.5383      117.144111       56.055850       61.088261       -0.028764       28.902107       17.519382        2.547194        2.915451        4.200480
      1598       1598.000   1203.5183      117.186819       57.147173       60.039646       -0.044746       27.933712       15.419474        5.150600        3.487474        5.200659
      1599       1599.000   1123.1620      117.812001       61.781075       56.030926       -0.049598       27.080853       12.607423       11.635459        4.113512        6.393427
      1600       1600.000    992.1746      118.452503       68.956115       49.496387       -0.049435       26.354675        9.478014       20.557056        4.789098        7.826707
      1601       1601.000    834.1749      118.511136       76.896840       41.614296       -0.047451       25.766178        6.461414       29.693085        5.490825        9.532789
      1602       1602.000    686.5076      117.705750       83.458100       34.247650       -0.045247       25.324532        3.843959       36.663773        6.171677       11.499407
      1603       1603.000    614.5684      117.526474       86.867641       30.658833       -0.043552       25.031492        1.821666       39.641647        6.771411       13.644977
      1604       1604.000    609.1497      116.949956       86.561443       30.388514       -0.042568       24.871323        0.710412       37.886608        7.253034       15.882634
      1605       1605.000    667.6420      116.429323       83.122820       33.306503       -0.042278       24.824459        0.915426       31.760509        7.596188       18.068516
      1606       1606.000    774.1806      116.504672       77.883300       38.621372       -0.042551       24.866579        2.435270       22.725157        7.812866       20.085979
      1607       1607.000    880.6672      116.494487       72.560840       43.933647       -0.043244       24.976429        4.831476       12.991430        7.932663       21.872086
      1608       1608.000    932.3642      115.761705       69.249063       46.512642       -0.044240       25.139973        7.726575        5.046979        7.986359       23.393417
      1609       1609.000    936.9382      116.551356       69.810531       46.740826       -0.045452       25.351732       11.114933        0.741444        7.999994       24.647879
      1610       1610.000    852.6213      117.354204       74.819681       42.534523       -0.046829       25.618315       14.886562        0.687271        7.991924       25.682438
      1611       1611.000    686.3046      117.170009       82.932487       34.237522       -0.048234       25.943645       17.976942        4.562193        7.973265       26.524675
      1612       1612.000    513.8932      117.093536       91.457061       25.636475       -0.049382       26.318613       18.845695       11.202341        7.951305       27.188488
      1613       1613.000    364.4243      116.744457       98.564503       18.179955       -0.049904       26.722521       17.139460       19.128716        7.930517       27.693193
      1614       1614.000    256.5695      116.811903      104.012478       12.799424       -0.049520       27.113174       14.299786       26.689795        7.913988       28.045256
      1615       1615.000    176.2065      116.830846      108.040475        8.790371       -0.048361       27.443087       12.112635       32.380230        7.903671       28.249214
      1616       1616.000    161.4907      117.495823      109.439573        8.056250       -0.047143       27.656664       10.863664       34.769413        7.901239       28.295736
      1617       1617.000    237.8645      117.880285      106.013993       11.866292       -0.046732       27.719719        9.119681       33.140968        7.907600       28.172756
      1618       1618.000    423.7146      118.118664       96.980912       21.137753       -0.047501       27.612097        5.808262       27.815344        7.922409       27.870300
      1619       1619.000    638.0132      116.852826       85.024403       31.828423       -0.048862       27.348587        2.090237       20.304539        7.943571       27.386332
      1620       1620.000    828.1339      116.484296       75.171369       41.312927       -0.049794       26.982809        0.775587       12.759008        7.966923       26.736835
      1621       1621.000    935.6295      116.931408       70.255875       46.675533       -0.049777       26.577662        3.093329        6.729712        7.987785       25.917164
      1622       1622.000    954.0464      117.093830       69.499531       47.594299       -0.048974       26.199726        7.155282        3.276154        7.999519       24.917824
      1623       1623.000    961.1167      118.192391       70.245381       47.947010       -0.047923       25.903660        9.663815        3.001400        7.992666       23.731764
      1624       1624.000    942.5621      118.638047       71.616666       47.021381       -0.047070       25.711372        9.521964        6.150599        7.953169       22.326632
      1625       1625.000    859.1090      118.244033       75.385856       42.858177       -0.046617       25.620413        8.701155       12.566535        7.860168       20.684202
      1626       1626.000    731.6878      119.324325       82.822784       36.501541       -0.046537       25.607349        9.485108       21.289684        7.685478       18.801701
      1627       1627.000    553.7161      119.650785       92.027677       27.623108       -0.046699       25.641623       11.724100       30.666332        7.387854       16.654467
      1628       1628.000    423.3943      119.396955       98.275179       21.121777       -0.046991       25.701128       13.260262       38.083931        6.936169       14.340679
      1629       1629.000    426.8364      119.420543       98.127052       21.293491       -0.047388       25.783165       12.787157       41.228252        6.336207       12.039659
      1630       1630.000    553.5295      119.667112       92.053308       27.613804       -0.047958       25.909281       11.341863       39.320938        5.628348        9.900836
      1631       1631.000    724.2365      119.117776       82.987954       36.129822       -0.048759       26.118547       10.842340       33.160461        4.880525        8.034841
      1632       1632.000    908.9490      118.732011       73.387475       45.344536       -0.049628       26.453314       11.665355       24.661385        4.163416        6.493634
      1633       1633.000   1101.8309      118.455499       63.488709       54.966789       -0.049789       26.953157       12.069123       15.782700        3.503569        5.229949
      1634       1634.000   1317.2080      118.816934       53.105676       65.711258       -0.047034       27.641264       10.259450        8.169559        2.902963        4.179474
      1635       1635.000   1503.4926      118.713364       43.708969       75.004395       -0.036229       28.520302        6.477157        3.111326        2.352106        3.284307
      1636       1636.000   1598.6562      118.064869       38.313068       79.751801       -0.007251       29.558508        2.753175        1.647183        1.847906        2.513547
      1637       1637.000   1586.4606      118.231405       39.088003       79.143402        0.056553       30.697018        0.826829        4.263924        1.392082        1.851598
      1638       1638.000   1456.8835      118.558132       45.878918       72.679214        0.177821       31.868685        0.953232       10.601809        0.987954        1.289418
      1639       1639.000   1241.1171      118.613208       56.697883       61.915325        0.376555       32.992764        2.574406       19.282377        0.644087        0.827694
      1640       1640.000    999.1229      118.745563       68.902546       49.843018        0.649790       33.979397        5.266628       28.167986        0.369534        0.469211
      1641       1641.000    790.7686      119.393358       79.944464       39.448895        0.948231       34.739849        8.758100       35.115402        0.169497        0.213385
      1642       1642.000    638.3115      119.479329       87.636031       31.843298        1.176241       35.198605       12.543223       38.614994        0.045715        0.057253
      1643       1643.000    590.8577      119.912797       90.436812       29.475985        1.234930       35.301338       15.949924       37.950058        0.000250        0.000313
      1644       1644.000    627.7249      119.536330       88.221160       31.315170        1.100545       35.044270       18.689728       33.310318        0.033885        0.042416
      1645       1645.000    730.3739      118.561525       82.125528       36.435997        0.842376       34.475388       20.684336       25.791023        0.147229        0.185176
      1646       1646.000    870.5441      117.312767       73.884132       43.428635        0.562615       33.677761       21.702471       17.174799        0.337956        0.428531
      1647       1647.000   1043.7588      117.431890       65.362134       52.069756        0.330115       32.740551       21.445757        9.472147        0.601738        0.771826
      1648       1648.000   1179.3704      117.317791       58.482815       58.834976        0.165219       31.733261       20.126947        4.298351        0.937834        1.221202
      1649       1649.000   1237.0122      116.740241       55.029697       61.710545        0.062982       30.736382       18.501575        2.609556        1.340541        1.778661
      1650       1650.000   1249.7703      117.618715       55.271711       62.347004        0.006137       29.824797       16.859613        4.332093        1.802652        2.446419
      1651       1651.000   1202.2136      117.656934       57.682378       59.974556       -0.023135       29.046452       14.369812        8.719200        2.326283        3.243766
      1652       1652.000   1171.5427      118.743951       60.299466       58.444485       -0.037040       28.443956       10.162128       14.637669        2.906811        4.185941
      1653       1653.000   1143.5697      119.680967       62.631963       57.049004       -0.043328       28.022272        4.902436       20.892368        3.547665        5.310550
      1654       1654.000   1073.4080      119.282410       65.733551       53.548859       -0.046022       27.768118        0.975688       26.150513        4.238757        6.646497
      1655       1655.000   1015.1584      120.832334       70.189355       50.642979       -0.047055       27.651653        0.422538       29.038326        4.943486        8.180406
      1656       1656.000    905.2611      120.085481       74.924925       45.160557       -0.047316       27.630032        3.160423       28.654388        5.627869        9.899529
      1657       1657.000    856.5200      120.619481       77.890465       42.729015       -0.047166       27.666243        7.452301       24.923698        6.224819       11.670570
      1658       1658.000    843.6884      120.882826       78.793936       42.088890       -0.046736       27.737352       12.185140       18.797029        6.712289       13.408862
      1659       1659.000    830.1101      121.019795       79.608280       41.411514       -0.045989       27.839890       17.733599       11.964139        7.085998       15.030644
      1660       1660.000    766.6654      120.697507       82.451043       38.246464       -0.044681       27.988527       24.570932        6.070946        7.362562       16.502756
      1661       1661.000    701.0206      121.954558       86.982901       34.971657       -0.042308       28.205055       31.229893        2.204848        7.563356       17.822058
      1662       1662.000    615.8556      121.649115       90.926067       30.723047       -0.037955       28.509972       34.960304        0.744982        7.711557       19.037207
      1663       1663.000    588.7950      121.895657       92.522578       29.373079       -0.030619       28.890251       33.977058        1.727827        7.817493       20.140568
      1664       1664.000    583.0623      121.789681       92.702582       29.087099       -0.019491       29.313715       29.517921        4.840475        7.892405       21.157557
      1665       1665.000    566.6429      121.922886       93.654901       28.267984       -0.005496       29.714409       24.410341        9.508525        7.942726       22.084396
      1666       1666.000    518.8115      121.799634       95.917806       25.881828        0.007771       30.017332       20.158894       14.846887        7.973951       22.912971
      1667       1667.000    501.5111      122.572997       97.554225       25.018772        0.014779       30.154984       16.161812       19.613867        7.990767       23.618017
      1668       1668.000    526.6429      122.758820       96.486304       26.272516        0.011890       30.093241       11.503768       22.688833        7.998085       24.190487
      1669       1669.000    568.6672      121.225512       92.856543       28.368969        0.000082       29.833155        7.130263       23.283550        7.999968       24.609526
      1670       1670.000    648.1732      121.184023       88.848757       32.335266       -0.015361       29.420294        5.208671       21.373169        7.999716       24.862268
      1671       1671.000    686.5191      120.345680       86.097458       34.248222       -0.029650       28.904150        6.756008       17.504444        7.999325       24.963181
      1672       1672.000    735.6234      121.215634       84.517758       36.697876       -0.039872       28.354420       10.678441       12.604535        7.999508       24.920727
      1673       1673.000    756.5601      120.687740       82.945400       37.742340       -0.046022       27.808783       14.912312        7.529937        7.999964       24.740427
      1674       1674.000    790.3128      120.570514       81.144359       39.426155       -0.048962       27.306259       18.121538        3.340704        7.999495       24.425325
      1675       1675.000    793.9904      119.739986       80.130367       39.609619       -0.049886       26.851250       20.481424        0.886619        7.995869       23.965092
      1676       1676.000    778.1904      119.713685       80.892278       38.821407       -0.049624       26.442204       22.349072        0.818054        7.985342       23.347231
      1677       1677.000    731.6331      119.553319       83.054505       36.498814       -0.048677       26.067345       23.265467        3.264241        7.961626       22.544504
      1678       1678.000    724.7028      121.373439       85.220355       36.153084       -0.047361       25.726370       22.420105        7.665478        7.915220       21.540543
      1679       1679.000    692.9659      120.960870       86.391039       34.569832       -0.045893       25.420046       19.865595       13.020847        7.830629       20.299814
      1680       1680.000    702.9353      121.410618       86.343445       35.067173       -0.044593       25.179171       16.853512       17.782555        7.694138       18.878664
      1681       1681.000    711.4160      120.664416       85.174170       35.490246       -0.043724       25.027079       14.558861       20.837048        7.489779       17.305128
      1682       1682.000    766.8646      121.004455       82.748054       38.256401       -0.043517       24.990246       13.412110       21.510809        7.212405       15.666001
      1683       1683.000    803.9016      119.103164       78.999107       40.104057       -0.044076       25.082668       13.341944       19.762777        6.856958       13.998835
      1684       1684.000    897.0364      119.505397       74.755149       44.750248       -0.045325       25.302616       14.561876       16.094601        6.440921       12.400460
      1685       1685.000    937.3801      118.020721       71.257850       46.762871       -0.047055       25.644344       17.554718       11.271642        5.967059       10.867143
      1686       1686.000    952.1204      117.160950       69.662735       47.498215       -0.048777       26.079941       22.154747        6.553564        5.463115        9.460146
      1687       1687.000    950.5358      117.521663       70.102497       47.419167       -0.049841       26.586643       27.315409        3.120842        4.945156        8.184288
      1688       1688.000    912.9766      117.740431       72.194975       45.545456       -0.049370       27.147066       31.779053        1.867410        4.422723        7.028094
      1689       1689.000    856.0270      118.054448       75.350026       42.704422       -0.046247       27.739557       34.622482        3.139849        3.907052        5.987332
      1690       1690.000    806.9102      118.833141       78.578998       40.254143       -0.039219       28.344730       35.240738        6.585950        3.401495        5.045304
      1691       1691.000    764.0104      118.467176       80.353163       38.114014       -0.027117       28.943216       32.956875       11.399229        2.902411        4.178548
      1692       1692.000    778.8224      118.008934       79.155998       38.852936       -0.009926       29.496988       27.397499       16.474642        2.414317        3.382478
      1693       1693.000    862.2282      117.738805       74.725022       43.013783        0.010554       29.970139       19.352781       20.809704        1.936275        2.645569
      1694       1694.000    982.2308      117.371448       68.371124       49.000324        0.030294       30.326801       10.942979       23.634926        1.471459        1.964664
      1695       1695.000   1121.8268      117.952878       61.988557       55.964321        0.043903       30.535828        4.529980       24.493690        1.033486        1.351670
      1696       1696.000   1227.4459      118.052368       56.819049       61.233318        0.047320       30.582434        1.344641       23.380161        0.640948        0.823546
      1697       1697.000   1289.9518      117.934185       53.582653       64.351532        0.039845       30.468679        1.567180       20.774136        0.323223        0.409590
      1698       1698.000   1299.5979      118.015221       53.182472       64.832748        0.024565       30.216320        5.213199       17.489704        0.105821        0.132864
      1699       1699.000   1213.1580      117.259863       56.739332       60.520531        0.006380       29.862795       12.522154       14.335220        0.005681        0.007102
      1700       1700.000   1058.9679      116.919612       64.091121       52.828491       -0.010235       29.460796       22.706026       11.864991        0.030885        0.038657
      1701       1701.000    902.0323      117.801268       72.801783       44.999485       -0.023021       29.063381       33.091728       10.258420        0.182012        0.229262
      1702       1702.000    743.8792      116.572825       79.463092       37.109734       -0.031778       28.711470       40.284687        9.446918        0.462358        0.589438
      1703       1703.000    695.4550      116.392032       81.698024       34.694008       -0.037094       28.441776       42.101841        9.207482        0.863459        1.120559
      1704       1704.000    730.6818      116.222715       79.771360       36.451355       -0.040146       28.256123       39.181187        9.146699        1.385390        1.842108
      1705       1705.000    822.0270      116.063010       75.054735       41.008274       -0.041796       28.143522       33.361717        8.811464        2.015231        2.764597
      1706       1706.000    954.8623      115.912643       68.277644       47.634998       -0.042631       28.084101       25.823643        7.816582        2.720178        3.875772
      1707       1707.000   1132.6519      116.190154       59.685813       56.504341       -0.043016       28.057808       17.023529        6.070458        3.447977        5.129057
      1708       1708.000   1295.3461      115.327768       50.707132       64.620636       -0.043139       28.051683        8.215571        3.882746        4.144572        6.455699
      1709       1709.000   1408.0321      114.816313       44.574133       70.242180       -0.043031       28.064180        2.176014        1.848983        4.762078        7.765908
      1710       1710.000   1408.8258      114.390961       44.109192       70.281769       -0.042582       28.104565        1.263500        0.490877        5.285938        9.006895
      1711       1711.000   1291.4014      113.981165       49.557314       64.423851       -0.041582       28.186954        5.452860        0.085800        5.719949       10.153334
      1712       1712.000   1105.8737      113.867896       58.699427       55.168468       -0.039783       28.320225       12.496118        0.641350        6.077667       11.203850
      1713       1713.000    897.4734      114.051452       69.279399       44.772053       -0.037011       28.498852       20.292147        1.976609        6.375478       12.173326
      1714       1714.000    663.0004      113.643514       80.568563       33.074951       -0.033391       28.698679       28.395132        3.800377        6.627301       13.080464
      1715       1715.000    430.3209      113.548302       92.080982       21.467319       -0.029636       28.878456       36.747471        5.717327        6.839978       13.927386
      1716       1716.000    230.7314      113.425950      101.915505       11.510446       -0.026945       28.995598       43.897167        7.316647        7.018912       14.714126
      1717       1717.000    151.1417      114.385937      106.845967        7.539969       -0.026512       29.016762       47.018562        8.250432        7.165077       15.421646
      1718       1718.000    190.7965      114.712184      105.193962        9.518222       -0.028757       28.928051       44.472607        8.448139        7.289728       16.084194
      1719       1719.000    329.1557      114.424632       98.004115       16.420517       -0.032937       28.740349       37.225052        8.021612        7.388945       16.661095
      1720       1720.000    512.2333      114.288216       88.734550       25.553665       -0.037543       28.493032       28.385914        7.298794        7.463507       17.130846
      1721       1721.000    693.1451      114.532526       79.953752       34.578773       -0.041388       28.235806       20.112843        6.632859        7.517691       17.495943
      1722       1722.000    828.4047      113.609573       72.283134       41.326439       -0.043981       28.017956       12.669383        6.322695        7.555132       17.761950
      1723       1723.000    950.0024      113.339529       65.946978       47.392551       -0.045365       27.877460        6.035632        6.574472        7.577543       17.927235
      1724       1724.000   1043.2253      114.361349       62.318205       52.043144       -0.045846       27.823410        1.490271        7.474950        7.585829       17.989592
      1725       1725.000   1045.3032      115.857806       63.711001       52.146805       -0.045686       27.843126        1.414940        8.982435        7.578886       17.937300
      1726       1726.000    914.5865      116.529693       70.903926       45.625767       -0.045081       27.910679        6.905689       10.828745        7.553535       17.750359
      1727       1727.000    718.4147      117.295029       81.455639       35.839390       -0.044213       27.997864       16.126169       12.458518        7.505493       17.411808
      1728       1728.000    516.9730      117.346850       91.556736       25.790113       -0.043197       28.088688       25.939877       13.224874        7.430145       16.916349
      1729       1729.000    359.1730      116.671849       98.753866       17.917982       -0.041982       28.185423       34.319462       12.678808        7.325518       16.286638
      1730       1730.000    280.0335      116.756528      102.786560       13.969968       -0.040247       28.308685       40.907562       10.847073        7.193917       15.569570
      1731       1731.000    262.1177      117.192825      104.116617       13.076208       -0.037224       28.495371       45.713737        8.122900        7.034644       14.787189
      1732       1732.000    309.9938      117.578569      102.113976       15.464593       -0.031542       28.783375       47.431190        5.124012        6.847592       13.959348
      1733       1733.000    447.4149      118.113556       95.793472       22.320084       -0.020917       29.195539       44.331196        2.549109        6.633717       13.104828
      1734       1734.000    647.1574      118.101698       85.817102       32.284595       -0.001665       29.734449       36.462944        1.005995        6.390479       12.224900
      1735       1735.000    826.1879      116.445984       75.230133       41.215851        0.030733       30.367725       26.400867        0.986712        6.117164       11.326932
      1736       1736.000    966.7213      115.665819       67.439219       48.226601        0.079238       31.030443       17.412773        2.673881        5.816519       10.426365
      1737       1737.000   1061.4779      116.641751       63.688046       52.953705        0.143847       31.665346       11.014059        5.864005        5.484534        9.516254
      1738       1738.000   1074.1119      117.024769       63.440792       53.583977        0.218887       32.220524        7.321792        9.970408        5.117193        8.591988
      1739       1739.000   1042.6660      117.676322       65.661078       52.015244        0.289889       32.640423        6.374952       13.961475        4.720769        7.673570
      1740       1740.000    949.4351      116.949007       69.584753       47.364254        0.338925       32.888466        8.505877       16.779957        4.299783        6.771745
      1741       1741.000    864.5873      117.337721       74.206252       43.131470        0.350875       32.941063       13.488495       17.654047        3.865185        5.906586
      1742       1742.000    817.3908      118.673747       77.896758       40.776989        0.322391       32.796410       19.906330       16.386845        3.415071        5.069711
      1743       1743.000    811.1973      119.363613       78.895600       40.468014        0.261894       32.464172       25.723665       13.248503        2.945763        4.251603
      1744       1744.000    845.9302      118.628236       76.427507       42.200729        0.186359       31.970924       29.371712        8.976857        2.462559        3.459096
      1745       1745.000    941.0408      118.236270       71.290782       46.945488        0.113366       31.359608       30.453285        4.679433        1.977500        2.707590
      1746       1746.000   1038.8645      116.885308       65.059712       51.825596        0.053078       30.667879       29.329382        1.510442        1.497285        2.001647
      1747       1747.000   1149.8973      116.659680       59.295014       57.364666        0.009656       29.944889       26.448647        0.486126        1.042149        1.363546
      1748       1748.000   1226.1033      116.285330       55.118994       61.166336       -0.018599       29.226572       22.439363        2.029669        0.631251        0.810738
      1749       1749.000   1263.1208      116.485200       53.472180       63.013020       -0.035052       28.557119       18.469797        5.807627        0.296891        0.375798
      1750       1750.000   1210.7516      115.014105       54.613616       60.400490       -0.043621       27.974552       15.700816       10.814526        0.074246        0.093096
      1751       1751.000   1152.1422      115.018849       57.542191       57.476658       -0.047482       27.520971       14.440146       15.628044        0.000227        0.000284
      1752       1752.000   1086.5474      114.704876       60.500530       54.204346       -0.048989       27.213051       14.075639       19.036755        0.099359        0.124716
      1753       1753.000   1033.8336      113.748512       62.173889       51.574623       -0.049457       27.059063       14.186469       20.107977        0.383107        0.486730
      1754       1754.000   1041.6604      114.368359       62.403287       51.965073       -0.049476       27.051409       15.029562       18.453350        0.835516        1.082926
      1755       1755.000   1065.0531      114.881332       61.749271       53.132061       -0.049139       27.169838       16.948002       14.358070        1.424637        1.897862
      1756       1756.000   1092.4287      115.140911       60.643169       54.497742       -0.048225       27.387991       19.387320        8.939874        2.093145        2.883065
      1757       1757.000   1137.3119      116.169636       59.432815       56.736820       -0.046352       27.678118       21.086683        3.963997        2.778480        3.971890
      1758       1758.000   1120.7202      115.012773       59.103662       55.909111       -0.043042       28.018568       21.389601        1.186148        3.439196        5.113192
      1759       1759.000   1086.7488      115.231754       61.017360       54.214394       -0.037925       28.383554       20.694187        1.692567        4.039223        6.245754
      1760       1760.000    963.4129      113.572471       65.510909       48.061562       -0.030635       28.760830       19.368458        5.465231        4.580863        7.366162
      1761       1761.000    848.9519      113.358529       71.007058       42.351471       -0.021374       29.124710       16.833225       11.560798        5.058492        8.451207
      1762       1762.000    752.7239      113.162682       75.611718       37.550964       -0.010816       29.455507       12.388792       18.768620        5.486968        9.522647
      1763       1763.000    665.2378      112.046300       78.859735       33.186565       -0.000881       29.718794        6.948987       25.730104        5.873060       10.589670
      1764       1764.000    591.3519      111.125353       81.624715       29.500637        0.005285       29.870628        2.873396       31.017859        6.215905       11.641643
      1765       1765.000    558.5129      112.134605       84.272198       27.862408        0.004817       29.874220        1.681521       33.523556        6.516839       12.671245
      1766       1766.000    523.9573      111.747426       85.608888       26.138538       -0.003220       29.703205        2.733752       32.700516        6.782921       13.691713
      1767       1767.000    564.7034      112.096060       83.924832       28.171228       -0.016454       29.355249        4.142241       28.795557        7.003777       14.644463
      1768       1768.000    645.7794      111.870629       79.654782       32.215847       -0.030701       28.844351        5.246216       22.903364        7.182240       15.509311
      1769       1769.000    715.6759      111.595222       75.892459       35.702763       -0.041756       28.220402        7.468442       16.669922        7.320063       16.255386
      1770       1770.000    714.3891      111.067379       75.428814       35.638565       -0.047905       27.552252       12.113158       11.510383        7.423904       16.877022
      1771       1771.000    666.3254      111.018983       77.778158       33.240826       -0.049862       26.917826       17.688496        8.335320        7.501547       17.384832
      1772       1772.000    620.0793      110.918654       79.984900       30.933754       -0.049415       26.373055       20.724716        7.565287        7.561659       17.809599
      1773       1773.000    639.9303      112.304173       80.380116       31.924057       -0.048083       25.947575       19.310232        9.371285        7.611532       18.187574
      1774       1774.000    629.0105      112.098085       80.718782       31.379303       -0.046664       25.629406       15.096455       13.813237        7.658360       18.567989
      1775       1775.000    547.4870      111.072978       83.760619       27.312359       -0.045479       25.401934       11.400437       20.327160        7.704472       18.972095
      1776       1776.000    437.8417      111.040342       89.197832       21.842510       -0.044531       25.233086        9.392843       27.471979        7.748869       19.395586
      1777       1777.000    345.9773      110.974948       93.715258       17.259689       -0.043701       25.089970        7.634628       33.431412        7.788883       19.814066
      1778       1778.000    335.1133      110.823021       94.105299       16.717722       -0.042933       24.959284        4.803815       36.391121        7.820272       20.173740
      1779       1779.000    416.2188      110.976282       90.212469       20.763813       -0.042287       24.848745        1.678918       35.463112        7.840469       20.423512
      1780       1780.000    505.8604      109.721650       84.485906       25.235744       -0.041936       24.784363        0.407576       30.950146        7.849184       20.536573
      1781       1781.000    609.8591      109.794601       79.370699       30.423903       -0.042130       24.804943        2.075306       24.180691        7.846785       20.505104
      1782       1782.000    685.8725      109.258932       75.042967       34.215965       -0.043067       24.945290        5.502835       16.469790        7.833435       20.334684
      1783       1783.000    765.7602      109.084763       70.883458       38.201305       -0.044783       25.226524        8.609677        9.252386        7.808184       20.031469
      1784       1784.000    820.2102      108.073687       67.156047       40.917641       -0.047038       25.653742       10.559680        3.626122        7.768421       19.595119
      1785       1785.000    849.6694      107.908453       65.521184       42.387268       -0.049132       26.205736       12.066201        0.556111        7.710922       19.031345
      1786       1786.000    814.5602      108.012406       67.376626       40.635780       -0.049869       26.854349       13.979592        0.621253        7.630764       18.340536
      1787       1787.000    733.8129      109.123678       72.516123       36.607555       -0.047524       27.559307       16.016264        3.931149        7.523123       17.533804
      1788       1788.000    590.6959      108.852684       79.384772       29.467913       -0.040003       28.288858       17.230690        9.903516        7.382095       16.619616
      1789       1789.000    455.2093      108.678064       85.969142       22.708921       -0.025706       28.992056       17.155622       17.001629        7.207139       15.638402
      1790       1790.000    356.2785      108.580681       90.807095       17.773586       -0.004093       29.639214       16.103823       23.464693        6.995736       14.607722
      1791       1791.000    332.1394      109.252245       92.682881       16.569365        0.023551       30.204870       14.345548       27.827150        6.744616       13.537146
      1792       1792.000    361.8584      108.652060       90.600109       18.051950        0.054479       30.677322       11.733369       29.288071        6.442136       12.404733
      1793       1793.000    475.1504      108.097321       84.393599       23.703722        0.081886       31.016804        8.406108       27.548439        6.092008       11.248355
      1794       1794.000    675.8879      108.747499       75.029634       33.717865        0.099353       31.208206        4.978735       23.000265        5.685478       10.057596
      1795       1795.000    901.7196      109.083219       64.099336       44.983883        0.102597       31.244995        2.231201       16.504084        5.206594        8.809865
      1796       1796.000   1112.4437      109.032099       53.535872       55.496227        0.091083       31.128355        0.574075        9.561736        4.654240        7.526382
      1797       1797.000   1302.4146      110.050563       45.077304       64.973259        0.069013       30.878122        0.020488        3.838869        4.034460        6.236351
      1798       1798.000   1398.9750      110.170614       40.380270       69.790344        0.042823       30.529013        0.916591        0.577538        3.354007        4.960297
      1799       1799.000   1412.4877      111.146488       40.682033       70.464455        0.018769       30.135931        3.852438        0.294246        2.638457        3.742192
      1800       1800.000   1316.7531      111.120681       45.432121       65.688560        0.000222       29.757719        8.514310        2.634701        1.913599        2.611570
      1801       1801.000   1182.5468      111.024965       52.031526       58.993439       -0.011879       29.454710       13.075997        6.670066        1.225474        1.617157
      1802       1802.000   1086.7192      111.769188       57.556274       54.212914       -0.018328       29.267487       15.646639       11.224196        0.628790        0.807490
      1803       1803.000   1015.8033      111.524495       60.849347       50.675148       -0.020275       29.210222       16.127041       15.098892        0.191789        0.241677
      1804       1804.000    995.8080      112.012218       62.334567       49.677650       -0.018472       29.274876       15.988246       17.084072        0.002598        0.003248
      1805       1805.000   1011.7831      112.849384       62.374790       50.474594       -0.013278       29.436575       16.288708       16.379955        0.125335        0.157495
      1806       1806.000   1065.0433      113.541492       60.409915       53.131577       -0.004812       29.664413       16.460718       12.999858        0.565521        0.724217
      1807       1807.000   1138.9325      113.218290       56.400625       56.817665        0.006889       29.930679       15.494196        8.082352        1.243779        1.642730
      1808       1808.000   1214.5841      112.993849       52.402170       60.591679        0.021854       30.216326       13.864988        3.483821        2.029286        2.785895
      1809       1809.000   1214.8879      111.850312       51.243473       60.606838        0.040560       30.516306       13.082184        0.750652        2.817372        4.036399
      1810       1810.000   1181.6594      112.506129       53.556956       58.949173        0.063604       30.828520       13.223780        0.590956        3.544800        5.305297
      1811       1811.000   1144.3268      114.280614       57.193844       57.086769        0.091702       31.152033       12.234458        2.936530        4.203796        6.575325
      1812       1812.000   1063.6344      113.204017       60.142730       53.061287        0.123593       31.466816        8.502499        7.392239        4.801919        7.855666
      1813       1813.000    983.1390      111.998028       62.952397       49.045631        0.152814       31.720165        3.465578       13.153450        5.333548        9.126842
      1814       1814.000    871.0755      111.399776       67.944629       43.455147        0.169741       31.855751        0.454724       19.253796        5.808164       10.402453
      1815       1815.000    735.9106      112.512142       75.799938       36.712204        0.165467       31.824617        1.316695       24.564861        6.232554       11.695743
      1816       1816.000    577.3359      112.843232       84.041806       28.801426        0.137613       31.596880        4.697043       27.973846        6.612375       13.024048
      1817       1817.000    489.5952      113.261675       88.837351       24.424324        0.093460       31.172979        7.747037       28.544724        6.936594       14.342558
      1818       1818.000    460.4813      112.121404       89.149479       22.971926        0.045234       30.575033        9.544700       26.168083        7.202460       15.613969
      1819       1819.000    492.1196      111.965409       87.415151       24.550259        0.005035       29.868113       11.712683       21.660925        7.405563       16.762833
      1820       1820.000    519.6249      112.302505       86.380092       25.922413       -0.022996       29.103024       15.846006       16.102118        7.559338       17.792603
      1821       1821.000    514.8217      111.796034       86.113245       25.682789       -0.039204       28.346964       20.808512       10.616468        7.674520       18.705984
      1822       1822.000    539.4413      111.303788       84.392800       26.910988       -0.046754       27.673748       23.275187        6.237187        7.758694       19.494738
      1823       1823.000    618.5623      111.023771       80.165693       30.858078       -0.049465       27.113134       21.444576        3.663189        7.820292       20.173967
      1824       1824.000    706.7131      110.787134       75.531500       35.255634       -0.049887       26.662870       16.828144        3.467157        7.865475       20.757740
      1825       1825.000    748.2678      111.051255       73.722593       37.328663       -0.049349       26.302708       12.319106        6.007519        7.897854       21.244755
      1826       1826.000    722.9101      111.760395       75.696743       36.063652       -0.048425       26.002689        9.089853       11.114719        7.919508       21.618399
      1827       1827.000    663.4558      112.620502       79.522834       33.097668       -0.047323       25.738297        6.229339       17.826757        7.931290       21.844475
      1828       1828.000    592.5708      112.345852       82.784407       29.561445       -0.046147       25.500629        3.021325       24.492418        7.933199       21.882982
      1829       1829.000    564.0895      112.817426       84.676821       28.140606       -0.045067       25.304180        0.521078       29.259449        7.924538       21.712643
      1830       1830.000    541.6968      112.786673       85.763169       27.023504       -0.044289       25.171883        0.294448       31.090870        7.904007       21.346251
      1831       1831.000    543.2275      113.251373       86.151506       27.099867       -0.044058       25.136383        2.607244       29.747528        7.870831       20.833578
      1832       1832.000    571.4648      113.649091       85.140553       28.508537       -0.044537       25.222591        6.213394       25.695467        7.824837       20.228802
      1833       1833.000    627.7753      113.775062       82.457378       31.317684       -0.045725       25.441097        9.868443       19.842888        7.767296       19.583380
      1834       1834.000    701.3436      114.121898       79.134128       34.987770       -0.047379       25.782610       13.362415       13.402250        7.700277       18.933954
      1835       1835.000    738.4630      113.595048       76.755509       36.839539       -0.049004       26.222717       16.909956        7.750320        7.625254       18.296267
      1836       1836.000    771.6144      114.645098       76.151744       38.493355       -0.049885       26.719471       19.926882        4.328877        7.544100       17.682299
      1837       1837.000    737.0328      113.935846       77.167658       36.768188       -0.049281       27.246067       21.379461        4.062176        7.454838       17.074396
      1838       1838.000    675.8745      113.101648       79.384450       33.717197       -0.046599       27.759720       20.758266        7.082546        7.357531       16.472986
      1839       1839.000    605.9835      112.543139       82.312577       30.230562       -0.041625       28.237556       18.552027       12.459156        7.248318       15.857145
      1840       1840.000    528.6287      111.361124       84.989542       26.371582       -0.034552       28.665550       15.277011       18.760761        7.120761       15.200011
      1841       1841.000    524.9276      112.104910       85.917967       26.186943       -0.026281       29.023100       11.042191       24.423750        6.968901       14.486307
      1842       1842.000    560.9146      112.292882       84.310663       27.982220       -0.017978       29.303236        6.106511       28.469824        6.777876       13.671194
      1843       1843.000    639.0311      112.705573       80.826371       31.879202       -0.011821       29.476933        2.021555       30.047112        6.539375       12.753218
      1844       1844.000    733.7255      113.488057       76.884858       36.603199       -0.009940       29.519592        0.602194       28.796442        6.243873       11.732697
      1845       1845.000    789.9432      112.714109       73.306391       39.407719       -0.013309       29.416153        2.474265       24.920013        5.884942       10.624326
      1846       1846.000    864.3981      113.124728       70.002696       43.122032       -0.020810       29.173042        6.515000       19.381289        5.471665        9.482510
      1847       1847.000    937.1289      113.801217       67.050878       46.750340       -0.030032       28.811020       11.480781       13.457581        5.005621        8.325908
      1848       1848.000    970.6218      114.225491       65.804306       48.421185       -0.038409       28.369112       17.288349        8.508157        4.495218        7.181880
      1849       1849.000    944.3262      114.679699       67.570313       47.109386       -0.044391       27.901072       24.224112        5.465646        3.951071        6.072803
      1850       1850.000    870.4274      114.890548       71.467735       43.422813       -0.047799       27.463751       31.059402        4.607164        3.379447        5.005769
      1851       1851.000    797.6711      114.220075       74.426840       39.793236       -0.049310       27.107841       34.906509        5.691937        2.785820        3.984041
      1852       1852.000    793.4796      113.470906       73.886769       39.584137       -0.049794       26.867813       33.759293        8.109494        2.181425        3.018538
      1853       1853.000    848.4931      112.490819       70.162236       42.328583       -0.049891       26.751677       28.730343       11.030701        1.579454        2.119953
      1854       1854.000    958.7963      113.271799       65.440542       47.831257       -0.049894       26.749340       22.936182       13.472063        1.011404        1.321446
      1855       1855.000   1038.7584      112.734096       60.913791       51.820305       -0.049833       26.841057       18.431381       14.506312        0.520122        0.664752
      1856       1856.000   1140.1372      112.969520       56.091758       56.877762       -0.049590       27.004898       15.215175       13.525238        0.175297        0.220741
      1857       1857.000   1250.4457      113.127320       50.746621       62.380699       -0.048953       27.227406       12.824652       10.713818        0.013196        0.016504
      1858       1858.000   1299.0544      111.958485       47.152851       64.805634       -0.047598       27.503433       12.623672        7.006806        0.029552        0.036986
      1859       1859.000   1255.0165      111.048181       48.439454       62.608727       -0.045026       27.833685       16.647324        3.588185        0.183780        0.231507
      1860       1860.000   1133.4999      111.387188       54.840538       56.546650       -0.040390       28.225958       24.431944        1.247618        0.429126        0.546283
      1861       1861.000    990.1227      112.450335       63.056307       49.394028       -0.032307       28.687273       32.446461        0.270469        0.735454        0.948957
      1862       1862.000    845.5421      111.647514       69.466148       42.181366       -0.018907       29.210821       37.138317        0.618504        1.089201        1.428212
      1863       1863.000    764.7080      111.351447       73.202632       38.148815        0.000956       29.755125       37.973675        2.022575        1.477293        1.973008
      1864       1864.000    720.2582      111.874467       75.943109       35.931358        0.026882       30.273726       37.081795        4.070623        1.899543        2.590539
      1865       1865.000    681.9139      112.383522       78.365036       34.018486        0.055499       30.714808       35.693783        6.253413        2.356428        3.291106
      1866       1866.000    684.3007      112.504087       78.366537       34.137550        0.080116       31.027895       32.400345        7.953453        2.836496        4.068233
      1867       1867.000    794.7486      113.239206       73.591764       39.647442        0.093518       31.180420       25.464340        8.638157        3.318402        4.896927
      1868       1868.000    978.1645      113.784020       64.986550       48.797470        0.092021       31.165445       16.063629        8.123383        3.786275        5.755796
      1869       1869.000   1162.3019      114.863488       56.879998       57.983490        0.077293       30.999285        8.343735        6.621122        4.223394        6.615170
      1870       1870.000   1228.2533      114.364071       53.090477       61.273594        0.055446       30.723856        5.635657        4.589508        4.624604        7.461406
      1871       1871.000   1204.4561      113.955823       53.869401       60.086422        0.033576       30.402834        7.602561        2.563388        4.986383        8.280658
      1872       1872.000   1147.9788      114.329182       57.060223       57.268959        0.015656       30.091900       11.573080        0.978298        5.316798        9.084491
      1873       1873.000   1059.1002      114.769275       61.934181       52.835094        0.002385       29.821659       16.400177        0.183091        5.627726        9.899143
      1874       1874.000    900.0611      114.874245       69.973099       44.901146       -0.007206       29.596289       23.275333        0.432024        5.927429       10.749229
      1875       1875.000    669.9924      115.248548       81.824793       33.423756       -0.014520       29.400175       32.815571        1.759309        6.217486       11.646771
      1876       1876.000    422.7731      115.858172       94.767388       21.090784       -0.020723       29.209755       42.631943        3.865538        6.493552       12.587323
      1877       1877.000    230.7298      115.670208      104.159843       11.510365       -0.026388       29.008043       48.735535        6.155454        6.745703       13.541496
      1878       1878.000    180.1082      116.039163      107.054147        8.985016       -0.031355       28.800358       48.980900        7.916694        6.956543       14.431007
      1879       1879.000    231.1753      116.004209      104.471618       11.532591       -0.035432       28.599028       44.704906        8.840685        7.127777       15.234653
      1880       1880.000    333.0854      115.495907       98.879353       16.616554       -0.038112       28.445023       38.390980        8.926932        7.255973       15.898557
      1881       1881.000    482.9808      115.558480       91.464123       24.094357       -0.039118       28.381327       30.907536        8.470272        7.344954       16.399153
      1882       1882.000    659.0467      114.880661       82.002949       32.877712       -0.038282       28.434822       21.618862        7.834107        7.403475       16.749964
      1883       1883.000    867.7253      115.022944       71.734931       43.288013       -0.035280       28.608709       11.405638        7.359190        7.436979       16.959694
      1884       1884.000   1025.9709      115.037128       63.854751       51.182377       -0.029642       28.880863        3.190569        7.320617        7.449898       17.042446
      1885       1885.000   1048.0457      113.998005       61.714390       52.283615       -0.021276       29.203697        0.143103        7.939497        7.444113       17.005257
      1886       1886.000    966.2040      113.919477       65.718675       48.200802       -0.011167       29.516451        2.665091        9.273579        7.420300       16.854422
      1887       1887.000    833.7540      115.081151       73.487855       41.593296       -0.001228       29.771627        8.595890       11.147266        7.378193       16.596106
      1888       1888.000    650.9642      115.129794       82.655292       32.474503        0.006386       29.941721       15.993515       13.160531        7.316736       16.236403
      1889       1889.000    482.0406      116.052658       92.005207       24.047451        0.010101       30.016794       24.211153       14.739321        7.236132       15.791706
      1890       1890.000    292.9531      115.630035      101.015550       14.614485        0.009979       30.010857       33.143051       15.455034        7.133515       15.263114
      1891       1891.000    156.6876      115.206932      107.390292        7.816640        0.007195       29.949545       40.681396       15.069004        7.010021       14.673130
      1892       1892.000    139.6341      115.355271      108.389376        6.965895        0.003183       29.859758       43.976891       13.657553        6.863876       14.028114
      1893       1893.000    241.2284      115.119316      103.085208       12.034107       -0.001462       29.751019       41.928642       11.434963        6.681931       13.290115
      1894       1894.000    447.1208      115.446327       93.140911       22.305416       -0.006578       29.623253       35.739712        8.873466        6.456320       12.454739
      1895       1895.000    710.4431      116.650640       81.208928       35.441711       -0.012400       29.464394       27.565889        6.522093        6.171169       11.497784
      1896       1896.000    984.6423      118.401060       69.280431       49.120628       -0.018902       29.264652       18.819117        4.994604        5.810843       10.410117
      1897       1897.000   1194.2972      118.087976       58.508344       59.579632       -0.025545       29.027054       10.218087        4.716817        5.365033        9.206899
      1898       1898.000   1349.9669      117.844490       50.499000       67.345490       -0.031391       28.777021        3.341614        5.621643        4.842438        7.947675
      1899       1899.000   1419.4658      117.870394       47.057825       70.812569       -0.035778       28.550369        0.449571        7.163864        4.253389        6.676409
      1900       1900.000   1365.9708      116.948880       48.805005       68.143875       -0.038377       28.390646        2.752900        8.650449        3.614920        5.434467
      1901       1901.000   1276.6310      117.498718       53.811718       63.687000       -0.039056       28.339571        8.797838        9.493638        2.954073        4.265653
      1902       1902.000   1198.3438      118.820656       59.039154       59.781502       -0.037605       28.422609       15.814993        9.364952        2.288908        3.185297
      1903       1903.000   1099.5724      117.653868       62.799750       54.854118       -0.033367       28.645941       22.138538        8.188326        1.645110        2.215202
      1904       1904.000   1053.3335      117.754593       65.207184       52.547409       -0.025298       28.987938       27.515320        6.253019        1.071860        1.404345
      1905       1905.000   1003.6702      116.897044       66.827174       50.069870       -0.011838       29.419714       31.828066        4.223635        0.599162        0.768435
      1906       1906.000    961.9540      115.276223       67.287438       47.988785        0.008246       29.897844       33.636238        3.155977        0.260242        0.328892
      1907       1907.000    970.2249      114.577897       66.176507       48.401390        0.035265       30.380022       31.595419        4.019422        0.064959        0.081420
      1908       1908.000    994.6708      114.064459       64.443541       49.620918        0.068441       30.836082       26.337618        7.201052        0.000154        0.000193
      1909       1909.000    997.8712      113.589935       63.809360       49.780575        0.104517       31.233362       20.077721       12.290020        0.046058        0.057683
      1910       1910.000    971.8805      113.186666       64.702684       48.483982        0.137306       31.538055       14.375937       18.240774        0.181720        0.228891
      1911       1911.000    965.9524      113.876100       65.687853       48.188248        0.158628       31.717297        9.124945       23.800667        0.390297        0.496019
      1912       1912.000    986.6828      114.682766       65.460343       49.222424        0.161120       31.742628        4.125300       27.912380        0.664377        0.854537
      1913       1913.000   1029.5093      116.006906       64.648012       51.358894        0.141422       31.589478        0.880155       29.729515        1.000668        1.306774
      1914       1914.000   1002.5888      114.943634       64.927711       50.015923        0.103215       31.245052        1.560701       28.757336        1.399409        1.861998
      1915       1915.000    968.4170      114.715102       66.403907       48.311195        0.057359       30.725595        6.195841       25.071629        1.844701        2.508782
      1916       1916.000    954.3080      114.837497       67.230151       47.607346        0.014469       30.053425       12.161811       19.432407        2.325500        3.242538
      1917       1917.000    978.5072      115.133288       66.318720       48.814568       -0.018187       29.263866       16.976824       13.223537        2.824471        4.048208
      1918       1918.000   1000.5148      115.322474       65.410021       49.912453       -0.038319       28.404848       20.838812        7.974524        3.323742        4.906414
      1919       1919.000    945.7723      114.586582       67.405056       47.181526       -0.047645       27.540630       25.506392        4.795760        3.809647        5.800272
      1920       1920.000    842.0720      114.437643       72.429388       42.008255       -0.049908       26.749477       30.612223        4.127796        4.273060        6.716740
      1921       1921.000    758.7189      115.024691       77.174655       37.850037       -0.048809       26.085281       32.869572        5.874669        4.720646        7.673296
      1922       1922.000    731.8491      115.359932       78.850342       36.509590       -0.046727       25.573763       29.691820        9.753098        5.166576        8.711811
      1923       1923.000    756.3214      116.348922       78.618492       37.730431       -0.044825       25.216923       22.695343       15.251454        5.620396        9.879201
      1924       1924.000    746.9426      117.479549       80.216991       37.262558       -0.043448       24.987534       16.403063       21.541004        6.089202       11.239636
      1925       1925.000    629.3914      116.493378       85.095074       31.398304       -0.042556       24.847815       13.698062       27.207045        6.559105       12.825603
      1926       1926.000    562.7189      117.860229       89.787999       28.072229       -0.042002       24.763283       13.214427       30.332088        6.980708       14.539495
      1927       1927.000    550.2264      117.738961       90.289939       27.449022       -0.041623       24.705029       12.149799       29.816021        7.332703       16.328011
      1928       1928.000    632.0544      117.882174       86.351017       31.531157       -0.041410       24.670944       10.429325       25.701283        7.587631       18.003244
      1929       1929.000    712.9088      117.309047       81.744327       35.564720       -0.041488       24.680643       10.631269       19.248049        7.756226       19.469627
      1930       1930.000    750.0474      117.248889       79.831447       37.417442       -0.042076       24.770329       14.305003       12.262300        7.859592       20.676298
      1931       1931.000    768.7031      118.243402       79.895288       38.348114       -0.043381       24.979385       19.220583        6.171124        7.921028       21.646549
      1932       1932.000    795.7328      118.712606       79.016065       39.696541       -0.045442       25.338234       21.426403        1.915145        7.957083       22.424643
      1933       1933.000    833.0151      117.937447       76.381013       41.556435       -0.047876       25.849537       19.370848        0.195743        7.977499       23.035261
      1934       1934.000    869.3797      118.052275       74.681727       43.370548       -0.049686       26.480160       15.368152        1.402041        7.988415       23.492645
      1935       1935.000    811.7664      117.452086       76.955679       40.496407       -0.049354       27.183016       12.416214        5.597593        7.993904       23.814306
      1936       1936.000    694.4370      117.617914       82.974695       34.643219       -0.045367       27.880800       10.937391       12.204377        7.996281       24.001213
      1937       1937.000    544.7733      116.779986       89.603007       27.176979       -0.037298       28.510084        9.155669       19.923386        7.996847       24.054319
      1938       1938.000    451.3658      116.497104       93.979923       22.517181       -0.026879       29.007853        6.300679       26.731150        7.995939       23.971182
      1939       1939.000    408.0403      116.212245       95.856433       20.355812       -0.017060       29.352699        3.760092       31.017620        7.992950       23.750132
      1940       1940.000    409.8634      116.600996       96.154232       20.446764       -0.010658       29.542084        3.350166       31.896547        7.986280       23.389812
      1941       1941.000    440.9308      116.975500       94.978883       21.996616       -0.008846       29.594337        5.196685       29.341454        7.973017       22.882236
      1942       1942.000    499.3330      116.425313       91.515199       24.910114       -0.011243       29.533388        7.861239       23.957907        7.948919       22.224989
      1943       1943.000    618.3059      116.540423       85.695138       30.845285       -0.016549       29.383379       10.085100       16.905380        7.908871       21.428957
      1944       1944.000    738.2655      115.792506       78.962820       36.829685       -0.023530       29.156387       12.013103        9.487083        7.845207       20.484570
      1945       1945.000    840.9177      115.484768       73.534100       41.950668       -0.030958       28.862482       14.118132        3.425035        7.750229       19.409180
      1946       1946.000    890.6578      114.998794       70.566749       44.432045       -0.037836       28.509382       16.039371        0.233247        7.614183       18.208401
      1947       1947.000    900.3698      115.096995       70.180453       44.916542       -0.043293       28.117626       16.912861        0.864723        7.427689       16.900848
      1948       1948.000    867.2176      115.475811       72.213124       43.262688       -0.046930       27.718876       16.629824        5.236098        7.179584       15.495673
      1949       1949.000    791.0207      115.789427       76.327955       39.461472       -0.048869       27.358213       15.855989       12.300005        6.858263       14.004354
      1950       1950.000    683.9030      115.268353       81.150639       34.117714       -0.049633       27.086212       14.792375       20.428135        6.452457       12.441093
      1951       1951.000    613.6609      114.800465       84.186901       30.613564       -0.049824       26.948166       12.687181       27.808302        5.956747       10.836329
      1952       1952.000    626.4174      114.759694       83.509755       31.249939       -0.049791       26.967978        9.077397       32.942474        5.364967        9.206730
      1953       1953.000    709.6111      114.420164       79.019953       35.400211       -0.049430       27.150169        4.969556       34.698315        4.676319        7.575024
      1954       1954.000    837.4183      113.668136       71.892040       41.776096       -0.048083       27.482731        2.106985       32.418476        3.919836        6.012095
      1955       1955.000    983.2482      112.227337       63.176258       49.051079       -0.044432       27.945000        1.087042       26.428421        3.153248        4.606980
      1956       1956.000   1175.3046      112.469346       53.837190       58.632156       -0.036247       28.517565        1.165870       18.314022        2.444931        3.431049
      1957       1957.000   1335.9291      112.561505       45.916310       66.645195       -0.019322       29.203663        2.104480       10.309132        1.830567        2.487791
      1958       1958.000   1351.3031      110.263440       42.851285       67.412155        0.013933       30.004892        5.098953        4.641955        1.329071        1.762481
      1959       1959.000   1253.8458      108.854643       46.304324       62.550320        0.075668       30.905384       10.649259        2.512910        0.938711        1.222392
      1960       1960.000   1128.4769      110.101219       53.805149       56.296070        0.185154       31.889408       16.434441        3.844610        0.635365        0.816171
      1961       1961.000    963.6327      109.400535       61.328010       48.072525        0.369423       32.929874       19.035685        8.095062        0.395379        0.502587
      1962       1962.000    852.2228      109.410714       66.896069       42.514645        0.638744       33.923798       17.492542       14.359946        0.212733        0.268307
      1963       1963.000    761.4394      110.230178       72.244422       37.985756        0.967405       34.772476       14.691538       21.626638        0.082670        0.103695
      1964       1964.000    606.2408      109.657744       79.414347       30.243397        1.278606       35.387951       14.075701       28.648687        0.010399        0.013004
      1965       1965.000    494.9661      111.095683       86.403422       24.692261        1.466386       35.705112       15.602639       33.610481        0.008355        0.010448
      1966       1966.000    473.7473      112.314025       88.680301       23.633724        1.478392       35.728062       16.119144       35.157764        0.087351        0.109588
      1967       1967.000    588.0851      112.718918       83.381252       29.337666        1.313351       35.459946       13.393525       32.642036        0.252892        0.319503
      1968       1968.000    754.3256      110.805472       73.174605       37.630867        1.022244       34.907539        9.306136       26.815189        0.493501        0.629995
      1969       1969.000    958.1895      111.833055       64.032076       47.800980        0.696229       34.112652        7.965585       19.466909        0.780964        1.009736
      1970       1970.000   1064.5100      111.719893       58.614928       53.104965        0.407397       33.116646       10.546958       11.983325        1.107358        1.453244
      1971       1971.000   1104.4866      110.147964       55.048694       55.099270        0.203917       32.038654       13.687022        5.709807        1.460415        1.948878
      1972       1972.000   1221.1605      110.885596       49.965834       60.919762        0.082334       30.997499       13.027802        1.526453        1.835957        2.495789
      1973       1973.000   1331.3273      110.352045       43.936426       66.415619        0.014946       30.039076        8.477883        0.025931        2.251524        3.127065
      1974       1974.000   1371.0634      110.116354       41.718428       68.397926       -0.019963       29.198280        4.108209        1.840343        2.718517        3.873041
      1975       1975.000   1242.5767      108.684079       46.695939       61.988140       -0.037427       28.468153        3.125906        7.110034        3.251168        4.778106
      1976       1976.000   1031.6387      108.689511       57.224385       51.465126       -0.045639       27.838293        4.835090       14.886569        3.844051        5.866020
      1977       1977.000    793.5677      108.546200       68.957664       39.588535       -0.049047       27.287251        6.835656       23.249947        4.481415        7.152443
      1978       1978.000    611.2917      109.248125       78.752753       30.495373       -0.049905       26.815058        8.432177       29.838781        5.119378        8.597264
      1979       1979.000    466.5829      109.325993       86.049675       23.276318       -0.049549       26.430222       10.724447       33.076935        5.718455       10.149165
      1980       1980.000    380.5620      109.577597       90.592587       18.985010       -0.048861       26.161963       14.077929       32.449825        6.238053       11.713677
      1981       1981.000    366.6472      109.682807       91.391959       18.290848       -0.048415       26.032097       17.039909       28.463495        6.668144       13.236729
      1982       1982.000    441.7087      109.781629       87.746206       22.035423       -0.048468       26.049757       17.891193       22.158997        7.012088       14.682639
      1983       1983.000    570.3083      109.334428       80.883588       28.450840       -0.048959       26.203045       16.604250       14.801164        7.282127       16.041962
      1984       1984.000    703.2031      108.707552       73.627020       35.080532       -0.049575       26.458340       14.536353        7.899788        7.488123       17.293991
      1985       1985.000    792.5911      107.818751       68.278941       39.539810       -0.049905       26.769958       12.556511        2.936694        7.641100       18.424582
      1986       1986.000    853.5981      108.213797       65.630545       42.583252       -0.049647       27.090805       10.374831        1.048766        7.750809       19.414982
      1987       1987.000    846.0040      107.914142       65.709731       42.204411       -0.048737       27.389654        7.694079        2.582083        7.827791       20.264860
      1988       1988.000    799.3200      108.485619       68.610123       39.875496       -0.047351       27.642754        5.252139        6.927910        7.879196       20.955475
      1989       1989.000    674.4595      107.620168       73.973558       33.646610       -0.045763       27.844612        3.964931       12.809708        7.912251       21.487820
      1990       1990.000    557.1887      107.901987       80.105639       27.796349       -0.044308       27.989731        3.801206       18.576630        7.931604       21.850777
      1991       1991.000    445.9912      107.365335       85.116272       22.249063       -0.043269       28.077559        4.077526       23.008579        7.941360       22.054516
      1992       1992.000    374.6943      106.772417       88.080125       18.692291       -0.042977       28.096361        4.873703       25.108305        7.943487       22.101246
      1993       1993.000    342.0317      106.538629       89.475769       17.062860       -0.043673       28.030376        7.151911       24.399895        7.938757       21.998503
      1994       1994.000    329.4288      106.205349       89.771207       16.434141       -0.045312       27.863991       11.325347       20.947941        7.926620       21.752621
      1995       1995.000    354.0235      106.080926       88.419835       17.661091       -0.047395       27.592716       16.078070       15.518283        7.905571       21.372591
      1996       1996.000    409.1115      105.298058       84.888806       20.409252       -0.049147       27.225901       19.529289        9.445279        7.872980       20.864504
      1997       1997.000    483.6443      104.502596       80.375143       24.127453       -0.049898       26.798254       21.222645        4.335237        7.825996       20.242908
      1998       1998.000    554.6024      104.924830       77.257506       27.667324       -0.049510       26.354504       22.427660        1.254937        7.760162       19.509752
      1999       1999.000    564.5944      104.874235       76.708441       28.165794       -0.048320       25.940042       23.892445        0.612161        7.667398       18.644714
      2000       2000.000    537.9763      104.025968       77.188070       26.837898       -0.046942       25.612671       24.098043        2.340141        7.538916       17.645241
      2001       2001.000    557.9126      103.772450       75.939990       27.832460       -0.045943       25.413301       20.796398        5.901912        7.363861       16.510460
      2002       2002.000    637.8106      104.234379       72.416066       31.818314       -0.045586       25.350405       14.146951       10.634464        7.122290       15.207542
      2003       2003.000    702.7000      103.889802       68.834371       35.055431       -0.045879       25.411926        7.242267       15.734095        6.786333       13.705629
      2004       2004.000    738.9589      104.050891       67.186614       36.864277       -0.046643       25.569191        3.289491       19.997902        6.336390       12.040282
      2005       2005.000    753.5138      103.992594       66.402224       37.590370       -0.047629       25.790106        2.398175       22.226421        5.762475       10.272676
      2006       2006.000    820.0997      104.829391       63.917262       40.912128       -0.048613       26.049217        2.634969       21.660864        5.091257        8.529569
      2007       2007.000    916.2486      105.185354       59.476667       45.708687       -0.049436       26.342834        3.365281       18.528502        4.370646        6.918839
      2008       2008.000    958.0074      104.175115       56.383218       47.791897       -0.049892       26.682522        6.540672       14.011679        3.666989        5.531249
      2009       2009.000    936.2283      104.508904       57.803498       46.705406       -0.049542       27.090727       13.736251        9.602603        3.029533        4.393926
      2010       2010.000    837.8605      104.530865       62.732704       41.798161       -0.047319       27.603405       22.992002        6.270414        2.459685        3.454517
      2011       2011.000    751.9229      104.337077       66.826067       37.511009       -0.040938       28.238237       29.503628        4.501742        1.952880        2.670518
      2012       2012.000    754.2499      104.773154       67.146060       37.627094       -0.026302       28.988506       30.324286        4.358538        1.498149        2.002883
      2013       2013.000    803.8035      105.186340       65.087177       40.099163        0.002807       29.824919       27.033794        5.720211        1.084166        1.421279
      2014       2014.000    838.4912      105.704057       63.874437       41.829620        0.052583       30.681307       23.164907        8.338812        0.715045        0.921782
      2015       2015.000    828.4521      105.443297       64.114493       41.328804        0.124570       31.478392       19.896545       11.694357        0.405261        0.515368
      2016       2016.000    854.0666      105.815055       63.208426       42.606628        0.209845       32.138523       15.590993       14.870596        0.176369        0.222100
      2017       2017.000    923.5284      105.288277       59.216423       46.071854        0.291420       32.620026        9.328826       16.885670        0.040177        0.050305
      2018       2018.000   1065.3433      106.856609       53.710071       53.146538        0.347403       32.892784        3.422695       17.046791        0.000177        0.000221
      2019       2019.000   1124.7423      106.048326       49.938562       56.109764        0.363294       32.954285        1.228016       15.282866        0.048878        0.061223
      2020       2020.000   1128.6444      105.723505       49.419077       56.304428        0.337281       32.818100        3.770038       12.100821        0.173886        0.218950
      2021       2021.000   1097.1810      105.356979       50.622158       54.734821        0.282205       32.522747        8.743897        8.245446        0.364781        0.463081
      2022       2022.000   1068.6938      105.275744       51.962057       53.313686        0.215761       32.117039       13.682815        4.535646        0.617803        0.792994
      2023       2023.000   1045.9878      106.289723       54.108769       52.180954        0.151498       31.644640       18.435951        1.718902        0.937300        1.220477
      2024       2024.000    957.9921      106.636449       58.845315       47.791134        0.096194       31.135508       24.128754        0.377825        1.335494        1.771540
      2025       2025.000    828.7495      107.296057       65.952421       41.343636        0.052696       30.619638       30.203682        0.795645        1.815426        2.465334
      2026       2026.000    679.7312      106.586976       72.677381       33.909595        0.020323       30.115911       34.135773        2.720529        2.370921        3.313924
      2027       2027.000    599.7704      106.174743       76.254134       29.920609       -0.002282       29.651064       33.989250        5.369423        2.964082        4.282597
      2028       2028.000    557.0399      104.340014       76.551093       27.788921       -0.017449       29.241518       30.558195        7.882017        3.557753        5.329060
      2029       2029.000    584.9045      104.147581       74.968584       29.178997       -0.026764       28.920023       25.989771        9.612539        4.102196        6.370819
      2030       2030.000    636.2676      103.886620       72.145285       31.741335       -0.031990       28.702400       21.064985       10.426245        4.592410        7.391235
      2031       2031.000    726.5488      104.025506       67.780332       36.245174       -0.034091       28.608521       15.403775       10.415572        5.021994        8.364561
      2032       2032.000    849.7177      104.698162       62.308487       42.389675       -0.033648       28.641373        9.204645        9.807329        5.397840        9.290948
      2033       2033.000    914.3881      103.660681       58.044810       45.615871       -0.030885       28.784393        4.512625        8.869196        5.729490       10.179991
      2034       2034.000    923.5953      103.790025       57.714837       46.075188       -0.026052       28.998316        3.805608        7.903437        6.016697       11.016832
      2035       2035.000    820.3241      102.793961       61.870640       40.923321       -0.019639       29.238754        7.420290        7.158924        6.266223       11.806088
      2036       2036.000    679.5506      102.541493       68.640908       33.900585       -0.012841       29.457361       13.393102        6.804700        6.475563       12.523024
      2037       2037.000    516.6856      101.663885       75.888109       25.775776       -0.006997       29.624289       19.651440        6.815183        6.647354       13.156841
      2038       2038.000    369.1476      101.024719       82.609136       18.415583       -0.003195       29.725525       25.421631        6.995778        6.781887       13.687510
      2039       2039.000    253.9293      101.184948       88.517236       12.667712       -0.001566       29.768885       30.673367        7.082326        6.883301       14.110924
      2040       2040.000    169.1621      101.120951       92.682000        8.438951       -0.001442       29.775122       34.645607        6.868205        6.957818       14.436690
      2041       2041.000    163.0470      101.389085       93.255195        8.133890       -0.001986       29.765154       35.563557        6.257847        7.007782       14.662842
      2042       2042.000    225.7691      100.676223       89.413331       11.262892       -0.002765       29.749401       32.579830        5.253796        7.036625       14.796444
      2043       2043.000    359.7514      100.567104       82.620268       17.946836       -0.003950       29.723051       27.003145        4.021687        7.044239       14.832096
      2044       2044.000    512.6338      100.722849       75.149204       25.573645       -0.006251       29.667040       20.947399        2.741208        7.030752       14.769056
      2045       2045.000    655.2211      101.405437       68.718570       32.686867       -0.010326       29.559460       15.893442        1.678181        6.994720       14.603093
      2046       2046.000    764.2006      101.875295       63.751794       38.123501       -0.016230       29.386721       12.038843        1.077376        6.933992       14.331093
      2047       2047.000    813.3350      101.153044       60.578387       40.574657       -0.023129       29.154455        9.580934        1.061804        6.847090       13.957233
      2048       2048.000    809.5511      100.635421       60.249530       40.385891       -0.029676       28.891384        9.611865        1.545877        6.734256       13.495824
      2049       2049.000    731.8920      100.098088       63.586358       36.511730       -0.034872       28.636974       13.137615        2.295936        6.594341       12.956364
      2050       2050.000    616.6073      100.431378       69.670830       30.760548       -0.038269       28.435450       19.457150        3.043591        6.425716       12.347193
      2051       2051.000    484.8831      100.163947       75.974692       24.189255       -0.039922       28.319738       26.237482        3.571045        6.222691       11.663658
      2052       2052.000    422.5563      101.072211       79.992242       21.079969       -0.039976       28.308054       31.120070        3.709130        5.982250       10.912714
      2053       2053.000    395.7738      100.855949       81.112072       19.743877       -0.038508       28.396378       33.621651        3.368431        5.691066       10.073055
      2054       2054.000    412.3652      100.357790       79.786220       20.571569       -0.035535       28.561529       34.155708        2.576167        5.352752        9.175599
      2055       2055.000    469.9736       99.630800       76.185333       23.445467       -0.031106       28.772400       32.690742        1.531003        4.973002        8.249290
      2056       2056.000    584.0825       99.141921       70.003932       29.137989       -0.025382       29.000917       28.543289        0.590863        4.564187        7.330057
      2057       2057.000    750.9246       99.257507       61.796302       37.461205       -0.018525       29.230833       21.859686        0.141721        4.138694        6.443892
      2058       2058.000    905.4313       98.932820       53.763776       45.169044       -0.010619       29.455980       14.564328        0.440210        3.707263        5.606614
      2059       2059.000   1014.4959       99.175350       48.565426       50.609924       -0.001839       29.671942        9.291423        1.487717        3.282622        4.833560
      2060       2060.000   1053.2190       99.577009       47.035315       52.541695        0.007603       29.876434        7.114579        3.052006        2.866447        4.118245
      2061       2061.000   1051.5107      100.549910       48.093432       52.456478        0.017035       30.060284        7.333957        4.773583        2.457513        3.451061
      2062       2062.000    985.2424       99.738925       50.588363       49.150562        0.025073       30.205439        9.209445        6.278274        2.051108        2.819024
      2063       2063.000    894.2818       99.148779       54.535944       44.612835        0.029433       30.282547       13.148410        7.194969        1.653363        2.227222
      2064       2064.000    796.9876      100.005142       60.246002       39.759140        0.028097       30.265095       19.729380        7.279710        1.267620        1.676101
      2065       2065.000    660.8517       99.641710       66.673952       32.967758        0.020304       30.133959       27.982933        6.467918        0.899541        1.169297
      2066       2066.000    590.0484      100.540583       71.104972       29.435612        0.007450       29.886929       34.920006        4.980474        0.574331        0.735783
      2067       2067.000    579.0862      100.791184       71.902440       28.888744       -0.007939       29.528784       38.425930        3.261273        0.306400        0.387992
      2068       2068.000    608.6066      100.316552       69.955130       30.361422       -0.022589       29.086573       38.726974        1.900857        0.116711        0.146604
      2069       2069.000    655.2506      100.150353       67.462013       32.688339       -0.034101       28.604691       37.513046        1.341479        0.016393        0.020506
      2070       2070.000    689.1492       99.391738       65.012306       34.379433       -0.041790       28.130974       35.142437        1.763718        0.007540        0.009428
      2071       2071.000    770.2015       99.576100       61.153234       38.422867       -0.046138       27.717695       30.133053        3.142874        0.091251        0.114499
      2072       2072.000    898.5432       99.787580       54.962160       44.825420       -0.048299       27.391317       21.644951        5.353366        0.274150        0.346675
      2073       2073.000   1041.2533      100.339209       48.394442       51.944767       -0.049245       27.161901       11.845012        8.137174        0.569786        0.729814
      2074       2074.000   1100.7703       99.745964       44.832085       54.913879       -0.049621       27.019392        4.522067       11.045675        0.995227        1.299345
      2075       2075.000   1049.6606       98.007350       45.643169       52.364182       -0.049757       26.944571        1.748190       13.372312        1.550174        2.077680
      2076       2076.000    976.0988       97.562371       48.867951       48.694420       -0.049800       26.916534        2.337420       14.409192        2.202904        3.051700
      2077       2077.000    910.0609       97.474863       52.074861       45.400002       -0.049796       26.921604        4.257626       13.849407        2.908029        4.187992
      2078       2078.000    824.8290       96.176372       55.028316       41.148056       -0.049746       26.959631        7.142871       11.947648        3.607386        5.420527
      2079       2079.000    751.1153       96.519559       59.048841       37.470718       -0.049599       27.042862       11.710855        9.441280        4.244735        6.658708
      2080       2080.000    632.1848       96.062345       64.524686       31.537659       -0.049207       27.193293       17.616863        7.077374        4.810737        7.875626
      2081       2081.000    536.6068       96.265555       69.495974       26.769581       -0.048249       27.427122       22.299908        5.491064        5.295428        9.030701
      2082       2082.000    476.8690       95.662101       71.872648       23.789454       -0.046127       27.751406       23.311327        5.014043        5.711689       10.130310
      2083       2083.000    473.2219       95.390804       71.783292       23.607512       -0.042108       28.144512       20.665710        5.788985        6.064142       11.162050
      2084       2084.000    470.9464       94.956490       71.462495       23.493996       -0.035593       28.570560       16.650719        7.772361        6.365447       12.139001
      2085       2085.000    454.9850       95.255474       72.557743       22.697731       -0.026930       28.973724       13.254627       10.680841        6.620556       13.054924
      2086       2086.000    409.4036       94.832056       74.408232       20.423824       -0.017703       29.303705       10.400743       13.974955        6.835961       13.910571
      2087       2087.000    390.7673       94.608768       75.114647       19.494122       -0.010816       29.510975        7.181462       16.751989        7.009643       14.671393
      2088       2088.000    397.7574       93.844064       74.001230       19.842834       -0.008589       29.574892        3.767442       18.199844        7.145372       15.322268
      2089       2089.000    433.9853       93.793958       72.143834       21.650124       -0.011570       29.496859        1.727813       17.841946        7.245708       15.843080
      2090       2090.000    464.7489       93.870160       70.685338       23.184822       -0.018324       29.298368        2.146793       15.701513        7.317310       16.239677
      2091       2091.000    471.8331       93.031143       69.492912       23.538231       -0.026479       29.014481        4.421328       12.201140        7.365030       16.517412
      2092       2092.000    517.4060       93.409134       67.597417       25.811716       -0.033961       28.688021        6.782312        8.085355        7.392567       16.683125
      2093       2093.000    565.6439       93.046396       64.828248       28.218147       -0.040049       28.337505        8.299218        4.071607        7.404387       16.755581
      2094       2094.000    617.2611       93.294865       62.501702       30.793163       -0.044487       27.980579        9.290203        1.126443        7.402851       16.746113
      2095       2095.000    612.9862       92.608266       62.028363       30.579903       -0.047476       27.617144       10.304478        0.102712        7.389153       16.662354
      2096       2096.000    575.8652       92.402076       63.674018       28.728058       -0.049186       27.255293       11.013419        1.584131        7.363289       16.507072
      2097       2097.000    518.2531       92.566575       66.712600       25.853975       -0.049865       26.901405       10.742563        5.520316        7.323444       16.274736
      2098       2098.000    425.7244       91.789273       70.551255       21.238018       -0.049788       26.573011        9.570119       11.236305        7.266373       15.955235
      2099       2099.000    337.7548       91.605774       74.756277       16.849497       -0.049320       26.306599        8.341515       17.422592        7.189285       15.545607
      2100       2100.000    254.4001       91.296777       78.605577       12.691200       -0.048856       26.132034        7.502342       22.901508        7.086324       15.032224
      2101       2101.000    207.7794       91.061834       80.696393       10.365441       -0.048705       26.079178        6.662342       26.638588        6.952406       14.412584
      2102       2102.000    219.0251       90.859063       79.932609       10.926454       -0.048985       26.163816        5.359039       27.993462        6.781075       13.684202
      2103       2103.000    295.3426       91.109335       76.375647       14.733688       -0.049543       26.387512        3.939853       26.682022        6.565737       12.850065
      2104       2104.000    421.3793       91.930787       70.909531       21.021255       -0.049908       26.744204        3.216403       22.784828        6.299058       11.914947
      2105       2105.000    550.6245       91.878458       64.409578       27.468880       -0.049154       27.221706        3.430879       16.917980        5.980553       10.907614
      2106       2106.000    679.7126       91.606588       57.697916       33.908672       -0.045793       27.792971        3.924564       10.499147        5.627769        9.899259
      2107       2107.000    789.3593       91.352688       51.974098       39.378590       -0.037504       28.444706        4.257026        5.117071        5.257337        8.935462
      2108       2108.000    836.3050       90.838858       49.118300       41.720558       -0.020442       29.173826        5.022136        2.021371        4.882358        8.039050
      2109       2109.000    809.1874       90.643143       50.275391       40.367752        0.011639       29.976814        6.823109        1.738089        4.510719        7.215022
      2110       2110.000    728.8155       90.732797       54.374544       36.358253        0.068580       30.847986        8.815894        4.053917        4.140550        6.447616
      2111       2111.000    631.4065       90.421646       58.922814       31.498833        0.163587       31.765234        9.190731        8.323537        3.764748        5.714977
      2112       2112.000    580.7879       91.302693       62.329060       28.973633        0.307320       32.674282        7.325812       13.642616        3.377231        5.001798
      2113       2113.000    540.4066       92.176458       65.217321       26.959137        0.502781       33.524036        4.795996       19.151909        2.962569        4.280031
      2114       2114.000    472.4287       92.170726       68.602781       23.567945        0.725885       34.234371        3.792689       23.782677        2.518566        3.548593
      2115       2115.000    420.0626       92.355688       71.400122       20.955566        0.917983       34.721539        4.539118       26.325117        2.061516        2.834849
      2116       2116.000    432.1223       92.477559       70.920373       21.557186        1.017179       34.942772        5.192442       25.997116        1.608643        2.162220
      2117       2117.000    531.6903       92.355348       65.831033       26.524315        0.987181       34.878986        4.439053       22.783096        1.183719        1.558998
      2118       2118.000    690.0922       92.571457       58.144985       34.426472        0.838300       34.533451        3.381310       17.535513        0.809045        1.047366
      2119       2119.000    837.2744       93.315682       51.546769       41.768913        0.622811       33.935787        4.318896       11.537922        0.496911        0.634442
      2120       2120.000    905.8610       93.092768       47.902288       45.190479        0.406633       33.150459        7.729299        6.040154        0.254363        0.321381
      2121       2121.000    925.5007       91.940921       45.770675       46.170246        0.236327       32.280319       11.004300        2.048847        0.089096        0.111786
      2122       2122.000   1008.5828       93.166126       42.851188       50.314938        0.121658       31.421566       11.128792        0.162774        0.007287        0.009112
      2123       2123.000   1102.7949       94.566929       39.552052       55.014877        0.049207       30.610088        8.130202        0.714283        0.021444        0.026828
      2124       2124.000   1113.2506       94.467868       38.931384       55.536484        0.005639       29.871576        4.823162        3.862864        0.162997        0.205146
      2125       2125.000   1016.4730       93.467040       42.758483       50.708557       -0.019607       29.220070        3.428708        9.059431        0.470217        0.599663
      2126       2126.000    880.6164       93.086311       49.155201       43.931110       -0.033923       28.655128        3.436818       14.866644        0.968132        1.262401
      2127       2127.000    774.9933       93.465377       54.803458       38.661919       -0.041906       28.168667        3.332897       19.472544        1.649566        2.221691
      2128       2128.000    689.9395       92.498853       58.079999       34.418854       -0.046178       27.759531        2.980372       21.465065        2.462387        3.458822
      2129       2129.000    672.8318       93.067163       59.501756       33.565407       -0.048222       27.448366        3.525153       20.412012        3.300053        4.864393
      2130       2130.000    675.2915       93.702293       60.014178       33.688114       -0.049074       27.247658        5.452497       16.898026        4.099545        6.365528
      2131       2131.000    697.0157       94.226120       59.454254       34.771866       -0.049301       27.175215        7.604644       12.025037        4.814501        7.884158
      2132       2132.000    745.2510       94.535437       57.357268       37.178169       -0.049106       27.236469        8.364707        7.001815        5.429834        9.373548
      2133       2133.000    776.5847       93.322154       54.580851       38.741302       -0.048361       27.417320        7.529392        2.918899        5.949343       10.814259
      2134       2134.000    804.7521       93.447390       53.300906       40.146484       -0.046772       27.680212        6.424647        0.689563        6.376482       12.176773
      2135       2135.000    766.6790       93.433626       55.186487       38.247139       -0.044096       27.982208        6.225635        0.809024        6.730967       13.482748
      2136       2136.000    666.0998       93.366000       60.136432       33.229568       -0.040533       28.271992        6.797340        3.365094        7.020601       14.721937
      2137       2137.000    530.2396       93.031760       66.579816       26.451944       -0.036834       28.505976        7.213345        7.764993        7.252514       15.879822
      2138       2138.000    412.3255       93.474264       72.904676       20.569588       -0.034048       28.654650        7.098931       12.816079        7.433224       16.935841
      2139       2139.000    301.2663       93.347661       78.318456       15.029205       -0.032949       28.708130        6.885615       17.288574        7.573326       17.895760
      2140       2140.000    229.0866       93.494448       82.066055       11.428393       -0.033787       28.666817        6.959824       20.059025        7.677999       18.736177
      2141       2141.000    206.4735       93.702377       83.402080       10.300297       -0.036211       28.540531        7.101320       20.580875        7.755302       19.460262
      2142       2142.000    233.5901       93.559519       81.906461       11.653058       -0.039559       28.340845        6.938255       18.788481        7.811258       20.067181
      2143       2143.000    318.6157       94.009413       78.114705       15.894708       -0.043083       28.080851        6.562200       15.120554        7.849779       20.544405
      2144       2144.000    400.3029       93.195422       73.225600       19.969822       -0.046255       27.762180        6.396247       10.343309        7.875086       20.895033
      2145       2145.000    495.8715       93.393225       68.655796       24.737429       -0.048531       27.403343        6.538656        5.775729        7.888597       21.098001
      2146       2146.000    569.6372       93.549581       65.132220       28.417360       -0.049731       27.008177        6.620607        2.512469        7.891853       21.148846
      2147       2147.000    610.5102       93.847521       63.391136       30.456385       -0.049819       26.597631        6.435368        1.485383        7.884682       21.037891
      2148       2148.000    602.4780       94.126593       64.070913       30.055679       -0.049026       26.200329        6.291418        3.003544        7.865570       20.759079
      2149       2149.000    553.7810       94.788890       67.162545       27.626345       -0.047778       25.851522        6.494163        6.721395        7.831585       20.311659
      2150       2150.000    461.5215       94.617760       71.593942       23.023819       -0.046535       25.582222        6.704222       11.880629        7.777929       19.695475
      2151       2151.000    391.3168       95.179274       75.657742       19.521532       -0.045680       25.419592        6.260815       17.395531        7.699606       18.927879
      2152       2152.000    327.9406       94.846265       78.486367       16.359898       -0.045378       25.367477        5.233785       22.338701        7.587736       18.004045
      2153       2153.000    316.3967       95.885559       80.101550       15.784008       -0.045629       25.417244        4.692378       25.639124        7.437218       16.961216
      2154       2154.000    308.0923       96.143560       80.773827       15.369733       -0.046306       25.549887        5.595278       26.660820        7.233973       15.780176
      2155       2155.000    346.7034       97.180575       79.884663       17.295912       -0.047201       25.736404        7.656033       25.020681        6.980444       14.538301
      2156       2156.000    416.7910       97.382862       76.590504       20.792358       -0.048154       25.960606        9.685687       21.044333        6.677010       13.271023
      2157       2157.000    521.7123       97.594122       71.567580       26.026543       -0.049015       26.210045       11.093987       15.901062        6.344335       12.067166
      2158       2158.000    612.9365       97.676286       67.098861       30.577425       -0.049673       26.493340       12.758277       10.942896        5.996964       10.957057
      2159       2159.000    665.5317       98.312438       65.111213       33.201225       -0.049899       26.829458       15.513080        7.230671        5.644094        9.943809
      2160       2160.000    677.6379       98.821954       65.016786       33.805168       -0.049156       27.242231       18.325466        5.217042        5.282619        8.998583
      2161       2161.000    695.4599       99.065956       64.371704       34.694252       -0.046360       27.741529       18.773087        4.903235        4.906211        8.094002
      2162       2162.000    751.5535       99.251003       61.758422       37.492580       -0.039813       28.315493       15.779732        5.993693        4.505489        7.203829
      2163       2163.000    825.2766       99.663754       58.493367       41.170387       -0.027589       28.929207       11.154411        8.059055        4.070523        6.307760
      2164       2164.000    822.4824       97.964749       56.933755       41.030994       -0.008635       29.530737        7.845048       10.572859        3.595389        5.398358
      2165       2165.000    828.2624       98.774954       57.455614       41.319340        0.014913       30.048071        6.999282       12.784678        3.097729        4.510941
      2166       2166.000    818.3072       98.996137       58.173432       40.822704        0.039456       30.454329        7.411359       14.043381        2.579028        3.645880
      2167       2167.000    836.9059       99.283558       57.533024       41.750534        0.059568       30.723980        7.988893       13.850592        2.066918        2.843074
      2168       2168.000    846.8943       98.540467       56.291642       42.248825        0.070913       30.852217        9.486995       12.167642        1.585368        2.128507
      2169       2169.000    812.6564       97.069198       56.528396       40.540802        0.071615       30.846470       13.495972        9.434190        1.157521        1.522629
      2170       2170.000    759.1522       96.648734       58.777079       37.871655        0.063192       30.730165       19.840603        6.321613        0.794134        1.027372
      2171       2171.000    728.1219       97.598463       61.274809       36.323654        0.049217       30.535471       26.146139        3.423318        0.492271        0.628392
      2172       2172.000    709.2090       97.426494       62.046344       35.380150        0.033281       30.294041       29.936008        1.216264        0.250412        0.316337
      2173       2173.000    752.7833       98.451082       60.897149       37.553932        0.018335       30.039877       30.552290        0.102180        0.081830        0.102638
      2174       2174.000    781.8441       98.203843       59.200162       39.003681        0.005445       29.790117       29.179003        0.219755        0.002596        0.003246
      2175       2175.000    819.9395       98.703894       57.799757       40.904137       -0.004825       29.562313       26.732092        1.418522        0.040697        0.050958
      2176       2176.000    854.9480       98.503725       55.853129       42.650597       -0.012733       29.362448       22.804422        3.200179        0.220552        0.278261
      2177       2177.000    917.9493       98.141428       52.347902       45.793526       -0.018508       29.198400       17.070604        4.847582        0.548253        0.701570
      2178       2178.000   1010.1091       98.216636       47.825553       50.391083       -0.022376       29.078541       10.686378        5.770880        1.002650        1.309481
      2179       2179.000   1095.5135       98.733527       44.081892       54.651634       -0.024397       29.015314        5.722565        5.752246        1.545385        2.070780
      2180       2180.000   1112.2697       97.871978       42.384437       55.487541       -0.024393       29.025488        3.365291        4.935302        2.135245        2.947504
      2181       2181.000   1092.6400       97.060456       42.552174       54.508282       -0.021967       29.123409        3.144806        3.680452        2.731345        3.894128
      2182       2182.000   1052.7383       96.527887       44.010175       52.517712       -0.016574       29.311869        4.144271        2.365237        3.314813        4.890559
      2183       2183.000    989.2901       96.583096       47.230606       49.352489       -0.007703       29.576170        6.550011        1.301697        3.878406        5.932025
      2184       2184.000    858.4338       96.101143       53.276649       42.824493        0.004684       29.884180       11.225180        0.721253        4.419677        7.021676
      2185       2185.000    684.2106       96.074861       61.941801       34.133060        0.019300       30.187801       17.902687        0.760855        4.927617        8.143540
      2186       2186.000    502.9673       96.347945       71.256530       25.091415        0.033539       30.441338       24.702806        1.402495        5.394358        9.281994
      2187       2187.000    364.6707       97.048853       78.856607       18.192245        0.044062       30.609499       29.513628        2.463918        5.812018       10.413482
      2188       2188.000    269.1150       97.113842       83.688565       13.425277        0.048354       30.675755       31.600552        3.660257        6.179438       11.524210
      2189       2189.000    229.5622       97.282814       85.830698       11.452116        0.045790       30.641167       31.424070        4.657274        6.489523       12.572874
      2190       2190.000    226.5542       96.845801       85.543745       11.302055        0.037996       30.525593       29.445650        5.234832        6.748197       13.551478
      2191       2191.000    285.5121       96.826737       82.583462       14.243275        0.027722       30.360132       25.506462        5.300272        6.956785       14.432089
      2192       2192.000    389.3894       96.470411       77.045030       19.425381        0.016712       30.163801       19.578924        4.916906        7.128828       15.239859
      2193       2193.000    503.8061       95.620369       70.487108       25.133261        0.005873       29.945932       13.028402        4.255527        7.270967       15.980406
      2194       2194.000    614.2504       95.898542       65.255571       30.642971       -0.004636       29.703127        7.947731        3.564298        7.388241       16.656811
      2195       2195.000    662.9785       95.869123       62.795263       33.073860       -0.015012       29.419853        5.513528        3.105581        7.486723       17.284590
      2196       2196.000    649.5802       95.559908       63.154448       32.405460       -0.024808       29.091516        5.550248        3.117127        7.567535       17.852829
      2197       2197.000    598.1313       95.376233       65.537389       29.838844       -0.033300       28.726053        7.184296        3.685829        7.631119       18.343391
      2198       2198.000    522.8793       95.607360       69.522600       26.084761       -0.039881       28.344318       10.088031        4.713964        7.678205       18.737963
      2199       2199.000    409.3611       95.456152       75.034449       20.421703       -0.044369       27.977188       14.389970        5.980852        7.709803       19.021006
      2200       2200.000    286.7563       95.465859       81.160513       14.305346       -0.046987       27.666149       19.435324        7.204929        7.726227       19.174871
      2201       2201.000    185.9937       95.300563       86.021937        9.278626       -0.048295       27.442215       23.559860        8.151667        7.727688       19.188803
      2202       2202.000    146.6848       95.202795       87.885162        7.317634       -0.048812       27.323492       25.199446        8.642188        7.713512       19.055336
      2203       2203.000    173.4706       95.196260       86.542370        8.653890       -0.048873       27.305742       24.251833        8.582099        7.681841       18.769728
      2204       2204.000    242.9367       95.101307       82.981977       12.119329       -0.048600       27.369778       21.753036        7.949317        7.629345       18.329102
      2205       2205.000    329.3821       94.602947       78.171135       16.431812       -0.048015       27.487148       18.602884        6.831585        7.552765       17.744768
      2206       2206.000    449.0260       94.827685       72.427225       22.400459       -0.047148       27.628086       14.897793        5.451237        7.450556       17.046701
      2207       2207.000    571.2900       94.512735       66.012920       28.499815       -0.046025       27.776108       10.642425        4.067529        7.319681       16.253202
      2208       2208.000    692.7593       94.935406       60.375881       34.559525       -0.044675       27.923239        6.967417        2.961949        7.161985       15.405966
      2209       2209.000    773.5908       95.885455       57.293510       38.591946       -0.043007       28.076141        5.484753        2.277267        6.976747       14.521609
      2210       2210.000    737.0444       94.319198       57.550429       36.768768       -0.040813       28.246628        6.940295        2.032721        6.762527       13.609072
      2211       2211.000    693.7604       94.595888       59.986418       34.609470       -0.037916       28.437391       10.240060        2.125832        6.523966       12.697084
      2212       2212.000    629.3582       94.261449       62.864799       31.396650       -0.034070       28.650986       13.858844        2.388669        6.249441       11.750929
      2213       2213.000    567.8098       93.699725       65.373528       28.326197       -0.029430       28.868822       17.180067        2.655748        5.932899       10.765421
      2214       2214.000    530.8044       94.036360       67.556242       26.480118       -0.024672       29.061150       20.426430        2.790720        5.567148        9.735467
      2215       2215.000    516.0833       94.836398       69.090670       25.745728       -0.020872       29.198191       23.392500        2.733672        5.140005        8.647175
      2216       2216.000    516.9818       94.476256       68.685702       25.790554       -0.019216       29.254021       24.760733        2.534775        4.646347        7.509043
      2217       2217.000    600.0276       95.226471       65.293027       29.933443       -0.020333       29.215956       23.256952        2.358131        4.105302        6.377019
      2218       2218.000    711.2349       95.055866       59.574653       35.481213       -0.023840       29.090382       19.306377        2.417980        3.521356        5.262399
      2219       2219.000    816.5358       94.528509       53.794172       40.734337       -0.028526       28.903534       14.891056        2.894261        2.922126        4.211720
      2220       2220.000    898.6763       94.365122       49.533060       44.832062       -0.033089       28.693329       11.453927        3.842384        2.328799        3.247710
      2221       2221.000    963.9627       94.622560       46.533571       48.088989       -0.036722       28.497467        8.729978        5.211668        1.755041        2.376140
      2222       2222.000   1022.0505       94.933307       43.946506       50.986801       -0.039193       28.343670        5.944230        6.880077        1.215073        1.602649
      2223       2223.000   1065.4474       95.300333       42.148599       53.151733       -0.040631       28.243456        3.606070        8.664613        0.731458        0.943633
      2224       2224.000   1048.8090       94.973484       42.651790       52.321693       -0.041317       28.191622        3.412174       10.322567        0.338069        0.428676
      2225       2225.000    979.9453       94.988106       46.101799       48.886307       -0.041532       28.173359        6.234844       11.552333        0.081089        0.101706
      2226       2226.000    866.2372       94.310625       51.096850       43.213776       -0.041499       28.172504       10.862991       12.101162        0.000751        0.000939
      2227       2227.000    773.7252       94.003774       55.405118       38.598656       -0.041343       28.179249       15.125067       11.882836        0.114941        0.144369
      2228       2228.000    709.9844       93.594208       58.175377       35.418831       -0.041071       28.193050       18.034849       11.067176        0.405585        0.515788
      2229       2229.000    667.8960       93.385159       60.065984       33.319176       -0.040582       28.221460       19.988609        9.996251        0.827754        1.072490
      2230       2230.000    634.1250       93.184707       61.550258       31.634449       -0.039698       28.276253       21.202833        9.014559        1.331046        1.765266
      2231       2231.000    618.6741       92.663069       61.799414       30.863655       -0.038228       28.366653       20.688637        8.358589        1.872941        2.550822
      2232       2232.000    669.9928       93.242370       59.818591       33.423779       -0.036069       28.491623       17.411333        8.132269        2.423077        3.396358
      2233       2233.000    731.7711       92.801980       56.296281       36.505699       -0.033293       28.638441       12.067155        8.342532        2.976982        4.304464
      2234       2234.000    777.7730       92.446739       53.646153       38.800587       -0.030438       28.776499        7.213578        8.909477        3.518979        5.258058
      2235       2235.000    779.0367       92.544650       53.681022       38.863628       -0.028381       28.871277        4.916541        9.626863        4.042495        6.252226
      2236       2236.000    729.9774       92.502291       56.086073       36.416218       -0.028058       28.891832        5.231109       10.171423        4.540599        7.279168
      2237       2237.000    681.0427       93.135161       59.160136       33.975025       -0.029980       28.817583        6.885320       10.173059        5.000443        8.313710
      2238       2238.000    612.9307       92.497244       61.920107       30.577137       -0.033877       28.641830        9.179275        9.378742        5.416107        9.338030
      2239       2239.000    552.6211       92.265426       64.696941       27.568485       -0.038666       28.378952       12.476555        7.799064        5.774464       10.306572
      2240       2240.000    493.7887       92.634967       68.001443       24.633524       -0.043166       28.054428       17.031040        5.670479        6.079411       11.209251
      2241       2241.000    433.9011       92.825152       71.179228       21.645924       -0.046576       27.701134       21.757883        3.374230        6.340015       12.052542
      2242       2242.000    389.3699       92.155335       72.730927       19.424408       -0.048652       27.356373       24.630302        1.388329        6.563344       12.841231
      2243       2243.000    406.9266       92.302252       72.001995       20.300257       -0.049623       27.051821       24.476446        0.195003        6.753919       13.574430
      2244       2244.000    442.5775       92.127703       70.048939       22.078764       -0.049905       26.789627       21.937449        0.162925        6.923560       14.285283
      2245       2245.000    476.6112       92.329751       68.553157       23.776594       -0.049798       26.568241       18.408400        1.570151        7.075572       14.980592
      2246       2246.000    479.6942       92.089263       68.158866       23.930397       -0.049484       26.376993       14.543749        4.408572        7.212505       15.666531
      2247       2247.000    489.2162       92.718815       68.313401       24.405415       -0.049069       26.211491       10.293715        8.202017        7.331896       16.323351
      2248       2248.000    486.3394       92.699494       68.437594       24.261900       -0.048629       26.071892        5.825600       12.216004        7.433723       16.939003
      2249       2249.000    472.7785       92.268969       68.683573       23.585396       -0.048281       25.975134        2.264705       15.499888        7.514980       17.477146
      2250       2250.000    457.8111       92.184697       69.345977       22.838720       -0.048168       25.945692        0.637248       17.328505        7.574938       17.907763
      2251       2251.000    448.7668       92.485341       70.097813       22.387527       -0.048402       26.008602        0.914459       17.391256        7.615232       18.216665
      2252       2252.000    448.8100       92.589211       70.199526       22.389685       -0.048975       26.183630        2.316919       15.713098        7.637739       18.397116
      2253       2253.000    471.0902       92.872235       69.371064       23.501171       -0.049652       26.476828        4.241778       12.613295        7.643610       18.445206
      2254       2254.000    480.9791       92.163532       68.169037       23.994495       -0.049878       26.881184        6.687075        8.654482        7.633501       18.362673
      2255       2255.000    499.4880       92.280193       67.362346       24.917847       -0.048765       27.366152        9.548381        4.730034        7.607841       18.158703
      2256       2256.000    511.2793       92.713883       67.207810       25.506073       -0.045141       27.910917       12.214190        1.718653        7.566202       17.842989
      2257       2257.000    509.0953       93.124248       67.727125       25.397123       -0.037573       28.492249       13.869926        0.465168        7.508045       17.429310
      2258       2258.000    468.2984       92.558846       69.196951       23.361895       -0.024458       29.090723       14.350495        1.414653        7.432743       16.932795
      2259       2259.000    432.0125       93.436474       71.884764       21.551710       -0.004485       29.682640       14.171985        4.321218        7.340456       16.372950
      2260       2260.000    369.3338       93.891397       75.466528       18.424870        0.024808       30.279507       13.614962        8.588023        7.225282       15.733947
      2261       2261.000    324.4689       94.768872       78.582166       16.186707        0.064928       30.864952       12.254735       13.296915        7.083243       15.017392
      2262       2262.000    294.9114       94.634716       79.922535       14.712181        0.116669       31.426050        9.661969       17.609276        6.904837       14.203733
      2263       2263.000    316.7618       94.991784       79.189560       15.802223        0.174018       31.909201        6.527833       20.581896        6.686955       13.309657
      2264       2264.000    350.2089       94.512429       77.041636       17.470793        0.227005       32.276173        4.163059       21.641050        6.417124       12.317225
      2265       2265.000    430.5156       95.338552       73.861520       21.477032        0.259478       32.473770        3.304076       20.467566        6.095963       11.260668
      2266       2266.000    520.7845       95.000896       69.020641       25.980255        0.260954       32.480167        3.211595       17.229626        5.710711       10.127588
      2267       2267.000    675.7073       96.123957       62.415103       33.708855        0.230566       32.291492        2.848620       12.792612        5.274225        8.977587
      2268       2268.000    786.4998       94.595896       55.359957       39.235939        0.178202       31.926252        2.419295        8.237748        4.783769        7.814690
      2269       2269.000    860.6430       93.628734       50.694034       42.934700        0.121291       31.446161        3.317520        4.839759        4.266345        6.702959
      2270       2270.000    875.4106       93.277658       49.606249       43.671410        0.071701       30.914667        6.033487        3.219223        3.725770        5.641400
      2271       2271.000    856.7131       93.536206       50.797551       42.738655        0.034570       30.396706        9.000746        3.581783        3.161840        4.621906
      2272       2272.000    816.7098       92.720378       51.977362       40.743015        0.009516       29.943083       10.000015        5.819449        2.571527        3.633772
      2273       2273.000    824.3261       93.405080       52.282110       41.122971       -0.005977       29.589348        8.557730        9.484119        1.966251        2.690639
      2274       2274.000    810.5480       93.232633       52.797010       40.435623       -0.015236       29.334700        6.416975       13.913755        1.351987        1.794828
      2275       2275.000    768.7056       92.714951       54.366712       38.348240       -0.020376       29.172548        5.453549       17.974133        0.779320        1.007538
      2276       2276.000    739.8286       92.645437       55.737776       36.907661       -0.022761       29.089640        5.584993       20.354214        0.322731        0.408959
      2277       2277.000    740.9618       91.771691       54.807499       36.964191       -0.023069       29.075573        5.513871       20.119108        0.054161        0.067855
      2278       2278.000    793.8326       90.852585       51.250840       39.601746       -0.021392       29.128716        4.886541       17.235750        0.009431        0.011794
      2279       2279.000    879.8093       90.971089       47.080239       43.890850       -0.017309       29.255209        4.843126       12.634185        0.161623        0.203405
      2280       2280.000    914.6686       90.028030       44.398166       45.629864       -0.009788       29.466484        6.273471        7.629461        0.456594        0.581944
      2281       2281.000    949.0958       90.682084       43.334756       47.347328        0.002631       29.765945        8.122686        3.523398        0.836221        1.083874
      2282       2282.000    976.6636       91.255657       42.533062       48.722595        0.022128       30.151648        8.314043        1.093832        1.270822        1.680589
      2283       2283.000    968.0896       90.026711       41.731842       48.294868        0.050327       30.596266        6.155950        0.827875        1.743001        2.358424
      2284       2284.000    952.8046       90.106062       42.573713       47.532349        0.085973       31.043348        3.295034        2.809786        2.236241        3.103331
      2285       2285.000    853.5515       89.405497       46.824568       42.580929        0.124549       31.438187        1.824629        6.757943        2.751665        3.927596
      2286       2286.000    700.4384       88.944176       54.001568       34.942608        0.156416       31.718357        2.143705       11.886177        3.275656        4.821257
      2287       2287.000    561.3757       89.451091       61.445869       28.005222        0.171342       31.841028        2.857174       17.012270        3.793853        5.770201
      2288       2288.000    461.3738       89.793870       66.777421       23.016449        0.163291       31.783337        2.819316       20.951283        4.296082        6.764112
      2289       2289.000    409.5720       89.837838       69.405613       20.432224        0.133435       31.538805        2.411083       22.785517        4.764786        7.771987
      2290       2290.000    388.8624       89.560653       70.161563       19.399090        0.090483       31.123636        2.793915       22.209864        5.185529        8.758137
      2291       2291.000    419.0620       90.523303       69.617652       20.905651        0.046189       30.577883        4.218173       19.534086        5.550471        9.690850
      2292       2292.000    440.5108       89.437593       67.461929       21.975664        0.008242       29.933758        5.695306       15.366661        5.871840       10.586122
      2293       2293.000    512.1469       89.149213       63.599859       25.549355       -0.018254       29.269522        6.011706       10.794666        6.140821       11.401399
      2294       2294.000    591.5105       88.486767       58.978217       29.508551       -0.035011       28.607246        5.167123        6.705822        6.371916       12.161121
      2295       2295.000    636.7081       87.346240       55.582931       31.763309       -0.044354       27.970480        4.095606        4.115317        6.572137       12.873744
      2296       2296.000    644.7205       87.010756       54.847731       32.163025       -0.048685       27.372675        3.438216        3.793771        6.746614       13.545140
      2297       2297.000    595.7480       86.585271       56.865327       29.719944       -0.049904       26.812502        3.016221        5.996371        6.901380       14.188758
      2298       2298.000    514.7884       86.568421       60.887291       25.681129       -0.049286       26.300184        2.495281       10.302165        7.037663       14.801285
      2299       2299.000    427.9373       87.424918       66.076508       21.348410       -0.047750       25.847088        2.021204       15.721486        7.156460       15.378019
      2300       2300.000    336.4200       88.501434       71.718527       16.782907       -0.045932       25.464436        1.986116       21.135988        7.259606       15.918313
      2301       2301.000    238.6928       88.713004       76.805388       11.907616       -0.044296       25.169838        2.431033       25.486362        7.347633       16.414818
      2302       2302.000    170.0818       88.470361       79.985527        8.484835       -0.043195       24.985966        2.956301       27.827402        7.418139       16.840914
      2303       2303.000    153.6439       88.232867       80.568070        7.664797       -0.042775       24.918028        3.358596       27.689716        7.470139       17.174366
      2304       2304.000    189.1254       88.330071       78.895218        9.434854       -0.042997       24.953522        3.983534       25.091000        7.504583       17.405577
      2305       2305.000    253.2919       88.334399       75.698481       12.635918       -0.043731       25.073040        5.200018       20.414604        7.522827       17.531723
      2306       2306.000    344.4276       88.791901       71.609521       17.182381       -0.044797       25.253130        6.737464       14.588672        7.525391       17.549662
      2307       2307.000    428.7371       88.585455       67.197144       21.388311       -0.046040       25.477613        7.996678        8.791354        7.513140       17.464399
      2308       2308.000    493.3435       88.276786       63.665471       24.611315       -0.047309       25.733183        8.863153        4.342360        7.487082       17.287003
      2309       2309.000    530.5038       88.777248       62.312126       26.465122       -0.048493       26.020189        9.900145        1.965944        7.447477       17.026863
      2310       2310.000    505.2659       88.715753       63.509667       25.206085       -0.049457       26.349915       11.373823        1.759609        7.392578       16.683199
      2311       2311.000    445.6183       88.329559       66.099102       22.230457       -0.049906       26.723957       12.487485        3.360996        7.320230       16.256340
      2312       2312.000    394.0240       87.994242       68.337656       19.656586       -0.049412       27.134724       12.207986        6.076276        7.226686       15.741397
      2313       2313.000    354.8614       87.334094       69.631206       17.702888       -0.047508       27.563354       10.726980        9.153909        7.106144       15.128326
      2314       2314.000    333.6778       87.279959       70.633853       16.646107       -0.044029       27.973459        9.495332       11.839644        6.953223       14.416223
      2315       2315.000    309.9312       87.257986       71.796521       15.461466       -0.039334       28.332989        9.613025       13.535940        6.759008       13.594893
      2316       2316.000    307.5726       87.529123       72.185318       15.343805       -0.034508       28.607201       10.622842       13.793286        6.518660       12.677837
      2317       2317.000    341.8687       87.373163       70.318434       17.054729       -0.030850       28.777624       11.143440       12.519515        6.227951       11.680754
      2318       2318.000    432.6625       87.702132       66.117995       21.584137       -0.029313       28.839558       10.695455       10.077207        5.891522       10.643567
      2319       2319.000    541.4879       88.369393       61.356309       27.013084       -0.029915       28.808697       10.396128        7.096784        5.507603        9.577013
      2320       2320.000    620.5902       89.004809       58.045565       30.959244       -0.031916       28.714750       11.504561        4.289224        5.075979        8.492966
      2321       2321.000    645.1700       88.461005       56.275558       32.185448       -0.034258       28.598698       13.482525        2.230888        4.596840        7.400865
      2322       2322.000    691.9246       88.784531       54.266648       34.517883       -0.036060       28.504028       14.144260        1.260004        4.075925        6.318491
      2323       2323.000    781.7318       89.784398       50.786321       38.998077       -0.036935       28.458630       12.189285        1.447271        3.501638        5.226431
      2324       2324.000    818.3629       87.658653       46.833168       40.825485       -0.036786       28.473410        8.682991        2.726206        2.867440        4.119907
      2325       2325.000    850.4198       86.773587       44.348886       42.424702       -0.035664       28.542810        5.872824        4.693900        2.210920        3.064096
      2326       2326.000    896.7799       88.285359       43.547902       44.737457       -0.033639       28.654293        4.537907        6.742992        1.557747        2.088601
      2327       2327.000    908.2310       88.400610       43.091894       45.308716       -0.030679       28.798117        3.941834        8.197914        0.948719        1.235989
      2328       2328.000    943.3328       89.022523       41.962697       47.059826       -0.026699       28.966566        3.495480        8.476809        0.461813        0.588729
      2329       2329.000    972.6340       89.522548       41.000972       48.521576       -0.021235       29.165947        4.045634        7.487232        0.143251        0.180142
      2330       2330.000    951.9968       89.450703       41.958653       47.492050       -0.013342       29.410898        6.938581        5.606154        0.007271        0.009091
      2331       2331.000    905.1462       90.232809       45.077986       45.154823       -0.001438       29.718794       11.834046        3.445382        0.036059        0.045142
      2332       2332.000    844.6528       90.748888       48.611887       42.137001        0.017038       30.105696       16.493303        1.543880        0.199938        0.252032
      2333       2333.000    810.8733       91.269699       50.817848       40.451851        0.045104       30.567829       18.812712        0.317533        0.472298        0.602371
      2334       2334.000    791.8108       91.443439       51.942554       39.500885        0.085350       31.079805       18.831024        0.031880        0.833833        1.080662
      2335       2335.000    740.8822       90.541665       53.581444       36.960220        0.137352       31.592165       18.090183        0.817966        1.267644        1.676135
      2336       2336.000    689.3021       90.698551       56.311493       34.387058        0.194441       32.039814       17.379776        2.580376        1.749339        2.367747
      2337       2337.000    647.8015       91.264985       58.948258       32.316727        0.246034       32.376858       15.908655        5.007330        2.263574        3.145808
      2338       2338.000    633.6117       91.610834       60.001989       31.608845        0.279446       32.568562       12.784007        7.589259        2.789906        3.990810
      2339       2339.000    661.2109       92.391532       59.405853       32.985680        0.285499       32.597462        8.595379        9.750683        3.304522        4.872309
      2340       2340.000    686.1813       92.676770       58.445397       34.231373        0.263414       32.467060        5.045188       11.103472        3.794614        5.771649
      2341       2341.000    697.5164       92.967585       58.170741       34.796844        0.220967       32.200802        3.324067       11.510446        4.248353        6.666107
      2342       2342.000    667.6537       91.782350       58.475259       33.307091        0.169690       31.834595        3.158604       11.095190        4.665661        7.551519
      2343       2343.000    634.5825       90.586927       58.929658       31.657269        0.120216       31.414186        3.791515       10.146177        5.043063        8.414500
      2344       2344.000    621.4417       90.971996       59.970275       31.001720        0.077444       30.968821        5.260869        9.011464        5.387442        9.264235
      2345       2345.000    565.3463       90.940619       62.737317       28.203302        0.041918       30.504166        8.305726        8.042365        5.711990       10.131152
      2346       2346.000    468.5454       90.906492       67.532276       23.374216        0.013906       30.032698       12.861991        7.599141        6.014471       11.010069
      2347       2347.000    353.7921       90.789948       73.140404       17.649544       -0.007317       29.562464       17.530174        7.879050        6.290287       11.885746
      2348       2348.000    259.8519       90.857915       77.894740       12.963175       -0.022637       29.106110       20.732521        8.819798        6.532139       12.726810
      2349       2349.000    199.4233       90.996992       81.048408        9.948584       -0.033122       28.678917       22.038721       10.124074        6.736211       13.503608
      2350       2350.000    166.1511       90.918341       82.629599        8.288742       -0.039790       28.304560       21.885857       11.389732        6.901211       14.188030
      2351       2351.000    170.0997       90.883120       82.397396        8.485723       -0.043579       28.016830       20.418314       12.230837        7.026361       14.748633
      2352       2352.000    227.6463       91.035079       79.678539       11.356540       -0.045439       27.838036       17.181007       12.412621        7.115954       15.176360
      2353       2353.000    331.2994       90.883581       74.356125       16.527456       -0.046047       27.775352       12.135162       11.839741        7.175772       15.476145
      2354       2354.000    462.6841       90.891098       67.809282       23.081816       -0.045740       27.820484        6.640985       10.532385        7.209644       15.651524
      2355       2355.000    571.2078       90.582178       62.086464       28.495714       -0.044638       27.948137        2.641007        8.608326        7.221213       15.712419
      2356       2356.000    625.0298       89.711997       58.531278       31.180719       -0.042829       28.122244        1.241461        6.328273        7.213000       15.669129
      2357       2357.000    642.8318       89.197083       57.128278       32.068806       -0.040522       28.306126        2.071533        4.068825        7.187243       15.535073
      2358       2358.000    627.4313       88.796652       57.496126       31.300526       -0.037995       28.475918        4.394836        2.193451        7.145749       15.324166
      2359       2359.000    579.5421       88.797761       59.886275       28.911486       -0.035476       28.622234        8.187078        0.972625        7.089976       15.049838
      2360       2360.000    482.3081       88.699228       64.638431       24.060797       -0.032978       28.750494       13.694189        0.486520        7.020186       14.720019
      2361       2361.000    350.5381       88.329507       70.842292       17.487215       -0.030328       28.872667       20.088249        0.637473        6.935684       14.338547
      2362       2362.000    243.8356       88.344935       76.180762       12.164172       -0.027328       28.998016       25.274937        1.195498        6.834630       13.905009
      2363       2363.000    194.6762       88.406402       78.694632        9.711769       -0.023930       29.127035       27.568954        1.905138        6.711536       13.405899
      2364       2364.000    201.7194       88.068390       78.005260       10.063129       -0.020547       29.244261       26.853062        2.541243        6.559647       12.827595
      2365       2365.000    265.3325       88.219385       74.982803       13.236582       -0.018178       29.319759       24.211884        2.921852        6.375179       12.172306
      2366       2366.000    353.1496       87.862246       70.244751       17.617495       -0.017893       29.325300       20.387491        2.974772        6.148711       11.426370
      2367       2367.000    462.9709       86.955483       63.859360       23.096123       -0.020316       29.241014       15.406333        2.738041        5.881120       10.613168
      2368       2368.000    601.7263       86.237098       56.218915       30.018183       -0.025007       29.067266        9.478511        2.362061        5.576233        9.759851
      2369       2369.000    727.8286       85.263038       48.954021       36.309017       -0.030770       28.821796        4.007408        2.037825        5.235795        8.881967
      2370       2370.000    800.2961       84.292626       44.368435       39.924191       -0.036233       28.539013        1.075057        1.926411        4.864987        7.999200
      2371       2371.000    827.0764       84.730940       43.470766       41.260174       -0.040521       28.259735        1.557145        2.106473        4.466728        7.121206
      2372       2372.000    786.6427       84.578021       45.334956       39.243065       -0.043456       28.016895        4.504380        2.585861        4.034616        6.236659
      2373       2373.000    735.9142       85.026856       48.314469       36.712387       -0.045193       27.837654        8.297339        3.302337        3.570269        5.352063
      2374       2374.000    660.5873       84.618394       51.663823       32.954571       -0.046072       27.729137       12.309358        4.140470        3.069152        4.461779
      2375       2375.000    576.1019       84.185347       55.445481       28.739866       -0.046360       27.686661       16.769167        4.906485        2.542503        3.587025
      2376       2376.000    501.4060       84.233919       59.220392       25.013527       -0.046235       27.696314       21.427814        5.382545        2.007323        2.752630
      2377       2377.000    465.4238       84.714859       61.496367       23.218493       -0.045784       27.744408       24.913568        5.408637        1.487671        1.987866
      2378       2378.000    473.0042       84.510245       60.913592       23.596653       -0.045011       27.823048       25.820639        4.975896        1.014010        1.325011
      2379       2379.000    529.5427       84.239876       57.822701       26.417175       -0.043858       27.929531       24.233635        4.280808        0.622886        0.799699
      2380       2380.000    603.9800       84.216165       54.085550       30.130615       -0.042175       28.067207       21.686768        3.627698        0.329016        0.417036
      2381       2381.000    649.8099       83.602541       51.185622       32.416920       -0.039723       28.241232       19.402201        3.283554        0.132195        0.166162
      2382       2382.000    692.6160       83.629704       49.077328       34.552376       -0.036258       28.450743       17.216860        3.386673        0.026344        0.032966
      2383       2383.000    730.5083       83.530252       47.087549       36.442703       -0.031560       28.689848       14.493790        3.932933        0.001128        0.001410
      2384       2384.000    760.7961       83.630410       45.676747       37.953663       -0.025749       28.938868       11.830632        4.817692        0.051185        0.064119
      2385       2385.000    744.0124       83.444257       46.327882       37.116375       -0.019474       29.169340       10.918967        5.863858        0.174924        0.220267
      2386       2386.000    664.2838       82.833177       49.694200       33.138977       -0.014028       29.347712       12.692667        6.825549        0.371087        0.471213
      2387       2387.000    557.6728       82.138772       54.318278       27.820494       -0.010936       29.445219       16.007153        7.430017        0.633335        0.813490
      2388       2388.000    491.7496       82.380506       57.848707       24.531799       -0.011230       29.445337       18.751654        7.477684        0.948954        1.236308
      2389       2389.000    456.3214       82.027888       59.263487       22.764400       -0.014972       29.344458       19.963753        6.929271        1.308073        1.732905
      2390       2390.000    453.5141       81.820000       59.195645       22.624355       -0.021113       29.154684       20.161591        5.928998        1.690320        2.281165
      2391       2391.000    454.3439       81.213846       58.548093       22.665752       -0.028038       28.901997       19.991617        4.731586        2.083138        2.867793
      2392       2392.000    488.2937       81.462693       57.103299       24.359394       -0.034232       28.625628       18.920887        3.637934        2.474675        3.478407
      2393       2393.000    542.6582       81.162081       54.090615       27.071466       -0.039062       28.356514       15.872379        2.905966        2.870236        4.124582
      2394       2394.000    616.9672       80.713645       49.935144       30.778502       -0.042420       28.121998       10.998169        2.779594        3.268743        4.809061
      2395       2395.000    658.9702       79.430081       46.556188       32.873894       -0.044630       27.930943        6.057309        3.395466        3.673570        5.543530
      2396       2396.000    668.8846       79.203208       45.834712       33.368496       -0.046060       27.780775        2.996127        4.695874        4.080469        6.327526
      2397       2397.000    622.4647       78.967513       47.914759       31.052753       -0.047030       27.658512        2.231078        6.410383        4.490343        7.171474
      2398       2398.000    550.0482       78.887453       51.447327       27.440126       -0.047713       27.556143        2.945884        8.042884        4.891061        8.059068
      2399       2399.000    472.9945       78.694881       55.098711       23.596170       -0.048177       27.473936        4.387412        9.056366        5.267752        8.961422
      2400       2400.000    402.5038       78.627057       58.547439       20.079618       -0.048422       27.423845        6.633235        9.095624        5.605193        9.837963
      2401       2401.000    329.7455       78.390207       61.940266       16.449942       -0.048398       27.426632        9.889023        8.122895        5.895347       10.654767
      2402       2402.000    277.2255       78.600477       64.770589       13.829887       -0.047974       27.505726       13.412653        6.386005        6.134075       11.380104
      2403       2403.000    260.2806       79.004129       66.019571       12.984558       -0.046850       27.679882       15.791696        4.260654        6.326677       12.007511
      2404       2404.000    286.8687       79.489032       65.178081       14.310951       -0.044440       27.956211       16.062180        2.193232        6.478263       12.532636
      2405       2405.000    322.8786       79.084921       62.977549       16.107372       -0.039838       28.325205       14.478816        0.670137        6.592764       12.950464
      2406       2406.000    349.4876       78.281928       60.847117       17.434811       -0.032220       28.748768       12.050705        0.163781        6.670449       13.245635
      2407       2407.000    384.5329       78.762116       59.579008       19.183107       -0.021206       29.184782        9.392265        0.892092        6.714297       13.416778
      2408       2408.000    393.7279       78.766596       59.124783       19.641813       -0.006619       29.611551        6.466160        2.852448        6.728458       13.472784
      2409       2409.000    374.0360       77.992143       59.332693       18.659451        0.010307       29.993870        3.507550        5.688678        6.714543       13.417745
      2410       2410.000    351.7107       77.784033       60.238319       17.545713        0.027267       30.305143        1.260596        8.708389        6.674730       13.262194
      2411       2411.000    327.2787       78.169315       61.842437       16.326878        0.042315       30.541317        0.358683       11.276671        6.609653       13.013798
      2412       2412.000    292.6863       78.287299       63.686121       14.601177        0.053869       30.703775        0.818064       12.917438        6.517899       12.675077
      2413       2413.000    263.0656       78.016517       64.893025       13.123492        0.060479       30.790819        2.055085       13.335576        6.398494       12.252572
      2414       2414.000    261.7469       77.955195       64.897487       13.057708        0.061245       30.800835        3.509792       12.521904        6.250223       11.753489
      2415       2415.000    281.3858       77.896638       63.859208       14.037430        0.055959       30.731918        5.099004       10.731532        6.067718       11.173078
      2416       2416.000    299.8754       77.205218       62.245401       14.959817        0.045214       30.582693        6.792748        8.467656        5.845975       10.511115
      2417       2417.000    334.3571       76.994063       60.314066       16.679996        0.030874       30.361691        8.117229        6.433082        5.585745        9.785446
      2418       2418.000    378.5304       77.027931       58.144271       18.883659        0.015068       30.080702        8.551497        5.224063        5.280262        8.992680
      2419       2419.000    424.8487       77.388409       56.194080       21.194328        0.000097       29.763462        8.113198        5.253783        4.925323        8.138217
      2420       2420.000    443.6230       77.310948       55.180029       22.130919       -0.012318       29.443392        7.409827        6.593423        4.517073        7.228632
      2421       2421.000    456.7122       78.068024       55.284126       22.783897       -0.021179       29.165705        6.871619        8.920097        4.060337        6.287548
      2422       2422.000    445.8373       77.916541       55.675158       22.241383       -0.026595       28.965218        6.146235       11.729703        3.548507        5.312091
      2423       2423.000    442.5143       77.212390       55.136778       22.075611       -0.028762       28.875340        4.643273       14.312140        2.996748        4.338040
      2424       2424.000    479.5970       77.107312       53.181767       23.925545       -0.027913       28.909021        2.507645       15.972722        2.423409        3.396883
      2425       2425.000    548.1025       77.614848       50.271784       27.343063       -0.023891       29.062593        0.712952       16.171675        1.842679        2.505776
      2426       2426.000    623.0028       78.051233       46.971634       31.079599       -0.015974       29.323360        0.105673       14.575295        1.284085        1.699193
      2427       2427.000    687.8942       77.618255       43.301437       34.316818       -0.002957       29.671715        0.498535       11.311271        0.794718        1.028155
      2428       2428.000    766.0221       77.522010       39.307639       38.214371        0.016724       30.085171        1.094785        7.161036        0.418026        0.531897
      2429       2429.000    824.2734       77.099402       35.979064       41.120338        0.045557       30.552462        1.756792        3.248319        0.166434        0.209501
      2430       2430.000    837.2443       76.797379       35.029962       41.767418        0.086496       31.060850        3.132626        0.674076        0.033713        0.042201
      2431       2431.000    803.7089       77.272061       37.177617       40.094444        0.142748       31.596958        5.377260        0.059280        0.000609        0.000762
      2432       2432.000    718.1616       77.110383       41.283616       35.826767        0.216643       32.142353        7.327175        1.488189        0.048503        0.060752
      2433       2433.000    646.2148       77.626405       45.388833       32.237572        0.304397       32.654598        7.460666        4.599227        0.163792        0.206153
      2434       2434.000    576.0732       77.540761       48.802331       28.738430        0.394626       33.086914        5.739631        8.807876        0.340928        0.432356
      2435       2435.000    498.4569       77.113767       52.247361       24.866405        0.464292       33.377014        3.799711       13.291821        0.576237        0.738286
      2436       2436.000    411.6903       76.685972       56.148070       20.537903        0.488892       33.475132        3.098746       17.096962        0.865299        1.123039
      2437       2437.000    362.1105       77.308414       59.243891       18.064524        0.457163       33.357754        3.325609       19.321396        1.200134        1.581835
      2438       2438.000    353.3622       77.225541       59.597443       17.628098        0.376413       33.020832        3.070684       19.432734        1.578380        2.118401
      2439       2439.000    398.3369       76.471786       56.600046       19.871740        0.270625       32.487381        1.760440       17.396963        1.977319        2.707317
      2440       2440.000    495.6791       76.749552       52.021721       24.727831        0.166509       31.800043        0.546736       13.817231        2.373389        3.317812
      2441       2441.000    562.0306       76.226255       48.188363       28.037891        0.080176       30.993340        0.897954        9.508409        2.762691        3.945794
      2442       2442.000    607.4415       76.348401       46.045105       30.303295        0.020412       30.144648        2.720479        5.456479        3.132347        4.570740
      2443       2443.000    629.2601       76.014620       44.622865       31.391754       -0.016033       29.309322        4.263512        2.380631        3.486516        5.198916
      2444       2444.000    666.9944       76.444160       43.169964       33.274197       -0.035641       28.541124        4.110728        0.890159        3.828100        5.835495
      2445       2445.000    652.9717       75.246033       42.671379       32.574654       -0.045152       27.854668        2.791275        1.395942        4.169248        6.505399
      2446       2446.000    599.5959       74.857024       44.945118       29.911905       -0.048957       27.269447        1.999427        4.008711        4.507774        7.208716
      2447       2447.000    475.3728       74.146055       50.431240       23.714815       -0.049906       26.769114        2.515369        8.388338        4.847988        7.960337
      2448       2448.000    332.6585       74.020690       57.425431       16.595259       -0.049472       26.346746        3.616347       13.587812        5.179824        8.744174
      2449       2449.000    204.7232       73.885760       63.672780       10.212980       -0.048446       25.991917        4.300782       18.395397        5.493445        9.539684
      2450       2450.000    122.3357       73.989313       67.886379        6.102934       -0.047293       25.708803        4.503806       21.642199        5.773897       10.304968
      2451       2451.000     84.6641       74.297284       70.073663        4.223620       -0.046319       25.505287        4.875405       22.708979        6.015900       11.014412
      2452       2452.000     75.2812       74.203629       70.448092        3.755537       -0.045751       25.395369        5.716972       21.499416        6.221687       11.660398
      2453       2453.000    110.7560       74.302658       68.777397        5.525261       -0.045787       25.402308        6.392438       18.451927        6.381728       12.194783
      2454       2454.000    194.2869       74.680062       64.987717        9.692345       -0.046453       25.532743        6.190207       14.176271        6.505319       12.629630
      2455       2455.000    290.0487       74.385681       59.916086       14.469595       -0.047612       25.783962        5.171926        9.433503        6.599317       12.974990
      2456       2456.000    381.8490       74.347435       55.298220       19.049215       -0.048886       26.129768        4.063914        5.261331        6.665513       13.226579
      2457       2457.000    433.6694       73.979249       52.344880       21.634369       -0.049781       26.543797        3.280553        2.470017        6.708062       13.392232
      2458       2458.000    436.7611       73.234887       51.446286       21.788601       -0.049735       26.990728        2.621459        1.679920        6.728994       13.474920
      2459       2459.000    416.7827       73.180398       52.388455       20.791943       -0.048310       27.438091        1.819458        2.972158        6.729628       13.477430
      2460       2460.000    365.2385       73.137705       54.917135       18.220570       -0.045232       27.871460        1.057789        5.921447        6.710368       13.401303
      2461       2461.000    298.1056       73.479086       58.607562       14.871525       -0.040463       28.275818        0.720001        9.736629        6.670346       13.245231
      2462       2462.000    218.8362       73.493458       62.576426       10.917032       -0.034174       28.644093        0.802399       13.553970        6.606855       13.003283
      2463       2463.000    162.6796       73.686858       65.571297        8.115561       -0.027044       28.959522        0.937678       16.511118        6.517259       12.672765
      2464       2464.000    143.7955       74.051804       66.878313        7.173491       -0.020056       29.210609        1.001000       18.046406        6.396090       12.244265
      2465       2465.000    146.2972       73.864242       66.565948        7.298293       -0.014521       29.382986        1.396265       17.859465        6.235713       11.706040
      2466       2466.000    169.2912       73.450343       65.004950        8.445393       -0.012082       29.453484        2.456395       15.989818        6.037399       11.079937
      2467       2467.000    221.7358       73.361504       62.299819       11.061685       -0.013459       29.414553        3.807112       12.905676        5.801764       10.384174
      2468       2468.000    299.6345       73.389536       58.441737       14.947799       -0.018201       29.270880        4.752662        9.291543        5.524120        9.620732
      2469       2469.000    369.8253       72.524412       54.075022       18.449390       -0.024891       29.040041        5.071024        5.982059        5.203799        8.802989
      2470       2470.000    435.9225       72.271768       50.525003       21.746765       -0.031637       28.760088        5.258586        3.720556        4.850755        7.966654
      2471       2471.000    473.4621       72.150706       48.531210       23.619495       -0.037269       28.468079        5.741690        2.786705        4.461628        7.110377
      2472       2472.000    502.3110       72.791009       47.732335       25.058674       -0.041253       28.206106        6.094274        3.196150        4.036560        6.240499
      2473       2473.000    509.8956       72.503732       47.066686       25.437046       -0.043701       28.005646        5.434291        4.752457        3.568741        5.349252
      2474       2474.000    537.7964       72.825665       45.996735       26.828930       -0.044888       27.891397        3.590903        7.034070        3.067061        4.458191
      2475       2475.000    562.3693       73.006490       44.951704       28.054787       -0.045134       27.866663        1.522489        9.509362        2.530532        3.567792
      2476       2476.000    562.1700       72.569699       44.524855       28.044844       -0.044584       27.924013        0.458824       11.505034        1.976095        2.705472
      2477       2477.000    543.9484       71.505300       44.369468       27.135832       -0.043227       28.049313        0.648187       12.356084        1.439738        1.919373
      2478       2478.000    554.5486       71.193115       43.528474       27.664640       -0.040915       28.229223        1.402705       11.714651        0.964862        1.257948
      2479       2479.000    579.5610       70.715210       41.802780       28.912430       -0.037238       28.461710        2.342513        9.719743        0.576897        0.739155
      2480       2480.000    579.8129       69.212996       40.288001       28.924995       -0.031481       28.750143        3.957897        6.946843        0.293345        0.371253
      2481       2481.000    576.7917       68.966497       40.192216       28.774281       -0.022552       29.097919        6.690344        4.168302        0.114451        0.143752
      2482       2482.000    565.3629       69.605485       41.401353       28.204132       -0.008372       29.519060        9.916375        1.925309        0.021758        0.027223
      2483       2483.000    528.9810       69.130240       42.741088       26.389153        0.014184       30.019140       12.127284        0.577864        0.001163        0.001453
      2484       2484.000    497.5475       68.100695       43.279656       24.821039        0.047954       30.571917       12.251720        0.313362        0.042049        0.052654
      2485       2485.000    490.8434       67.890582       43.403988       24.486593        0.094426       31.137606       10.800483        1.068347        0.134301        0.168825
      2486       2486.000    457.0107       67.020500       44.221710       22.798790        0.153028       31.680042        9.123997        2.645298        0.273501        0.345844
      2487       2487.000    422.3987       67.068691       45.996586       21.072105        0.216504       32.144051        7.949295        4.657740        0.452445        0.576552
      2488       2488.000    384.3491       66.942493       47.768556       19.173937        0.275227       32.500214        6.816000        6.649806        0.667989        0.859320
      2489       2489.000    368.6751       66.806532       48.414522       18.392010        0.316972       32.721802        5.169432        8.110586        0.910967        1.184764
      2490       2490.000    384.4307       67.090135       47.912126       19.178009        0.332692       32.797756        3.380787        8.686967        1.171667        1.542256
      2491       2491.000    387.6478       66.586473       47.247976       19.338497        0.319743       32.729782        2.537206        8.291188        1.444250        1.925807
      2492       2492.000    384.6314       66.410619       47.222599       19.188021        0.283275       32.534771        3.275030        7.094206        1.716220        2.319096
      2493       2493.000    377.2054       66.468297       47.650737       18.817560        0.233189       32.240238        5.059827        5.411948        1.985650        2.719885
      2494       2494.000    367.2906       66.301434       47.978491       18.322943        0.179689       31.878620        6.919400        3.617935        2.253191        3.129656
      2495       2495.000    380.0770       67.163038       48.202222       18.960815        0.130372       31.483528        8.423018        2.099368        2.518097        3.547839
      2496       2496.000    357.6069       66.836330       48.996475       17.839855        0.087538       31.067377        9.901958        1.161084        2.789079        3.989439
      2497       2497.000    322.4225       66.815551       50.730932       16.084620        0.053448       30.659489       11.461513        1.059967        3.056479        4.440037
      2498       2498.000    277.9539       66.739205       52.872983       13.866222        0.027010       30.267149       12.578007        1.786948        3.317876        4.895993
      2499       2499.000    258.7312       67.388454       54.481191       12.907263        0.007136       29.900555       12.566776        3.097590        3.565621        5.343513
      2500       2500.000    264.4576       68.344033       55.151099       13.192934       -0.007705       29.561029       11.380688        4.637520        3.799199        5.780368
      2501       2501.000    267.5815       68.482589       55.133811       13.348778       -0.018343       29.261824        9.661944        6.016159        4.014743        6.197484
      2502       2502.000    275.2124       68.499793       54.770334       13.729459       -0.025140       29.033142        8.126476        6.865582        4.200876        6.569397
      2503       2503.000    277.9109       67.892728       54.028649       13.864079       -0.028828       28.892931        6.893149        7.028268        4.355624        6.887506
      2504       2504.000    306.9575       68.175172       52.862052       15.313120       -0.029963       28.850416        5.905567        6.515081        4.477290        7.143661
      2505       2505.000    336.8711       68.523174       51.717760       16.805414       -0.028996       28.897448        5.495353        5.434867        4.572041        7.347047
      2506       2506.000    334.0534       68.148785       51.483940       16.664845       -0.026194       29.015541        6.364555        3.990105        4.641508        7.498425
      2507       2507.000    316.4310       68.351497       52.565777       15.785720       -0.021962       29.174015        8.648950        2.485150        4.685131        7.594493
      2508       2508.000    275.2092       68.251647       54.522348       13.729300       -0.016745       29.346001       11.661410        1.190877        4.704159        7.636646
      2509       2509.000    237.7741       68.415710       56.553926       11.861784       -0.011248       29.505981       14.376191        0.359371        4.698822        7.624808
      2510       2510.000    204.6888       68.466993       58.255730       10.211263       -0.006008       29.641989       16.310139        0.079638        4.669654        7.560318
      2511       2511.000    181.8748       68.614129       59.540984        9.073145       -0.001421       29.749643       17.442160        0.288036        4.617242        7.445323
      2512       2512.000    171.2028       68.635617       60.094862        8.540755        0.002414       29.832096       17.642323        0.796049        4.541301        7.280680
      2513       2513.000    190.3240       68.682819       59.188170        9.494650        0.005433       29.892210       16.415623        1.365273        4.441626        7.068004
      2514       2514.000    248.2148       68.747271       56.364635       12.382636        0.007466       29.929340       13.515335        1.790327        4.316298        6.805867
      2515       2515.000    320.5694       68.127053       52.134882       15.992171        0.008066       29.936014        9.598106        1.938053        4.162617        6.492025
      2516       2516.000    397.7979       67.668990       47.824134       19.844856        0.006652       29.900494        6.036698        1.765655        3.981806        6.132829
      2517       2517.000    454.3202       67.064715       44.400145       22.664570        0.002906       29.812834        3.750951        1.332999        3.771911        5.728545
      2518       2518.000    517.0002       67.939759       42.148285       25.791473       -0.002915       29.670702        2.873747        0.785474        3.534622        5.286656
      2519       2519.000    524.0948       67.206017       41.060616       26.145401       -0.010167       29.476547        3.230110        0.295067        3.265577        4.803483
      2520       2520.000    524.2813       67.683382       41.528681       26.154701       -0.017525       29.253101        4.971684        0.038612        2.977488        4.305320
      2521       2521.000    473.4916       67.611440       43.990472       23.620968       -0.024159       29.019724        8.446036        0.088383        2.668821        3.791667
      2522       2522.000    394.7920       67.812790       48.117891       19.694899       -0.029349       28.807121       13.285447        0.429753        2.347638        3.277281
      2523       2523.000    314.6328       68.214005       52.517987       15.696018       -0.032907       28.640038       18.155529        0.973405        2.016064        2.765858
      2524       2524.000    244.0251       67.729799       55.556175       12.173624       -0.034920       28.535500       21.524195        1.595525        1.675852        2.260024
      2525       2525.000    235.4612       68.082406       56.336007       11.746399       -0.035525       28.502750       22.607281        2.136315        1.343022        1.782164
      2526       2526.000    256.8826       67.946852       55.131809       12.815043       -0.034941       28.535372       21.797152        2.494538        1.014292        1.325396
      2527       2527.000    314.6405       68.144165       52.447765       15.696400       -0.033325       28.620152       19.637348        2.597602        0.710393        0.915596
      2528       2528.000    396.8466       68.189902       48.392505       19.797398       -0.030785       28.742292       16.189474        2.479589        0.445023        0.566911
      2529       2529.000    499.6641       68.152929       43.226299       24.926630       -0.027444       28.886753       11.549807        2.284290        0.235537        0.297357
      2530       2530.000    605.8019       68.258973       38.037473       30.221500       -0.023416       29.042370        6.594901        2.216733        0.091753        0.115132
      2531       2531.000    686.3001       68.753815       34.516518       34.237297       -0.018788       29.202524        2.851192        2.447217        0.015272        0.019102
      2532       2532.000    700.2330       68.734665       33.802304       34.932362       -0.013624       29.363806        1.410343        3.035874        0.002624        0.003280
      2533       2533.000    655.0145       68.333039       35.656479       32.676559       -0.008108       29.520918        2.133584        3.901352        0.048272        0.060462
      2534       2534.000    584.6067       68.105027       38.940886       29.164141       -0.002624       29.665611        4.086837        4.861644        0.145910        0.183507
      2535       2535.000    503.8492       68.030412       42.895006       25.135406        0.002136       29.784700        6.735695        5.711619        0.291704        0.369150
      2536       2536.000    405.9983       67.656253       47.402307       20.253946        0.005102       29.859131       10.164892        6.271365        0.484089        0.617727
      2537       2537.000    306.6837       67.344478       52.045018       15.299459        0.005111       29.867783       14.105844        6.420159        0.719032        0.927089
      2538       2538.000    236.5717       67.395532       55.593735       11.801797        0.001553       29.795830       17.370667        6.142357        0.990473        1.292856
      2539       2539.000    204.9814       67.007451       56.781589       10.225863       -0.005268       29.637823       18.613621        5.530138        1.293234        1.712042
      2540       2540.000    233.6771       67.072915       55.415520       11.657395       -0.013951       29.405537       17.475069        4.772212        1.611006        2.165647
      2541       2541.000    278.0587       66.458769       52.587320       13.871449       -0.022995       29.115360       14.849445        4.051742        1.941041        2.652726
      2542       2542.000    342.0483       66.708516       49.644828       17.063688       -0.030744       28.807014       11.900702        3.549469        2.267095        3.151291
      2543       2543.000    382.5950       66.026019       46.939589       19.086430       -0.036689       28.507952        8.851089        3.354403        2.593525        3.669310
      2544       2544.000    426.6081       65.686281       44.404180       21.282101       -0.040660       28.255690        5.579612        3.506443        2.910667        4.192429
      2545       2545.000    462.1219       65.386931       42.333159       23.053772       -0.043115       28.063690        2.400850        3.962677        3.222058        4.726999
      2546       2546.000    463.7157       64.931943       41.798665       23.133278       -0.044531       27.932907        0.504390        4.602629        3.528257        5.275013
      2547       2547.000    429.6920       64.978181       43.542232       21.435949       -0.045286       27.854069        0.865461        5.212856        3.825193        5.829939
      2548       2548.000    363.7417       65.127007       46.981106       18.145901       -0.045642       27.812851        3.181574        5.539598        4.108772        6.383953
      2549       2549.000    286.2751       64.850083       50.568744       14.281340       -0.045736       27.798876        6.157837        5.371565        4.369583        6.916618
      2550       2550.000    243.7916       65.283000       53.121025       12.161975       -0.045598       27.809961        8.708511        4.657964        4.594471        7.395715
      2551       2551.000    212.4601       65.404820       54.805869       10.598951       -0.045144       27.853918       10.883530        3.516421        4.783365        7.813780
      2552       2552.000    182.9104       65.342617       56.217810        9.124807       -0.044174       27.945587       13.003869        2.229599        4.931163        8.151766
      2553       2553.000    161.0867       65.290589       57.254491        8.036098       -0.042339       28.100716       14.656895        1.101226        5.037263        8.400731
      2554       2554.000    156.2589       64.895282       57.100029        7.795253       -0.039103       28.329563       14.788191        0.355604        5.104464        8.561311
      2555       2555.000    185.3015       64.648775       55.404680        9.244095       -0.033855       28.625057       12.919191        0.124073        5.135049        8.635164
      2556       2556.000    233.4685       64.656081       53.009091       11.646990       -0.025864       28.974152        9.868149        0.431621        5.132366        8.628668
      2557       2557.000    275.3715       65.016413       51.279018       13.737394       -0.014646       29.352324        7.050833        1.247544        5.097765        8.545198
      2558       2558.000    289.3210       65.257077       50.823782       14.433294       -0.000393       29.728020        5.223818        2.454154        5.031386        8.386797
      2559       2559.000    299.5958       66.014967       51.069100       14.945868        0.015431       30.064058        4.102320        3.793843        4.934329        8.159118
      2560       2560.000    300.5933       66.211751       51.216121       14.995630        0.030881       30.339235        3.215608        4.959779        4.805914        7.864704
      2561       2561.000    302.2500       66.332638       51.254360       15.078278        0.043234       30.532532        2.887539        5.624605        4.649808        7.516643
      2562       2562.000    286.5717       66.022808       51.726669       14.296139        0.050675       30.640129        3.829305        5.616004        4.467566        7.122989
      2563       2563.000    262.0179       65.721361       52.650132       13.071229        0.052665       30.668787        6.020917        4.950687        4.262336        6.694739
      2564       2564.000    245.8977       65.436817       53.169774       12.267043        0.050072       30.634733        8.407708        3.809351        4.033484        6.234426
      2565       2565.000    264.5577       65.655668       52.457738       13.197930        0.044302       30.555145        9.860475        2.478042        3.778581        5.741194
      2566       2566.000    294.2310       65.305731       50.627497       14.678234        0.036449       30.440393       10.172601        1.286863        3.488559        5.202631
      2567       2567.000    329.1142       65.026720       48.608275       16.418446        0.027513       30.299322        9.850710        0.634957        3.166232        4.629541
      2568       2568.000    369.5777       65.502448       47.065412       18.437037        0.018116       30.136175        9.265450        0.808130        2.811275        4.026265
      2569       2569.000    380.1497       64.934791       45.970349       18.964441        0.008737       29.954329        8.264721        1.927939        2.421216        3.393408
      2570       2570.000    411.4994       65.627165       45.098788       20.528378        0.000396       29.772139        6.758079        3.781821        2.017826        2.768528
      2571       2571.000    423.1133       65.635152       44.527398       21.107754       -0.006408       29.604908        5.176728        5.991898        1.604320        2.155953
      2572       2572.000    426.4584       65.839329       44.564697       21.274632       -0.010857       29.483213        4.305608        7.988502        1.206931        1.591301
      2573       2573.000    423.6696       66.124507       44.989000       21.135508       -0.012392       29.435743        4.327153        9.302436        0.843027        1.093033
      2574       2574.000    408.7117       65.389287       44.999982       20.389305       -0.010406       29.486240        4.691186        9.627421        0.529077        0.676463
      2575       2575.000    427.7801       65.304437       43.963868       21.340569       -0.004136       29.644411        4.814537        8.865076        0.284306        0.359675
      2576       2576.000    474.5420       65.757706       42.084335       23.673370        0.007692       29.908464        4.785895        7.129159        0.112206        0.140918
      2577       2577.000    507.1053       65.451898       40.154051       25.297848        0.026865       30.264862        5.078800        4.743377        0.017836        0.022311
      2578       2578.000    518.7404       64.665880       38.787593       25.878286        0.054800       30.682089        5.715502        2.326119        0.004037        0.005047
      2579       2579.000    538.7437       64.966699       38.090513       26.876186        0.092340       31.126944        6.152192        0.578178        0.062514        0.078346
      2580       2580.000    545.7404       65.435474       38.210250       27.225224        0.140484       31.580635        6.053644        0.025226        0.181566        0.228696
      2581       2581.000    515.2869       65.342988       39.636989       25.705999        0.198059       32.017708        5.711428        0.920070        0.348116        0.441607
      2582       2582.000    465.1866       65.734771       42.528110       23.206661        0.259935       32.405762        5.546479        3.068774        0.547101        0.700060
      2583       2583.000    399.7235       66.097142       46.156225       19.940916        0.318225       32.718922        5.368711        5.984598        0.770300        0.995471
      2584       2584.000    343.5574       66.392613       49.253643       17.138969        0.361163       32.926132        4.598763        9.033458        1.011944        1.322184
      2585       2585.000    307.8449       66.469046       51.111657       15.357389        0.376641       32.998276        3.210974       11.577372        1.269566        1.678828
      2586       2586.000    282.5666       66.103817       52.007483       14.096334        0.357485       32.913620        2.080683       13.050055        1.541073        2.064568
      2587       2587.000    272.5526       65.976678       52.379911       13.596766        0.306606       32.666786        2.055529       13.057485        1.820560        2.472945
      2588       2588.000    274.4290       65.634949       51.944571       13.690378        0.235292       32.265327        2.901725       11.534296        2.105692        2.902239
      2589       2589.000    295.9831       64.811493       50.045852       14.765641        0.159113       31.734091        3.597576        8.828116        2.387261        3.339694
      2590       2590.000    372.3710       65.506054       46.929664       18.576389        0.091199       31.110828        3.654453        5.653277        2.653396        3.766511
      2591       2591.000    436.4377       65.784069       44.011601       21.772469        0.036093       30.403704        3.792004        2.678838        2.909871        4.191091
      2592       2592.000    436.8871       64.872699       43.077811       21.794888       -0.002402       29.669840        4.987526        0.674886        3.148764        4.599197
      2593       2593.000    422.0716       65.288070       44.232280       21.055790       -0.025625       28.982330        6.860007        0.079066        3.361977        4.974524
      2594       2594.000    393.6835       65.732732       46.093132       19.639601       -0.038595       28.366470        7.891994        0.988390        3.557070        5.327803
      2595       2595.000    368.1725       66.015510       47.648573       18.366938       -0.045145       27.851248        7.056514        3.386389        3.737004        5.662562
      2596       2596.000    335.6740       66.151517       49.405826       16.745691       -0.048142       27.446598        5.064541        7.057621        3.903925        5.981282
      2597       2597.000    265.2935       65.748050       52.513410       13.234640       -0.049374       27.144676        3.561826       11.515910        4.057817        6.282554
      2598       2598.000    181.4687       65.787509       56.734622        9.052887       -0.049800       26.932201        3.251391       15.856146        4.192422        6.552262
      2599       2599.000    116.0357       66.047170       60.258523        5.788647       -0.049904       26.786751        3.297817       19.141359        4.303364        6.779137
      2600       2600.000    100.5288       66.267379       61.252320        5.015059       -0.049898       26.694748        2.674740       20.595552        4.386075        6.951102
      2601       2601.000    141.3805       66.506218       59.453201        7.053017       -0.049881       26.656885        1.475118       19.874474        4.437444        7.059161
      2602       2602.000    207.5276       66.581327       56.228443       10.352884       -0.049895       26.686993        0.793937       17.236437        4.458094        7.102879
      2603       2603.000    271.2457       66.610201       53.078627       13.531574       -0.049899       26.805655        1.320862       13.460969        4.451705        7.089335
      2604       2604.000    336.8005       67.086909       50.285019       16.801889       -0.049656       27.031406        2.387839        9.463590        4.423051        7.028788
      2605       2605.000    399.1800       67.362100       47.448297       19.913803       -0.048566       27.376835        2.800696        6.016897        4.374838        6.927598
      2606       2606.000    454.7726       67.598537       44.911399       22.687138       -0.045519       27.833620        2.209933        3.816041        4.308200        6.789124
      2607       2607.000    459.5653       66.859412       43.933181       22.926231       -0.038887       28.376341        1.414826        3.345540        4.222340        6.613022
      2608       2608.000    411.6817       66.032060       45.494588       20.537472       -0.027203       28.952023        1.261181        4.789379        4.117602        6.401607
      2609       2609.000    336.6578       65.949945       49.155172       16.794773       -0.009938       29.509338        1.641818        7.865057        3.993382        6.155516
      2610       2610.000    249.7340       66.047915       53.589489       12.458426        0.012104       30.012215        1.899736       11.945867        3.847307        5.872262
      2611       2611.000    180.0648       66.531263       57.548410        8.982853        0.036072       30.427191        1.745781       16.107380        3.678760        5.553226
      2612       2612.000    123.6058       66.628355       60.462060        6.166295        0.058125       30.737122        1.526313       19.462065        3.484033        5.194403
      2613       2613.000     95.0405       66.622564       61.881298        4.741266        0.073034       30.918308        1.646673       21.169458        3.267303        4.806521
      2614       2614.000    105.7479       66.560336       61.284917        5.275419        0.077216       30.962605        1.970327       20.846895        3.031163        4.396710
      2615       2615.000    158.8773       66.264937       58.339059        7.925877        0.070070       30.873728        2.067008       18.581814        2.776999        3.969440
      2616       2616.000    256.4804       66.261502       53.466521       12.794981        0.053987       30.664936        1.838163       14.869955        2.507930        3.531551
      2617       2617.000    365.7153       65.942438       47.698082       18.244356        0.032697       30.350067        1.603811       10.411967        2.220544        3.078995
      2618       2618.000    473.8004       65.960744       42.324371       23.636374        0.010668       29.954561        1.610477        6.205274        1.920892        2.622498
      2619       2619.000    549.7158       65.568847       38.145302       27.423546       -0.008960       29.502396        1.714528        3.158303        1.611978        2.167056
      2620       2620.000    609.2605       66.101022       35.706982       30.394039       -0.024246       29.028166        1.730664        1.941851        1.303739        1.726809
      2621       2621.000    637.0071       67.182104       35.403876       31.778229       -0.035034       28.558565        1.869239        2.703532        1.000724        1.306850
      2622       2622.000    613.5869       68.022038       37.412167       30.609871       -0.041874       28.126295        2.540732        5.157231        0.712022        0.917762
      2623       2623.000    531.6943       67.622992       41.098480       26.524511       -0.045707       27.768824        3.718849        8.628111        0.452187        0.576216
      2624       2624.000    451.6730       67.491893       44.959384       22.532509       -0.047544       27.522198        4.763351       12.177702        0.240276        0.303401
      2625       2625.000    398.4930       67.630590       47.751062       19.879528       -0.048241       27.400618        5.212581       14.987141        0.088247        0.110716
      2626       2626.000    373.3500       67.791128       49.165900       18.625229       -0.048230       27.405272        5.389985       16.399134        0.008771        0.010968
      2627       2627.000    373.3703       68.116625       49.490385       18.626240       -0.047558       27.526880        5.993685       15.986948        0.013520        0.016910
      2628       2628.000    383.1578       67.943066       48.828560       19.114506       -0.045950       27.749624        7.164609       13.719149        0.106901        0.134226
      2629       2629.000    406.9818       67.324570       47.021564       20.303005       -0.042906       28.052198        8.255507       10.126474        0.278302        0.351988
      2630       2630.000    443.3806       66.536843       44.418013       22.118830       -0.037714       28.416048        8.729607        6.163252        0.503621        0.643199
      2631       2631.000    486.0392       66.433997       42.187071       24.246925       -0.029377       28.830072        8.853801        2.797479        0.757169        0.977927
      2632       2632.000    506.8256       66.722141       41.438248       25.283894       -0.016319       29.294067        9.139571        0.659893        1.023306        1.337730
      2633       2633.000    499.6114       67.107634       42.183634       24.924000        0.003577       29.804266        9.348177        0.024857        1.292187        1.710571
      2634       2634.000    473.5695       66.970992       43.346139       23.624853        0.032636       30.347841        8.501522        0.815381        1.558733        2.090026
      2635       2635.000    462.3073       67.124283       44.061263       23.063021        0.071913       30.893970        6.126177        2.680028        1.818815        2.470359
      2636       2636.000    434.5589       66.424743       44.746002       21.678741        0.120336       31.409338        3.138268        5.148112        2.074826        2.855122
      2637       2637.000    400.5042       66.334856       46.354994       19.979862        0.171005       31.840460        1.179115        7.605184        2.322070        3.237161
      2638       2638.000    358.3947       66.811024       48.931868       17.879156        0.214401       32.152794        0.890986        9.493299        2.561992        3.618397
      2639       2639.000    312.2059       66.881595       51.306652       15.574944        0.240416       32.321743        1.598168       10.354023        2.794265        3.998036
      2640       2640.000    299.3877       67.186089       52.250603       14.935486        0.241992       32.332546        2.353020        9.949498        3.011088        4.362458
      2641       2641.000    308.8884       67.420397       52.010950       15.409447        0.219438       32.189503        3.282985        8.404162        3.209627        4.705235
      2642       2642.000    295.0531       66.774483       52.055235       14.719248        0.179879       31.913528        5.415356        6.142639        3.386117        5.017716
      2643       2643.000    274.3549       66.962243       53.275563       13.686680        0.135005       31.551859        8.998706        3.770033        3.534157        5.285804
      2644       2644.000    241.7623       67.070517       55.009778       12.060740        0.092649       31.143124       12.881991        1.718491        3.658361        5.515161
      2645       2645.000    219.2345       66.874656       55.937757       10.936899        0.057874       30.733223       15.284570        0.396624        3.759818        5.705647
      2646       2646.000    219.9743       66.656587       55.682779       10.973808        0.031776       30.356544       15.523905        0.074641        3.839194        5.856719
      2647       2647.000    235.7562       66.935075       55.173960       11.761115        0.012785       30.023851       14.431916        0.838826        3.897574        5.969007
      2648       2648.000    238.0025       67.218171       55.344994       11.873177       -0.001332       29.726448       13.025565        2.616818        3.935328        6.042167
      2649       2649.000    221.1463       66.911229       55.878953       11.032276       -0.011961       29.458599       11.342031        5.070791        3.949585        6.069909
      2650       2650.000    230.6665       67.018212       55.511006       11.507206       -0.019828       29.223097        8.790752        7.535467        3.936694        6.044823
      2651       2651.000    258.9913       66.616730       53.696492       12.920238       -0.025639       29.018608        5.415720        9.430882        3.894278        5.962641
      2652       2652.000    313.2915       66.946358       51.317256       15.629102       -0.029493       28.862219        2.516455       10.318440        3.823305        5.826331
      2653       2653.000    352.1201       67.145089       49.578955       17.566133       -0.031500       28.771093        1.344132       10.132412        3.724260        5.638558
      2654       2654.000    363.1755       67.022365       48.904709       18.117657       -0.031484       28.768929        2.113242        9.044891        3.600792        5.408338
      2655       2655.000    355.1442       66.449192       48.732197       17.716995       -0.029106       28.870750        3.906220        7.382654        3.456751        5.144928
      2656       2656.000    344.9796       65.841351       48.631430       17.209921       -0.023840       29.074667        5.917796        5.511335        3.295370        4.856102
      2657       2657.000    322.0565       65.051464       48.985108       16.066357       -0.015007       29.362745        8.223417        3.751513        3.117455        4.544983
      2658       2658.000    305.4986       65.545160       50.304818       15.240341       -0.002187       29.702044       11.076573        2.386244        2.925216        4.216928
      2659       2659.000    267.8064       65.742886       52.382892       13.359995        0.015188       30.070255       14.136045        1.583418        2.713379        3.864607
      2660       2660.000    235.1131       65.874405       54.145372       11.729033        0.036284       30.429996       16.229668        1.461277        2.488181        3.499966
      2661       2661.000    223.7054       65.830109       54.670170       11.159939        0.059449       30.754442       16.545633        1.922870        2.255120        3.132656
      2662       2662.000    246.7296       66.229776       53.921234       12.308542        0.082269       31.024641       15.328264        2.693565        2.020268        2.772227
      2663       2663.000    269.9880       65.796172       52.327340       13.468832        0.102711       31.235773       13.327852        3.461437        1.782676        2.416889
      2664       2664.000    330.6109       66.522343       50.029230       16.493113        0.117809       31.376133       10.976677        3.926928        1.551742        2.079942
      2665       2665.000    403.6260       66.854866       46.719269       20.135597        0.126296       31.448515        8.127323        3.950117        1.318887        1.748130
      2666       2666.000    496.7737       67.524916       42.742481       24.782434        0.126845       31.449047        5.149201        3.503590        1.087680        1.426118
      2667       2667.000    563.1825       67.334192       39.238836       28.095356        0.119180       31.375599        3.091093        2.680898        0.858369        1.113697
      2668       2668.000    601.7578       67.538304       37.518553       30.019751        0.104414       31.230560        3.026903        1.696157        0.639236        0.821284
      2669       2669.000    615.3137       68.584204       37.888191       30.696012        0.084654       31.019993        4.988312        0.802709        0.436577        0.555947
      2670       2670.000    561.0874       67.794869       39.804028       27.990841        0.062447       30.753426        8.163098        0.238882        0.258943        0.327232
      2671       2671.000    486.0266       66.775729       42.529433       24.246296        0.041142       30.457476       11.601912        0.151341        0.123008        0.154555
      2672       2672.000    422.7142       66.788417       45.700568       21.087849        0.022708       30.156963       14.947291        0.492001        0.036238        0.045366
      2673       2673.000    346.1591       66.251077       48.982316       17.268761        0.007786       29.870758       17.983185        1.118935        0.000735        0.000919
      2674       2674.000    299.4316       66.222043       51.284366       14.937677       -0.003116       29.627796       19.775608        1.843343        0.018097        0.022638
      2675       2675.000    299.0587       66.339361       51.420288       14.919073       -0.010498       29.442333       19.270571        2.520517        0.087539        0.109826
      2676       2676.000    349.3625       66.542725       49.114159       17.428566       -0.015033       29.319784       16.285666        3.050083        0.209485        0.264174
      2677       2677.000    429.3320       66.821719       45.403729       21.417990       -0.017481       29.253557       11.915320        3.378762        0.384737        0.488834
      2678       2678.000    487.9850       66.145373       41.801379       24.343994       -0.018604       29.227139        7.691105        3.503492        0.612389        0.785858
      2679       2679.000    531.9100       65.743830       39.208557       26.535273       -0.019107       29.219442        4.508001        3.474315        0.881287        1.144619
      2680       2680.000    550.7418       65.172310       37.697583       27.474728       -0.019600       29.210501        2.387001        3.383462        1.180999        1.555220
      2681       2681.000    546.6431       64.741417       37.471159       27.270258       -0.020475       29.186926        1.486034        3.322284        1.496242        2.000148
      2682       2682.000    524.0002       65.268289       39.127608       26.140680       -0.021848       29.144129        2.392617        3.336021        1.813786        2.462904
      2683       2683.000    452.0308       65.576361       43.026004       22.550358       -0.023611       29.084822        5.490206        3.408783        2.128557        2.937248
      2684       2684.000    331.2389       64.900405       48.375964       16.524441       -0.025508       29.017336       10.063511        3.476603        2.432583        3.411438
      2685       2685.000    233.5144       64.989210       53.339930       11.649281       -0.027296       28.950636       14.376498        3.458847        2.714613        3.866631
      2686       2686.000    171.7642       65.337195       56.768435        8.568760       -0.029020       28.883226       17.320972        3.299932        2.981387        4.311938
      2687       2687.000    133.8779       65.255664       58.576929        6.678736       -0.030900       28.804958       18.823473        2.983566        3.239041        4.756790
      2688       2688.000    114.5725       64.780926       59.065273        5.715653       -0.033135       28.703243       19.171175        2.552710        3.481493        5.189787
      2689       2689.000    133.9408       64.835168       58.153292        6.681876       -0.035766       28.569126       18.231401        2.098704        3.698899        5.590926
      2690       2690.000    186.9493       64.816845       55.490545        9.326300       -0.038773       28.391993       15.570801        1.698398        3.898101        5.970026
      2691       2691.000    261.5779       64.478276       51.429000       13.049276       -0.041800       28.177856       11.454425        1.445428        4.075481        6.317609
      2692       2692.000    346.7763       64.649500       47.349951       17.299549       -0.044416       27.946358        7.202842        1.396000        4.226886        6.622281
      2693       2693.000    388.6437       64.095924       44.707745       19.388180       -0.046399       27.719774        4.241600        1.555819        4.353621        6.883329
      2694       2694.000    413.0846       64.715376       44.107919       20.607456       -0.047656       27.531929        3.196090        1.883304        4.452735        7.091517
      2695       2695.000    399.7458       65.007489       45.065459       19.942030       -0.048337       27.402096        3.616216        2.318890        4.526893        7.249701
      2696       2696.000    363.5924       65.186719       47.048267       18.138453       -0.048582       27.345819        5.055159        2.768320        4.574714        7.352837
      2697       2697.000    302.4647       65.112448       50.023458       15.088989       -0.048482       27.364353        7.601848        3.115154        4.594598        7.395988
      2698       2698.000    224.3715       65.157696       53.964526       11.193170       -0.048049       27.447653       11.373482        3.233591        4.584278        7.373571
      2699       2699.000    139.7581       65.027199       58.055119        6.972080       -0.047230       27.580797       15.665052        3.032912        4.541811        7.281777
      2700       2700.000     91.5227       65.283561       60.717789        4.565773       -0.045953       27.747738       18.913471        2.512035        4.467549        7.122949
      2701       2701.000     92.0535       65.612721       61.020469        4.592253       -0.044024       27.947462       20.099728        1.759879        4.360260        6.897163
      2702       2702.000    132.6259       65.833579       59.217302        6.616277       -0.041099       28.185141       19.278482        0.964400        4.220698        6.609681
      2703       2703.000    179.7746       65.392450       56.424075        8.968375       -0.036687       28.464693       17.299528        0.365615        4.054649        6.276278
      2704       2704.000    237.7632       65.241071       53.379832       11.861238       -0.030249       28.782049       14.704710        0.131206        3.872145        5.919971
      2705       2705.000    309.9568       65.295051       49.832304       15.462748       -0.020754       29.144958       11.210844        0.287045        3.671167        5.539044
      2706       2706.000    386.5086       65.040785       45.759115       19.281670       -0.007040       29.549683        6.843135        0.792978        3.449162        5.131197
      2707       2707.000    442.8222       64.252709       42.161740       22.090969        0.011488       29.973398        2.731039        1.540169        3.206275        4.699371
      2708       2708.000    491.5164       64.900531       40.380365       24.520166        0.034025       30.380280        0.414062        2.357448        2.944717        4.249833
      2709       2709.000    487.7845       65.135393       40.801401       24.333992        0.059003       30.746969        0.486764        3.075720        2.658354        3.774591
      2710       2710.000    450.8594       65.072378       42.580457       22.491920        0.082372       31.037159        2.322061        3.495355        2.354865        3.288645
      2711       2711.000    412.9721       65.063400       44.461554       20.601847        0.099506       31.226290        4.803596        3.479369        2.044226        2.808566
      2712       2712.000    377.4698       64.883302       46.052553       18.830750        0.107160       31.305784        7.545724        3.012492        1.734891        2.346501
      2713       2713.000    358.1736       65.581721       47.713598       17.868122        0.104692       31.281507       10.765961        2.211509        1.435952        1.913976
      2714       2714.000    335.8989       66.282207       49.525295       16.756912        0.094133       31.172052       14.336535        1.268599        1.146550        1.507425
      2715       2715.000    329.3049       67.040402       50.612444       16.427958        0.079080       31.005236       17.075397        0.448652        0.871999        1.132080
      2716       2716.000    336.9394       66.741112       49.932293       16.808819        0.062942       30.809925       17.624319        0.026944        0.616667        0.791496
      2717       2717.000    390.0229       67.014467       47.557485       19.456982        0.048304       30.614481       15.765357        0.235533        0.393566        0.500244
      2718       2718.000    435.9928       66.456446       44.706171       21.750275        0.035614       30.426910       12.587032        1.188607        0.206997        0.261010
      2719       2719.000    479.9077       66.574135       42.633091       23.941044        0.025077       30.254269        9.392701        2.796073        0.073195        0.091775
      2720       2720.000    506.6922       66.689635       41.412398       25.277237        0.016338       30.095469        6.514839        4.773789        0.005317        0.006647
      2721       2721.000    516.8395       66.251474       40.468022       25.783451        0.009383       29.955486        3.819140        6.643876        0.017831        0.022306
      2722       2722.000    530.9094       66.097664       39.612305       26.485359        0.004508       29.847082        1.601358        7.898677        0.115546        0.145134
      2723       2723.000    537.5750       66.166081       39.348205       26.817877        0.002116       29.786953        0.651203        8.246639        0.291896        0.369397
      2724       2724.000    513.6967       65.728812       40.102141       25.626671        0.002836       29.795116        1.429126        7.661819        0.532414        0.680829
      2725       2725.000    458.3664       64.324905       41.458485       22.866421        0.007504       29.888462        3.330838        6.360180        0.815488        1.056013
      2726       2726.000    439.1157       64.426214       42.520147       21.906067        0.017011       30.070997        5.132495        4.717816        1.116274        1.465554
      2727       2727.000    423.0713       64.204909       43.099245       21.105663        0.032790       30.340740        6.306569        3.081201        1.431010        1.906935
      2728       2728.000    409.1240       64.284898       43.875020       20.409878        0.055684       30.674147        7.146908        1.884082        1.748171        2.366029
      2729       2729.000    378.0923       64.450391       45.588586       18.861805        0.085915       31.041277        8.054922        1.508617        2.062105        2.835749
      2730       2730.000    315.1169       63.944431       48.224264       15.720167        0.122022       31.406351        8.810837        2.212803        2.366031        3.306220
      2731       2731.000    262.8450       64.159516       51.047028       13.112489        0.159524       31.727577        8.825827        3.930714        2.647111        3.756275
      2732       2732.000    215.0418       64.302659       53.574919       10.727739        0.193855       31.984455        7.967933        6.334604        2.907302        4.186769
      2733       2733.000    172.8534       64.295968       55.672869        8.623099        0.218789       32.154114        6.705076        8.861831        3.143315        4.589744
      2734       2734.000    144.5396       64.367353       57.156741        7.210612        0.228793       32.219990        5.514406       10.883862        3.352349        4.957342
      2735       2735.000    148.7310       64.942980       57.523272        7.419708        0.221265       32.174751        4.380033       11.923275        3.535565        5.288383
      2736       2736.000    179.5039       65.264089       56.309221        8.954868        0.196627       32.013950        3.077424       11.728031        3.700069        5.593119
      2737       2737.000    240.2011       65.658468       53.675610       11.982859        0.159274       31.742468        1.814644       10.252231        3.842994        5.863999
      2738       2738.000    300.2112       65.372731       50.396167       14.976564        0.115267       31.367620        1.109919        7.741138        3.964068        6.098153
      2739       2739.000    356.6161       65.123765       47.333341       17.790424        0.071906       30.912045        1.205844        4.799759        4.058963        6.284824
      2740       2740.000    416.1161       65.624154       44.865466       20.758688        0.033753       30.393320        1.746368        2.147222        4.126125        6.418678
      2741       2741.000    442.4510       65.387354       43.314902       22.072453        0.003027       29.825850        2.356501        0.469097        4.164536        6.495892
      2742       2742.000    434.2836       65.009948       43.344940       21.665009       -0.018867       29.251133        3.148071        0.282983        4.171557        6.510062
      2743       2743.000    412.4189       65.955989       45.381740       20.574249       -0.032916       28.708385        4.453440        1.647492        4.146255        6.459084
      2744       2744.000    347.8860       66.456444       49.101532       17.354912       -0.041276       28.219698        6.117841        4.378399        4.086781        6.340089
      2745       2745.000    265.8071       66.471089       53.210832       13.260257       -0.045682       27.824068        7.254175        8.032990        3.992160        6.153121
      2746       2746.000    198.7905       66.297410       56.380395        9.917015       -0.047737       27.546244        7.145317       11.973180        3.862318        5.901074
      2747       2747.000    158.8431       66.188410       58.264240        7.924170       -0.048575       27.388876        6.140583       15.498838        3.697053        5.587465
      2748       2748.000    136.9598       66.028061       59.195577        6.832484       -0.048807       27.337267        5.255763       17.940254        3.495622        5.215477
      2749       2749.000    141.9538       66.134936       59.053319        7.081617       -0.048675       27.369770        4.964322       18.707165        3.262564        4.798172
      2750       2750.000    186.2736       66.299077       57.006486        9.292591       -0.048212       27.465746        4.685840       17.552898        3.002457        4.347757
      2751       2751.000    284.6114       66.779490       52.581148       14.198342       -0.047326       27.612387        3.679770       14.721375        2.727363        3.887580
      2752       2752.000    397.9162       66.646843       46.796087       19.850756       -0.045770       27.809885        2.202041       10.944660        2.448518        3.436752
      2753       2753.000    486.3249       66.265502       42.004323       24.261179       -0.043113       28.062706        1.482341        7.300238        2.182287        3.019865
      2754       2754.000    534.5712       66.386433       39.718401       26.668032       -0.038575       28.381317        2.167893        4.631546        1.934026        2.642194
      2755       2755.000    536.7417       66.286550       39.510240       26.776310       -0.030828       28.775970        3.396782        3.372239        1.700303        2.295774
      2756       2756.000    503.7833       65.155182       40.023060       25.132122       -0.018163       29.239103        3.710309        3.638773        1.478418        1.974619
      2757       2757.000    485.2671       64.945204       40.736796       24.208408        0.000680       29.736370        2.814081        5.240726        1.268127        1.676812
      2758       2758.000    439.9247       64.486372       42.539946       21.946426        0.026281       30.234810        1.960395        7.863668        1.062842        1.391949
      2759       2759.000    360.7940       64.189291       46.190443       17.998848        0.056191       30.681023        2.449808       11.016924        0.864515        1.121983
      2760       2760.000    260.0002       63.747568       50.776999       12.970570        0.085097       31.029522        4.066556       14.048147        0.676748        0.870928
      2761       2761.000    194.7840       63.875051       54.157907        9.717144        0.105966       31.245466        5.454464       16.197615        0.506907        0.647489
      2762       2762.000    181.7233       64.109538       55.043948        9.065590        0.113838       31.317715        5.856440       16.946890        0.356570        0.452496
      2763       2763.000    209.7213       64.242576       53.780258       10.462318        0.106518       31.240692        5.833086       16.081484        0.229200        0.289278
      2764       2764.000    260.3875       64.597528       51.607637       12.989891        0.085995       31.020313        6.420540       13.790396        0.128677        0.161716
      2765       2765.000    321.1059       65.171223       49.152287       16.018936        0.057714       30.675478        7.735019       10.557842        0.056031        0.070203
      2766       2766.000    382.4501       65.174091       46.094888       19.079203        0.028223       30.237944        8.770071        7.030652        0.012440        0.015558
      2767       2767.000    456.5222       65.063634       42.289216       22.774418        0.002853       29.753998        8.575586        3.956172        0.000270        0.000337
      2768       2768.000    523.7041       64.761764       38.635856       26.125908       -0.016491       29.259092        7.382785        1.960324        0.022275        0.027870
      2769       2769.000    579.0874       65.541856       36.653054       28.888802       -0.029973       28.780548        6.190697        1.524102        0.083252        0.104427
      2770       2770.000    600.8194       67.101295       37.128357       29.972939       -0.038881       28.327141        5.540452        2.865977        0.191878        0.241790
      2771       2771.000    549.9183       67.103054       39.669407       27.433647       -0.044405       27.907225        5.137206        5.854110        0.359281        0.455990
      2772       2772.000    478.3755       67.018806       43.154193       23.864613       -0.047449       27.545380        4.597611        9.721097        0.586188        0.751366
      2773       2773.000    403.2020       66.938512       46.824067       20.114445       -0.048932       27.257360        4.173064       13.447597        0.868126        1.126853
      2774       2774.000    336.2448       67.032852       50.258686       16.774166       -0.049535       27.061741        4.347934       16.131741        1.193794        1.573011
      2775       2775.000    280.6706       66.801321       52.799572       14.001749       -0.049709       26.976749        5.007411       17.238918        1.549497        2.076706
      2776       2776.000    271.2635       67.092498       53.560037       13.532461       -0.049648       27.016682        5.448969       16.613836        1.915612        2.614586
      2777       2777.000    284.4907       66.482541       52.290217       14.192324       -0.049247       27.185514        5.272609       14.413209        2.286536        3.181596
      2778       2778.000    331.9401       66.312182       49.752760       16.559422       -0.048086       27.467773        4.822354       11.124253        2.640671        3.745794
      2779       2779.000    388.4883       66.411592       47.031167       19.380424       -0.045413       27.845575        4.625834        7.329127        2.974978        4.301065
      2780       2780.000    448.6761       67.217914       44.834910       22.383003       -0.040215       28.293331        4.676112        3.785407        3.284101        4.836174
      2781       2781.000    501.9652       68.456290       43.414864       25.041426       -0.031225       28.789602        4.498462        1.247157        3.566231        5.344637
      2782       2782.000    518.3151       69.016451       43.159382       25.857069       -0.017040       29.314016        3.920801        0.305771        3.818561        5.817273
      2783       2783.000    484.6012       68.846056       44.670866       24.175190        0.003340       29.840448        3.438748        1.114973        4.035316        6.238040
      2784       2784.000    432.7862       69.552337       47.962028       21.590309        0.030172       30.346090        3.508079        3.268033        4.213868        6.595785
      2785       2785.000    354.2638       69.814749       52.141670       17.673079        0.063719       30.826004        3.849413        6.148528        4.359151        6.894856
      2786       2786.000    282.7754       69.960147       55.853394       14.106752        0.101859       31.256641        3.861220        9.031353        4.471332        7.130989
      2787       2787.000    229.2594       69.942265       58.505254       11.437011        0.140042       31.612175        3.612656       11.284480        4.552052        7.303850
      2788       2788.000    196.8568       70.276655       60.456102        9.820553        0.170980       31.862041        3.983863       12.423265        4.602586        7.413367
      2789       2789.000    170.1484       70.559940       62.071783        8.488156        0.187412       31.983688        5.618775       12.195024        4.624877        7.462007
      2790       2790.000    154.4675       70.474308       62.768425        7.705883        0.184231       31.959618        7.943429       10.611404        4.619496        7.450246
      2791       2791.000    185.3667       70.832151       61.584802        9.247349        0.162335       31.791508        9.577056        8.085414        4.587633        7.380857
      2792       2792.000    242.7035       70.735666       58.627971       12.107695        0.127294       31.492229       10.023358        5.200381        4.529470        7.255238
      2793       2793.000    307.2534       70.831516       55.503634       15.327882        0.088416       31.101309       10.052334        2.735123        4.447026        7.079427
      2794       2794.000    348.6369       71.062973       53.670605       17.392368        0.052906       30.663336       10.541600        1.217925        4.339946        6.854892
      2795       2795.000    357.4135       70.858394       53.028188       17.830206        0.024884       30.230095       11.052264        0.932649        4.206824        6.581471
      2796       2796.000    375.8366       70.985449       52.236174       18.749275        0.005349       29.852800       10.171223        1.900028        4.046544        6.260231
      2797       2797.000    422.7920       71.713665       50.621939       21.091726       -0.007337       29.554951        7.383311        3.955608        3.852734        5.882671
      2798       2798.000    451.2649       71.700617       49.188467       22.512150       -0.015200       29.339508        3.977679        6.834596        3.615795        5.436089
      2799       2799.000    429.3169       70.763062       49.345826       21.417236       -0.019702       29.202164        1.909324        9.993769        3.334583        4.925688
      2800       2800.000    396.8017       70.631076       50.835918       19.795158       -0.021929       29.129812        1.661355       12.678290        3.016576        4.371812
      2801       2801.000    362.0821       70.099632       52.036523       18.063108       -0.022591       29.107630        2.222260       14.275084        2.666409        3.787732
      2802       2802.000    362.3574       69.956581       51.879740       18.076841       -0.021877       29.131165        2.855977       14.398093        2.305367        3.211015
      2803       2803.000    378.0181       69.935015       51.076911       18.858105       -0.019528       29.206762        4.162276       13.113405        1.949125        2.664870
      2804       2804.000    379.4490       70.039637       51.110147       18.929489       -0.014787       29.349661        7.158150       10.835817        1.612905        2.168402
      2805       2805.000    362.2616       70.354388       52.282324       18.072063       -0.006312       29.577690       11.542674        8.133419        1.305528        1.729325
      2806       2806.000    354.5811       70.960288       53.271378       17.688910        0.007992       29.903309       15.461425        5.525174        1.028558        1.344920
      2807       2807.000    369.3539       71.180808       52.754935       18.425873        0.031080       30.326635       17.215475        3.395073        0.779241        1.007430
      2808       2808.000    394.6692       70.672354       50.983580       19.688774        0.065724       30.821249       16.786747        2.034920        0.559121        0.715819
      2809       2809.000    429.0148       70.732232       49.330069       21.402163        0.112541       31.337030       15.455694        1.580192        0.372096        0.472516
      2810       2810.000    452.7451       71.020956       48.434965       22.585991        0.169881       31.830965       13.962795        1.977602        0.218312        0.275409
      2811       2811.000    472.7860       71.135170       47.549404       23.585766        0.231413       32.257854       11.812408        3.016790        0.102395        0.128543
      2812       2812.000    510.8864       71.133793       45.647322       25.486471        0.286574       32.579330        8.402453        4.313012        0.029293        0.036660
      2813       2813.000    566.1968       71.183891       42.938155       28.245735        0.323943       32.770954        4.411930        5.430080        0.000555        0.000694
      2814       2814.000    630.8075       72.231839       40.762886       31.468952        0.335160       32.821239        1.533109        6.040419        0.014644        0.018316
      2815       2815.000    639.6003       72.046603       40.139004       31.907598        0.318192       32.731083        0.922372        6.010320        0.069682        0.087356
      2816       2816.000    643.4947       72.946275       40.844404       32.101871        0.278526       32.516060        2.308786        5.374490        0.162291        0.204251
      2817       2817.000    617.5413       72.915705       42.108562       30.807142        0.225100       32.195312        4.737191        4.286701        0.293196        0.371062
      2818       2818.000    585.4670       73.075926       43.868864       29.207062        0.168317       31.797886        7.835104        3.016707        0.461947        0.588904
      2819       2819.000    531.0323       73.262956       46.771468       26.491488        0.114998       31.344542       11.908313        1.868560        0.671321        0.863735
      2820       2820.000    459.3126       73.863137       50.949513       22.913624        0.069154       30.853956       16.753771        1.148076        0.923205        1.201351
      2821       2821.000    373.4245       73.964992       55.336050       18.628942        0.032113       30.339073       21.078709        1.059121        1.218962        1.608072
      2822       2822.000    306.2116       73.603665       58.327757       15.275908        0.004296       29.823097       23.268764        1.606493        1.549047        2.076058
      2823       2823.000    278.2386       73.088298       59.207871       13.880427       -0.015195       29.332022       22.853624        2.554678        1.896600        2.586141
      2824       2824.000    298.2922       73.214562       58.333728       14.880835       -0.028040       28.889727       20.539404        3.569887        2.245322        3.117428
      2825       2825.000    338.8346       73.030715       56.127349       16.903366       -0.036169       28.509436       16.999567        4.398365        2.590971        3.665179
      2826       2826.000    427.4483       73.962574       52.638559       21.324015       -0.040921       28.214636       12.462688        4.868565        2.922031        4.211560
      2827       2827.000    523.5656       74.162042       48.043043       26.118999       -0.043581       28.006535        7.136728        4.934141        3.243896        4.765324
      2828       2828.000    608.6399       74.080452       43.717371       30.363081       -0.044918       27.884266        2.403992        4.611080        3.549337        5.313614
      2829       2829.000    636.8222       73.293959       41.524956       31.769003       -0.045491       27.829473        0.073537        3.982141        3.835551        5.849746
      2830       2830.000    646.6369       74.736284       42.477655       32.258629       -0.045670       27.815493        1.063730        3.187070        4.096859        6.360172
      2831       2831.000    560.1884       74.168016       46.222024       27.945992       -0.045717       27.814846        4.897901        2.365419        4.338236        6.851339
      2832       2832.000    443.8628       73.619521       51.476637       22.142883       -0.045807       27.807264       10.171494        1.702654        4.547341        7.293691
      2833       2833.000    353.9726       74.952705       57.294155       17.658550       -0.046011       27.783934       15.875134        1.284829        4.721367        7.674902
      2834       2834.000    226.3265       74.912521       63.621824       11.290697       -0.046312       27.746149       21.948027        1.099599        4.868078        8.006283
      2835       2835.000    115.8531       75.209185       69.429646        5.779540       -0.046607       27.706367       27.426733        1.092094        4.981606        8.269452
      2836       2836.000     43.5140       75.393092       73.222317        2.170775       -0.046815       27.676542       30.897400        1.159631        5.066131        8.469428
      2837       2837.000     37.6908       75.447449       73.567177        1.880271       -0.046895       27.664169       31.005228        1.214457        5.123353        8.606865
      2838       2838.000    104.3913       75.641377       70.433630        5.207747       -0.046869       27.667019       27.774574        1.204739        5.153707        8.680460
      2839       2839.000    209.2093       75.633116       65.196340       10.436776       -0.046818       27.673155       22.595087        1.128090        5.157393        8.689432
      2840       2840.000    319.0876       75.460951       59.542702       15.918249       -0.046859       27.665890       17.124117        1.034794        5.133455        8.631305
      2841       2841.000    420.8617       75.184095       54.188662       20.995434       -0.047075       27.632399       12.008792        1.007279        5.081379        8.505888
      2842       2842.000    540.1899       76.381117       49.432785       26.948332       -0.047459       27.569954        7.470413        1.123513        5.001102        8.315262
      2843       2843.000    609.6017       76.561530       46.150466       30.411064       -0.047923       27.486320        4.334655        1.429670        4.890338        8.057405
      2844       2844.000    619.0977       76.796623       45.911836       30.884787       -0.048317       27.404860        4.157754        1.903811        4.751511        7.742218
      2845       2845.000    548.8552       76.555731       49.175120       27.380611       -0.048524       27.354862        7.436100        2.473909        4.584569        7.374204
      2846       2846.000    419.1505       75.436637       54.526572       20.910065       -0.048448       27.365623       12.824110        3.036278        4.389897        6.959111
      2847       2847.000    326.2480       75.850294       59.574837       16.275457       -0.047966       27.455822       18.013212        3.477073        4.169927        6.506769
      2848       2848.000    250.7451       75.676235       63.167371       12.508863       -0.046816       27.634144       21.942354        3.724660        3.913402        5.999627
      2849       2849.000    214.8490       75.839429       65.121306       10.718122       -0.044629       27.888916       24.490997        3.712007        3.623552        5.450462
      2850       2850.000    209.6489       75.921895       65.463186       10.458710       -0.040891       28.205109       25.703009        3.435206        3.298720        4.862033
      2851       2851.000    245.2707       75.795605       63.559841       12.235764       -0.035127       28.559053       24.845430        2.984958        2.948796        4.256730
      2852       2852.000    339.4394       75.872599       58.939062       16.933537       -0.026989       28.928713       21.239988        2.544294        2.589788        3.663267
      2853       2853.000    453.3145       75.096899       52.482500       22.614399       -0.016042       29.305504       15.555752        2.307388        2.232449        3.097449
      2854       2854.000    563.0828       74.559012       46.468632       28.090380       -0.002171       29.676666        9.927492        2.389551        1.894336        2.582758
      2855       2855.000    646.2235       74.779341       42.541335       32.238007        0.014981       30.042463        6.026598        2.759687        1.578717        2.118888
      2856       2856.000    685.9821       74.978696       40.757264       34.221432        0.035846       30.404381        4.047661        3.286807        1.283790        1.698780
      2857       2857.000    693.1326       74.879125       40.300973       34.578152        0.060113       30.753313        3.368836        3.789060        1.010052        1.319598
      2858       2858.000    674.4850       74.544216       40.896335       33.647881        0.086034       31.069437        3.912756        4.089167        0.758816        0.980126
      2859       2859.000    646.9128       75.364059       43.091667       32.272392        0.109954       31.324835        6.387924        4.054395        0.532984        0.681575
      2860       2860.000    575.9537       75.806639       47.074171       28.732468        0.127332       31.494411       11.073433        3.620009        0.334675        0.424311
      2861       2861.000    478.3044       75.344472       51.483411       23.861061        0.133497       31.553696       16.580343        2.821162        0.174713        0.220000
      2862       2862.000    410.5834       74.678360       54.195681       20.482679        0.126581       31.493217       20.607632        1.822982        0.064467        0.080801
      2863       2863.000    386.6610       73.720793       54.431525       19.289268        0.108709       31.322561       22.110704        0.871077        0.008209        0.010265
      2864       2864.000    432.2831       74.741442       53.176234       21.565208        0.084824       31.068188       21.789143        0.223682        0.004621        0.005777
      2865       2865.000    480.7878       75.639427       51.654476       23.984951        0.059277       30.754436       20.645830        0.077900        0.051952        0.065080
      2866       2866.000    498.7722       74.901705       50.019572       24.882133        0.036662       30.427097       18.610479        0.605282        0.150604        0.189448
      2867       2867.000    578.9088       76.390973       47.511085       28.879889        0.019720       30.138372       14.871535        1.810164        0.296280        0.375014
      2868       2868.000    639.6608       76.051647       44.141037       31.910610        0.007729       29.902418        9.441893        3.655782        0.497719        0.635496
      2869       2869.000    697.3483       76.536336       41.747883       34.788452        0.000140       29.735010        4.422995        5.861622        0.754180        0.973936
      2870       2870.000    700.1944       76.951636       42.021197       34.930439       -0.004319       29.628168        1.873784        8.049332        1.071029        1.403203
      2871       2871.000    631.6714       76.366212       44.854165       31.512047       -0.006561       29.570631        2.214269        9.707935        1.443358        1.924533
      2872       2872.000    560.2047       76.329390       48.382586       27.946804       -0.007103       29.553892        4.094404       10.380355        1.847739        2.513298
      2873       2873.000    515.9559       77.009673       51.270301       25.739372       -0.006072       29.575600        6.362382        9.936158        2.260777        3.141456
      2874       2874.000    463.9258       77.075975       53.932216       23.143759       -0.003120       29.642885        9.264801        8.584321        2.662301        3.781028
      2875       2875.000    403.9968       77.453891       57.299797       20.154095        0.002540       29.768671       13.304372        6.802282        3.028968        4.392963
      2876       2876.000    339.2030       77.990743       61.069001       16.921741        0.012273       29.968843       17.679104        5.091478        3.355084        4.962218
      2877       2877.000    294.6777       78.311365       63.610844       14.700521        0.027960       30.253008       20.327454        3.875319        3.642138        5.484966
      2878       2878.000    291.7399       78.375687       63.821725       14.553962        0.051540       30.613735       19.842762        3.459153        3.893465        5.961071
      2879       2879.000    320.6485       78.571067       62.574947       15.996119        0.084118       31.023724       16.960667        3.998859        4.113726        6.393854
      2880       2880.000    335.9668       78.523861       61.763563       16.760298        0.124883       31.443405       13.603434        5.492638        4.308812        6.790391
      2881       2881.000    318.2761       78.018191       62.140422       15.877769        0.168785       31.819593       10.835221        7.690022        4.479159        7.147641
      2882       2882.000    320.9718       78.597908       62.585659       16.012249        0.206727       32.101311        8.169991       10.030106        4.621941        7.455584
      2883       2883.000    342.7366       78.940197       61.842174       17.098022        0.230592       32.264427        4.953119       11.936505        4.740330        7.717201
      2884       2884.000    372.6411       78.684426       60.094567       18.589859        0.233243       32.286819        1.990256       12.830790        4.831254        7.922205
      2885       2885.000    383.6551       77.766427       58.627111       19.139317        0.213627       32.165047        0.881299       12.415260        4.891590        8.060288
      2886       2886.000    395.2016       77.813332       58.098000       19.715332        0.177850       31.918213        2.187802       10.768988        4.919777        8.125371
      2887       2887.000    395.4328       77.589962       57.863094       19.726868        0.134146       31.570253        4.937601        8.187867        4.916182        8.117044
      2888       2888.000    419.7291       77.984583       57.045652       20.938931        0.090876       31.155621        7.692176        5.192961        4.880117        8.033901
      2889       2889.000    441.1755       77.757283       55.748460       22.008823        0.052251       30.693199        9.948217        2.372232        4.809573        7.872988
      2890       2890.000    456.1280       77.784013       55.029260       22.754753        0.020751       30.205870       11.987144        0.477109        4.703407        7.634979
      2891       2891.000    442.1716       77.671806       55.613291       22.058516       -0.003663       29.701847       13.897713        0.140328        4.558753        7.318313
      2892       2892.000    420.6473       78.185395       57.200660       20.984735       -0.021471       29.194551       15.017013        1.710164        4.374181        6.926221
      2893       2893.000    396.7819       78.847531       59.053364       19.794167       -0.033750       28.694019       14.716343        5.072793        4.145797        6.458161
      2894       2894.000    358.9221       78.697129       60.791664       17.905464       -0.041501       28.223810       13.194016        9.622341        3.872447        5.920551
      2895       2895.000    328.8456       78.624426       62.219378       16.405048       -0.045780       27.825996       11.242439       14.295891        3.562695        5.338137
      2896       2896.000    315.3440       78.474028       62.742533       15.731495       -0.047847       27.531569        9.184119       18.126858        3.221614        4.726221
      2897       2897.000    361.1696       79.409777       61.392191       18.017586       -0.048656       27.364864        6.743060       20.373110        2.857136        4.102677
      2898       2898.000    436.6966       79.466201       57.680820       21.785381       -0.048767       27.331995        3.824247       20.643728        2.465629        3.463988
      2899       2899.000    545.7466       79.585127       52.359589       27.225538       -0.048280       27.431038        1.291544       18.772932        2.067855        2.844500
      2900       2900.000    655.4929       79.363536       46.663108       32.700428       -0.046925       27.646412        0.089436       15.031207        1.678739        2.264239
      2901       2901.000    745.1635       78.721680       41.547878       37.173801       -0.044118       27.955593        0.354632       10.217314        1.317824        1.746632
      2902       2902.000    815.9604       78.326808       37.621172       40.705635       -0.039011       28.336514        1.474841        5.540412        1.001080        1.307337
      2903       2903.000    847.3466       78.052751       35.781366       42.271385       -0.030405       28.774958        3.156332        2.198336        0.734482        0.947663
      2904       2904.000    803.4335       77.276266       37.195562       40.080704       -0.016733       29.259230        5.780435        0.993138        0.517789        0.661703
      2905       2905.000    721.4735       78.002687       42.010702       35.991985        0.003585       29.771093        9.375093        2.073101        0.347288        0.440541
      2906       2906.000    576.9199       77.563331       48.782657       28.780674        0.032202       30.297062       12.886728        5.083251        0.213777        0.269636
      2907       2907.000    465.0882       78.339005       55.137253       23.201752        0.067850       30.792017       14.736728        9.281826        0.114730        0.144103
      2908       2908.000    362.0361       78.161952       60.101142       18.060810        0.107020       31.222521       14.703535       13.966295        0.045184        0.056586
      2909       2909.000    301.9419       79.032782       63.969877       15.062905        0.140491       31.532198       14.086844       18.194405        0.007083        0.008856
      2910       2910.000    241.0876       79.284398       67.257314       12.027083        0.159566       31.693275       14.149564       21.248741        0.002741        0.003427
      2911       2911.000    204.3405       78.946951       68.753061       10.193890        0.157488       31.681295       14.506580       22.323324        0.037467        0.046907
      2912       2912.000    242.8650       78.655395       66.539645       12.115749        0.135104       31.498055       13.558586       21.097864        0.110841        0.139196
      2913       2913.000    362.7486       78.585320       60.488963       18.096357        0.098753       31.155775       10.809170       17.928968        0.219445        0.276852
      2914       2914.000    508.6269       78.360142       52.986388       25.373755        0.057039       30.671259        7.791627       13.651844        0.358996        0.455622
      2915       2915.000    631.1440       78.641686       47.155945       31.485741        0.018885       30.082653        6.539491        9.323468        0.522971        0.668477
      2916       2916.000    719.6778       79.893843       43.991439       35.902405       -0.010381       29.440111        7.133433        5.807493        0.708158        0.912625
      2917       2917.000    761.4446       80.186285       42.200274       37.986012       -0.029710       28.797234        7.583021        3.741086        0.916450        1.192194
      2918       2918.000    774.6121       79.244130       40.601232       38.642899       -0.040691       28.213875        6.146193        3.622749        1.148701        1.510406
      2919       2919.000    794.2837       79.707082       40.082829       39.624252       -0.046192       27.725790        3.462843        5.659190        1.407586        1.873612
      2920       2920.000    721.9855       78.852707       42.835182       36.017525       -0.048710       27.328115        1.724166        9.821342        1.706061        2.304207
      2921       2921.000    595.5678       79.158364       49.447407       29.710957       -0.049673       27.017490        2.159245       15.466798        2.044525        2.809021
      2922       2922.000    422.3717       78.906170       57.835407       21.070763       -0.049907       26.774044        3.795870       21.488720        2.425879        3.400802
      2923       2923.000    282.9450       78.862029       64.746813       14.115215       -0.049824       26.591099        5.026128       26.288557        2.831292        4.059562
      2924       2924.000    202.2366       78.663788       68.574854       10.088934       -0.049660       26.468998        5.527581       28.633049        3.238698        4.756189
      2925       2925.000    172.2332       78.216004       69.623845        8.592159       -0.049576       26.421988        6.153760       28.028923        3.621707        5.447042
      2926       2926.000    199.3793       78.612094       68.665703        9.946390       -0.049661       26.471561        7.365864       24.831984        3.958557        6.087399
      2927       2927.000    253.7308       78.435428       65.777616       12.657812       -0.049862       26.641487        8.522263       19.723999        4.256648        6.683082
      2928       2928.000    343.9035       78.108114       60.951875       17.156239       -0.049815       26.940649        8.500252       13.847208        4.506847        7.206734
      2929       2929.000    454.3615       77.645589       54.978959       22.666630       -0.048701       27.365391        7.076942        8.219310        4.711986        7.654030
      2930       2930.000    561.3279       77.631131       49.628293       28.002838       -0.045127       27.895123        5.094038        3.786715        4.875117        8.022426
      2931       2931.000    608.2579       76.878975       46.534948       30.344027       -0.037119       28.500528        3.427300        1.333270        4.999494        8.311475
      2932       2932.000    608.0438       76.633548       46.300205       30.333344       -0.022771       29.131996        2.238548        1.354026        5.084659        8.513746
      2933       2933.000    553.7100       76.108100       48.485295       27.622805       -0.000648       29.753023        1.258619        3.712826        5.132495        8.628980
      2934       2934.000    484.9394       76.564646       52.372584       24.192062        0.028969       30.324888        0.567754        7.649635        5.144135        8.657202
      2935       2935.000    390.2391       76.764462       57.296692       19.467770        0.064552       30.829977        0.543441       12.136173        5.121108        8.601441
      2936       2936.000    286.2178       76.481012       62.202528       14.278484        0.101704       31.242537        1.291114       16.037117        5.064505        8.465551
      2937       2937.000    218.9558       76.645660       65.722660       10.923000        0.133576       31.537527        2.399313       18.418722        4.976362        8.257159
      2938       2938.000    185.8138       76.342585       67.072936        9.269649        0.154095       31.705608        3.540836       18.838373        4.855813        7.978210
      2939       2939.000    204.4071       76.462666       66.265457       10.197209        0.158161       31.734550        4.801237       17.225502        4.705773        7.640233
      2940       2940.000    241.6331       75.897424       63.843128       12.054296        0.145081       31.624599        6.404387       13.905076        4.522885        7.241099
      2941       2941.000    297.3237       75.159382       60.326863       14.832519        0.118887       31.389690        7.969718        9.736464        4.313019        6.799086
      2942       2942.000    383.8459       75.211099       56.062269       19.148830        0.086129       31.053663        8.795339        5.726762        4.077919        6.322456
      2943       2943.000    465.4198       74.964167       51.745876       23.218290        0.052622       30.639330        8.682215        2.753093        3.812640        5.805977
      2944       2944.000    529.5761       75.117157       48.698315       26.418842        0.023596       30.188883        8.199483        1.507603        3.519585        5.259165
      2945       2945.000    553.4868       75.340939       47.729268       27.611671        0.001308       29.744795        7.947801        2.156310        3.196596        4.682458
      2946       2946.000    546.0581       75.607908       48.366831       27.241077       -0.013982       29.353464        7.659338        4.445993        2.842978        4.079041
      2947       2947.000    531.2205       75.746924       49.246047       26.500877       -0.023386       29.053207        6.472017        7.833868        2.458194        3.452146
      2948       2948.000    526.1589       75.765976       49.517609       26.248367       -0.028358       28.867365        4.213906       11.610196        2.044904        2.809596
      2949       2949.000    512.6883       75.106106       49.529739       25.576366       -0.030079       28.800945        2.005690       14.974240        1.611940        2.167003
      2950       2950.000    503.4324       75.010095       49.895478       25.114616       -0.029225       28.844358        1.259541       17.078003        1.183753        1.559047
      2951       2951.000    518.6873       76.180450       50.304817       25.875633       -0.026005       28.979927        2.229004       17.319456        0.785981        1.016453
      2952       2952.000    532.0536       76.309200       49.766762       26.542439       -0.020107       29.193844        4.087538       15.491637        0.445856        0.567993
      2953       2953.000    545.9505       75.243024       48.007318       27.235706       -0.010984       29.470146        6.053700       12.043771        0.199372        0.251313
      2954       2954.000    574.7409       74.940210       46.268240       28.671970        0.002289       29.798269        8.357881        7.983055        0.056258        0.070488
      2955       2955.000    583.6817       75.158986       46.040988       29.117998        0.021728       30.183819       11.571195        4.260246        0.001778        0.002223
      2956       2956.000    554.3300       75.071868       47.418134       27.653734        0.050345       30.631584       15.099804        1.592953        0.019301        0.024146
      2957       2957.000    522.9333       74.947772       48.860318       26.087454        0.091462       31.132414       17.076244        0.347867        0.094162        0.118167
      2958       2958.000    512.9509       74.598594       49.009130       25.589464        0.147720       31.663542       16.188906        0.520110        0.216170        0.272682
      2959       2959.000    533.2582       74.864119       48.261590       26.602530        0.217834       32.181873       13.131989        1.868300        0.379509        0.482084
      2960       2960.000    549.1042       75.516645       48.123607       27.393038        0.294619       32.638752        9.836190        4.021412        0.584062        0.748571
      2961       2961.000    530.5140       75.717240       49.251607       26.465633        0.362890       32.980412        7.520645        6.482940        0.829664        1.075057
      2962       2962.000    488.8606       74.947647       50.559969       24.387678        0.403364       33.160480        5.816703        8.614798        1.109048        1.455576
      2963       2963.000    493.1079       75.258817       50.659257       24.599560        0.403096       33.156158        4.004793        9.817165        1.406283        1.871761
      2964       2964.000    522.0691       75.815860       49.771518       26.044342        0.362328       32.968533        2.576066        9.830137        1.715871        2.318583
      2965       2965.000    531.5466       76.039140       49.521992       26.517147        0.292702       32.613865        3.093421        8.708060        2.028795        2.785149
      2966       2966.000    506.2578       76.274623       51.019052       25.255571        0.212836       32.130161        6.296189        6.786697        2.335285        3.257884
      2967       2967.000    441.3185       75.593068       53.577111       22.015957        0.138720       31.565901       10.988642        4.520780        2.631762        3.731306
      2968       2968.000    388.3679       74.969748       55.595328       19.374420        0.079822       30.980379       15.020140        2.406681        2.912610        4.195697
      2969       2969.000    365.5317       74.763113       56.527914       18.235199        0.036670       30.407961       17.423183        0.824993        3.180582        4.654524
      2970       2970.000    350.9149       74.702516       57.196506       17.506010        0.006192       29.860432       18.711670        0.059582        3.441420        5.117210
      2971       2971.000    338.8884       75.212351       58.306302       16.906050       -0.014775       29.342733       19.419380        0.276332        3.696397        5.586234
      2972       2972.000    320.1136       75.266329       59.296893       15.969436       -0.029030       28.849251       19.034225        1.433633        3.945962        6.062851
      2973       2973.000    327.0810       75.227291       58.910277       16.317015       -0.038245       28.390234       16.662056        3.191598        4.179178        6.525456
      2974       2974.000    362.9497       74.948822       56.842434       18.106388       -0.043883       27.974270       12.543108        5.029664        4.386753        6.952523
      2975       2975.000    420.8232       75.174251       54.180742       20.993509       -0.047042       27.618484        8.271292        6.455108        4.560598        7.322302
      2976       2976.000    473.1020       75.763077       52.161545       23.601532       -0.048631       27.339159        5.347493        7.197721        4.699498        7.626306
      2977       2977.000    487.2232       75.429539       51.123549       24.305990       -0.049309       27.155502        4.162076        7.190227        4.804207        7.860845
      2978       2978.000    477.0057       74.540852       50.744574       23.796278       -0.049510       27.082632        4.292223        6.521737        4.875103        8.022388
      2979       2979.000    450.8052       73.585039       51.095821       22.489218       -0.049439       27.116631        5.623282        5.376482        4.914865        8.114000
      2980       2980.000    428.0995       74.248352       52.891851       21.356501       -0.049097       27.237236        8.664417        3.972477        4.926310        8.140508
      2981       2981.000    360.4597       74.589413       56.607241       17.982172       -0.048363       27.419559       13.710114        2.508567        4.911392        8.105971
      2982       2982.000    269.4222       74.793065       61.352460       13.440605       -0.047159       27.630081       19.613937        1.271516        4.871032        8.013053
      2983       2983.000    194.8064       75.087599       65.369335        9.718264       -0.045527       27.840174       24.406799        0.495352        4.806502        7.866035
      2984       2984.000    150.4538       75.080118       67.574461        7.505657       -0.043578       28.034439       26.913401        0.282470        4.718720        7.669009
      2985       2985.000    130.8019       74.511744       67.986458        6.525286       -0.041460       28.205723       27.199913        0.582522        4.610075        7.429686
      2986       2986.000    152.5562       74.483024       66.872490        7.610534       -0.039312       28.352661       25.728577        1.184180        4.485416        7.160969
      2987       2987.000    202.7960       74.022990       63.906151       10.116838       -0.037013       28.489933       22.374868        1.886060        4.339123        6.853180
      2988       2988.000    317.8666       74.681749       58.824409       15.857341       -0.034553       28.620750       17.054617        2.501323        4.171774        6.510497
      2989       2989.000    442.3344       74.202532       52.135897       22.066635       -0.031872       28.749109       10.378754        2.954165        3.972033        6.113709
      2990       2990.000    566.9842       74.247595       45.962584       28.285011       -0.029315       28.860407        4.512371        3.203822        3.742455        5.672844
      2991       2991.000    655.6729       74.752887       42.043483       32.709404       -0.027290       28.941307        1.164690        3.300748        3.478917        5.185111
      2992       2992.000    684.7889       75.113216       40.951309       34.161907       -0.026207       28.980400        0.812420        3.348291        3.181056        4.655349
      2993       2993.000    653.5314       74.830439       42.227865       32.602573       -0.026235       28.974445        2.864849        3.460479        2.855082        4.099245
      2994       2994.000    586.1345       74.624512       45.384156       29.240356       -0.027152       28.932249        6.724475        3.701762        2.513057        3.539764
      2995       2995.000    502.9768       75.415313       50.323424       25.091888       -0.028432       28.873390       12.263832        4.056848        2.164826        2.992960
      2996       2996.000    366.5882       74.924535       56.636634       18.287901       -0.029462       28.823238       19.113153        4.454303        1.813267        2.462135
      2997       2997.000    266.6596       75.659478       62.356691       13.302788       -0.029624       28.810780       25.352633        4.774288        1.476599        1.972016
      2998       2998.000    202.0164       75.506417       65.428469       10.077949       -0.028463       28.856123       29.015459        4.928112        1.147918        1.509320
      2999       2999.000    220.8373       75.643392       64.626533       11.016859       -0.025670       28.965746       28.906956        4.838113        0.845299        1.096090
      3000       3000.000    298.0795       75.472891       60.602664       14.870227       -0.020973       29.134937       25.711073        4.474149        0.571462        0.732016
      3001       3001.000    405.2737       75.050552       54.832754       20.217798       -0.014382       29.344225       20.858570        3.871402        0.340777        0.432161
      3002       3002.000    546.1114       75.547706       48.303970       27.243736       -0.006178       29.569996       15.226869        3.139494        0.165487        0.208301
      3003       3003.000    666.7134       74.719348       41.459170       33.260178        0.003312       29.795944        9.120307        2.424307        0.051184        0.064117
      3004       3004.000    794.6555       75.201474       35.558675       39.642799        0.013207       30.001917        3.646516        1.891210        0.002589        0.003236
      3005       3005.000    856.0835       75.002994       32.295749       42.707245        0.022956       30.182560        0.455932        1.602684        0.014048        0.017570
      3006       3006.000    849.9559       75.353003       32.951445       42.401558        0.031838       30.332466        0.878230        1.534284        0.077472        0.097154
      3007       3007.000    782.7731       76.051253       37.001227       39.050026        0.039403       30.452021        4.507092        1.585999        0.184408        0.232303
      3008       3008.000    657.4657       75.498623       42.699783       32.798840        0.045176       30.540331        9.724675        1.643100        0.329213        0.417288
      3009       3009.000    542.6312       75.537755       48.467637       27.070118        0.048339       30.590063       15.068292        1.609734        0.505524        0.645684
      3010       3010.000    424.0497       75.111177       53.956709       21.154469        0.047996       30.590723       20.250696        1.434810        0.713180        0.919303
      3011       3011.000    335.2487       75.651973       58.927499       16.724474        0.043399       30.529722       25.040619        1.129388        0.948576        1.235795
      3012       3012.000    253.8979       75.168854       62.502710       12.666144        0.034409       30.396694       28.485243        0.768350        1.215195        1.602819
      3013       3013.000    236.3864       74.966787       63.174232       11.792555        0.022374       30.196987       28.950270        0.505721        1.497264        2.001617
      3014       3014.000    277.0705       74.560132       60.737981       13.822151        0.008963       29.940693       26.086374        0.487374        1.788736        2.425841
      3015       3015.000    366.6971       74.951955       56.658618       18.293337       -0.003808       29.652346       21.250675        0.817747        2.079466        2.862193
      3016       3016.000    448.0221       75.073474       52.723098       22.350376       -0.014656       29.358282       16.159897        1.537813        2.369724        3.312038
      3017       3017.000    509.3548       75.153115       49.743048       25.410067       -0.022613       29.099779       11.651646        2.596273        2.652656        3.765307
      3018       3018.000    553.4036       74.950428       47.342911       27.607517       -0.027617       28.910412        7.442635        3.872596        2.926237        4.218648
      3019       3019.000    593.8995       75.117267       45.489540       29.627728       -0.030042       28.809484        3.667284        5.184469        3.189053        4.669292
      3020       3020.000    589.8346       74.688342       45.263398       29.424944       -0.030375       28.796917        1.624485        6.311200        3.442325        5.118845
      3021       3021.000    552.1101       75.267839       47.724845       27.542994       -0.028990       28.858891        2.683419        6.975111        3.680303        5.556112
      3022       3022.000    471.1609       75.881448       52.376748       23.504700       -0.026133       28.975805        6.598760        6.952749        3.900638        5.974929
      3023       3023.000    375.5758       75.978477       57.242211       18.736265       -0.021947       29.129160       11.526881        6.155393        4.095421        6.357303
      3024       3024.000    310.3049       76.104786       60.624676       15.480110       -0.016452       29.306658       15.648547        4.749231        4.255651        6.681040
      3025       3025.000    270.9406       76.163592       62.647239       13.516354       -0.009279       29.509283       18.730206        3.102023        4.378905        6.936100
      3026       3026.000    229.1154       75.802152       64.372324       11.429829        0.000420       29.746887       21.385239        1.654008        4.466035        7.119735
      3027       3027.000    199.9527       75.833161       65.858164        9.974997        0.013819       30.028049       23.297340        0.767935        4.518764        7.232257
      3028       3028.000    193.5985       75.575780       65.917775        9.658006        0.032889       30.364582       23.101379        0.596472        4.541450        7.281003
      3029       3029.000    238.6831       75.642354       63.735226       11.907127        0.059026       30.745758       19.973375        1.150859        4.536297        7.269912
      3030       3030.000    292.6167       74.850022       60.252319       14.597703        0.093264       31.154703       14.962288        2.336547        4.504278        7.201239
      3031       3031.000    346.6242       74.836029       57.544064       17.291965        0.132150       31.538460       10.450575        3.898310        4.446421        7.078148
      3032       3032.000    365.8814       74.740233       56.487589       18.252644        0.170250       31.858240        7.663520        5.535486        4.361125        6.898969
      3033       3033.000    353.9684       73.928635       56.270297       17.658339        0.198524       32.069523        6.247931        6.838542        4.248785        6.666992
      3034       3034.000    370.4014       74.033411       55.555279       18.478132        0.208527       32.141026        5.282527        7.417880        4.112972        6.392347
      3035       3035.000    376.4351       73.044545       54.265412       18.779133        0.197487       32.066044        4.863927        7.111073        3.952091        6.074790
      3036       3036.000    392.9160       73.122853       53.521538       19.601315        0.169129       31.857512        5.990152        6.002163        3.772645        5.729937
      3037       3037.000    380.9718       72.904593       53.899140       19.005453        0.130750       31.538363        8.958447        4.346707        3.571164        5.353710
      3038       3038.000    369.9209       73.022869       54.568710       18.454159        0.091260       31.150160       12.469385        2.556210        3.349477        4.952219
      3039       3039.000    379.7613       73.107291       54.162224       18.945066        0.056086       30.727970       14.698088        1.053922        3.104149        4.522009
      3040       3040.000    422.1954       73.497252       52.435286       21.061966        0.027481       30.299448       14.934586        0.280377        2.832245        4.061150
      3041       3041.000    463.9268       73.677330       50.533516       23.143814        0.005187       29.875893       13.932669        0.626698        2.528515        3.564554
      3042       3042.000    472.1689       73.198306       49.643321       23.554985       -0.011579       29.466326       12.636720        2.319732        2.194071        3.038052
      3043       3043.000    471.3675       73.179819       49.664814       23.515005       -0.023688       29.082104       11.083892        5.183120        1.839030        2.500356
      3044       3044.000    463.6074       72.800048       49.672172       23.127876       -0.032201       28.729313        8.867031        8.669456        1.472467        1.966106
      3045       3045.000    466.1687       72.475050       49.219398       23.255651       -0.037802       28.427345        6.327634       11.922305        1.115471        1.464445
      3046       3046.000    492.4848       73.201740       48.633263       24.568478       -0.041137       28.198734        4.513341       14.155350        0.787922        1.019052
      3047       3047.000    492.2680       72.736701       48.179040       24.557661       -0.042735       28.064999        4.106950       14.906671        0.502032        0.641124
      3048       3048.000    486.1071       71.641776       47.391463       24.250313       -0.042787       28.052153        4.728931       14.023392        0.278076        0.351698
      3049       3049.000    523.9259       71.703879       45.566908       26.136971       -0.041188       28.170311        5.421276       11.741124        0.122046        0.153339
      3050       3050.000    575.8935       71.561724       42.832257       28.729467       -0.037305       28.418282        5.914799        8.469541        0.029731        0.037210
      3051       3051.000    621.4346       71.332275       40.330906       31.001369       -0.030023       28.778210        6.688396        4.894321        0.000001        0.000001
      3052       3052.000    629.4224       70.556609       39.156758       31.399851       -0.017838       29.221767        8.017015        1.872006        0.028341        0.035468
      3053       3053.000    620.6111       70.555349       39.595062       30.960287        0.000660       29.711838        9.378052        0.264617        0.106357        0.133539
      3054       3054.000    574.6587       70.110009       41.442141       28.667868        0.026782       30.220865       10.079873        0.605599        0.225042        0.283980
      3055       3055.000    526.8419       70.848979       44.566539       26.282440        0.060205       30.712263       10.020631        2.925692        0.373465        0.474282
      3056       3056.000    445.5360       71.118181       48.891828       22.226353        0.099470       31.163641        9.585229        6.797445        0.546617        0.699426
      3057       3057.000    347.6080       70.950257       53.609215       17.341042        0.139085       31.536512        8.873424       11.371571        0.737260        0.951364
      3058       3058.000    276.5072       71.043826       57.249776       13.794050        0.170460       31.793722        7.493275       15.630401        0.939057        1.222861
      3059       3059.000    246.6482       71.109900       58.805415       12.304484        0.185320       31.910286        5.300322       18.743750        1.151481        1.514257
      3060       3060.000    261.2761       71.357505       58.323284       13.034222        0.178420       31.867975        2.999676       20.077734        1.373797        1.825681
      3061       3061.000    302.9158       71.561348       56.449858       15.111490        0.150516       31.659733        1.543652       19.330103        1.606599        2.159255
      3062       3062.000    360.5698       71.492727       53.505066       17.987661        0.108600       31.292892        1.090692       16.655573        1.846239        2.511069
      3063       3063.000    426.9012       70.782352       49.485625       21.296726        0.062851       30.790600        0.900449       12.775194        2.085355        2.871176
      3064       3064.000    514.6877       70.783091       45.106981       25.676109        0.022256       30.190962        0.561806        8.792742        2.314270        3.224946
      3065       3065.000    562.4562       70.149780       42.090656       28.059124       -0.008987       29.525398        0.799202        5.674241        2.531484        3.569318
      3066       3066.000    563.1288       70.209762       42.117080       28.092682       -0.029428       28.853458        2.522583        4.144593        2.731496        3.894377
      3067       3067.000    503.2180       70.115108       45.011186       25.103922       -0.041080       28.223244        5.270098        4.440319        2.916448        4.202157
      3068       3068.000    428.4051       70.319873       48.948123       21.371750       -0.046738       27.684471        7.229005        6.499217        3.087995        4.494173
      3069       3069.000    365.3818       70.713709       52.485993       18.227716       -0.049053       27.260780        7.182993       10.061811        3.251235        4.778225
      3070       3070.000    299.5579       70.918272       55.974295       14.943977       -0.049789       26.953646        5.886151       14.709803        3.411394        5.063092
      3071       3071.000    207.1970       70.800095       60.463707       10.336389       -0.049908       26.750031        5.140228       19.702984        3.569580        5.350792
      3072       3072.000    109.0654       70.856780       65.415861        5.440919       -0.049852       26.628416        5.582996       23.903870        3.719961        5.630470
      3073       3073.000     50.9305       70.998987       68.458229        2.540759       -0.049789       26.564877        6.023281       26.180315        3.854153        5.885392
      3074       3074.000     72.3722       71.135681       67.525265        3.610415       -0.049768       26.545574        5.138710       25.829388        3.963778        6.097583
      3075       3075.000    164.1154       71.061677       62.874487        8.187190       -0.049806       26.572962        3.200515       22.851252        4.044122        6.255442
      3076       3076.000    279.2825       70.970509       57.038005       13.932505       -0.049885       26.664648        1.938719       18.042740        4.091766        6.350016
      3077       3077.000    379.3060       71.184959       52.262607       18.922352       -0.049877       26.846876        2.444529       12.529288        4.108461        6.383329
      3078       3078.000    440.5595       70.724216       48.746124       21.978092       -0.049366       27.146330        3.864424        7.328053        4.096743        6.359939
      3079       3079.000    507.1579       70.832112       45.531640       25.300472       -0.047405       27.571363        4.377660        3.288854        4.058084        6.283083
      3080       3080.000    557.5494       70.337319       42.522980       27.814339       -0.042184       28.121616        3.439133        0.860603        3.991665        6.152147
      3081       3081.000    589.3428       70.723242       41.322833       29.400410       -0.031066       28.763859        2.338030        0.387314        3.896931        5.967765
      3082       3082.000    562.1847       71.505693       43.460113       28.045580       -0.010650       29.462870        2.537837        1.970956        3.771443        5.727657
      3083       3083.000    451.8715       71.239499       48.697091       22.542408        0.022080       30.171141        4.038033        5.417480        3.614559        5.433799
      3084       3084.000    338.9173       71.779555       54.872065       16.907490        0.066675       30.823858        5.549930        9.898630        3.432273        5.100698
      3085       3085.000    229.0909       71.578194       60.149591       11.428603        0.120495       31.394548        6.311079       14.365952        3.225132        4.732385
      3086       3086.000    152.9023       71.276218       63.648414        7.627804        0.174352       31.838362        6.695603       17.588867        3.002833        4.348396
      3087       3087.000    115.3490       70.957840       65.203452        5.754389        0.216537       32.129444        7.311602       18.814865        2.771183        3.959821
      3088       3088.000    143.5218       71.595398       64.435562        7.159837        0.236857       32.255562        7.954870       17.881130        2.533916        3.573227
      3089       3089.000    221.2733       71.880856       60.842245       11.038610        0.232048       32.224213        7.970656       14.980521        2.273515        3.161292
      3090       3090.000    324.3277       71.022110       54.842449       16.179661        0.204350       32.044197        7.057615       10.801581        1.997272        2.737433
      3091       3091.000    445.7120       70.232956       47.997822       22.235134        0.163047       31.745966        5.674058        6.380802        1.715666        2.318284
      3092       3092.000    576.1592       70.538078       41.795354       28.742723        0.117402       31.358719        4.342809        2.644463        1.428542        1.903420
      3093       3093.000    666.0089       70.380744       37.155708       33.225037        0.074118       30.907053        3.135245        0.412741        1.135048        1.491503
      3094       3094.000    720.6358       70.590081       34.639886       35.950195        0.038167       30.429279        1.965722        0.260992        0.847148        1.098579
      3095       3095.000    723.1729       70.603966       34.527203       36.076763        0.010963       29.959391        1.091943        2.149300        0.576704        0.738901
      3096       3096.000    668.3237       70.149593       36.809078       33.340515       -0.007824       29.536583        1.025494        5.482585        0.340472        0.431768
      3097       3097.000    595.2321       70.343701       40.649491       29.694210       -0.019573       29.200020        1.787727        9.328309        0.156321        0.196687
      3098       3098.000    518.5068       70.474392       44.607758       25.866634       -0.026092       28.975140        2.761722       12.811346        0.038029        0.047612
      3099       3099.000    460.1086       70.439839       47.486506       22.953333       -0.028685       28.878035        3.455532       15.181099        0.000234        0.000292
      3100       3100.000    416.0123       69.828767       49.075257       20.753510       -0.028109       28.908642        4.160386       15.913364        0.053699        0.067275
      3101       3101.000    421.1246       70.798915       49.790368       21.008547       -0.024601       29.051043        5.510791       14.802654        0.199282        0.251199
      3102       3102.000    422.1335       70.932360       49.873480       21.058880       -0.017804       29.287060        7.615808       11.996058        0.436504        0.555853
      3103       3103.000    456.3993       71.893107       49.124817       22.768290       -0.007380       29.586086        9.642074        8.199780        0.743960        0.960298
      3104       3104.000    484.5746       71.877257       47.703394       24.173862        0.007525       29.931704       10.870642        4.347452        1.101251        1.444821
      3105       3105.000    513.3107       72.314340       46.706926       25.607414        0.027390       30.301441       11.436804        1.498521        1.474194        1.968575
      3106       3106.000    504.0673       72.367127       47.220836       25.146292        0.053278       30.689148       11.916732        0.206177        1.845512        2.509989
      3107       3107.000    461.7447       72.063373       49.028422       23.034950        0.085717       31.083117       12.055963        0.554846        2.200616        3.048164
      3108       3108.000    415.3867       71.356454       50.634153       20.722301        0.124031       31.465752       10.742280        2.198370        2.532603        3.571117
      3109       3109.000    412.5706       71.590428       51.008614       20.581814        0.164794       31.808115        7.551056        4.572825        2.839156        4.072668
      3110       3110.000    395.3017       70.570970       50.850645       19.720325        0.202349       32.081917        3.702866        7.166383        3.130166        4.566965
      3111       3111.000    381.4547       70.566618       51.537073       19.029545        0.226176       32.239357        1.293813        9.339448        3.398448        5.039833
      3112       3112.000    337.5611       70.111651       53.271818       16.839832        0.228743       32.254517        1.003642       10.635686        3.649875        5.499356
      3113       3113.000    309.5126       70.166321       54.725735       15.440586        0.207879       32.115143        1.880395       10.713840        3.877737        5.930740
      3114       3114.000    292.2675       69.329838       54.749558       14.580280        0.168450       31.826580        2.772579        9.570959        4.081470        6.329519
      3115       3115.000    300.7775       68.884993       53.880176       15.004817        0.121071       31.420645        3.832937        7.578489        4.252481        6.674553
      3116       3116.000    304.6017       68.964544       53.768949       15.195595        0.074684       30.929190        6.167102        5.242121        4.392108        6.963745
      3117       3117.000    275.8108       69.021712       55.262404       13.759308        0.035459       30.391661       10.072430        3.063256        4.502392        7.197206
      3118       3118.000    235.3618       69.052000       57.310559       11.741442        0.006337       29.859928       14.015645        1.473481        4.583431        7.371736
      3119       3119.000    214.7384       68.880455       58.167848       10.712606       -0.013378       29.375563       15.941543        0.742909        4.635643        7.485569
      3120       3120.000    237.5479       69.293231       57.442735       11.850496       -0.025965       28.962936       15.317822        0.993527        4.658551        7.535864
      3121       3121.000    253.7560       69.033065       56.373996       12.659069       -0.034085       28.613337       13.382673        2.242456        4.650798        7.518817
      3122       3122.000    272.7725       69.691263       56.083526       13.607737       -0.039218       28.327827       11.493042        4.265585        4.608983        7.427306
      3123       3123.000    277.8239       69.898734       56.038999       13.859735       -0.042647       28.084589        9.528280        6.690504        4.527426        7.250846
      3124       3124.000    303.7288       70.006689       54.854642       15.152047       -0.044925       27.879883        6.758879        8.866100        4.404646        6.990058
      3125       3125.000    344.9668       69.373330       52.164052       17.209278       -0.046394       27.714996        3.400037       10.199487        4.242264        6.653661
      3126       3126.000    381.4521       68.330707       49.301292       19.029415       -0.047209       27.604855        1.062208       10.365824        4.049511        6.266104
      3127       3127.000    401.9470       67.766962       47.715124       20.051838       -0.047449       27.569225        1.060002        9.445226        3.836520        5.851600
      3128       3128.000    405.0014       67.694914       47.490700       20.204214       -0.047074       27.626820        3.120712        7.759981        3.608210        5.422052
      3129       3129.000    412.1884       68.303138       47.740390       20.562748       -0.045829       27.790014        5.939030        5.707532        3.366692        4.982951
      3130       3130.000    411.3300       68.524605       48.004677       20.519928       -0.043145       28.059950        8.681267        3.664660        3.109941        4.532005
      3131       3131.000    400.7292       68.813770       48.822685       19.991085       -0.038251       28.415802       11.500569        2.027624        2.841074        4.075866
      3132       3132.000    373.2630       69.404939       50.784051       18.620888       -0.030354       28.824965       14.698786        1.112646        2.561080        3.616928
      3133       3133.000    313.6854       69.049475       53.400725       15.648750       -0.019003       29.250580       17.606680        1.133004        2.271426        3.158038
      3134       3134.000    277.0451       68.986917       55.166032       13.820886       -0.005088       29.642651       18.747335        2.075212        1.985805        2.720117
      3135       3135.000    272.7635       68.752791       55.145497       13.607294        0.009957       29.976847       17.483540        3.662017        1.707225        2.305912
      3136       3136.000    308.3316       68.973870       53.592201       15.381669        0.024015       30.235378       14.524740        5.444308        1.441654        1.922105
      3137       3137.000    345.8582       68.462074       51.208324       17.253750        0.035340       30.415678       11.006246        6.997794        1.188132        1.565135
      3138       3138.000    399.0272       68.182543       48.276365       19.906178        0.042270       30.514315        7.573216        7.949670        0.953883        1.243011
      3139       3139.000    481.7549       68.691295       44.658098       24.033197        0.044216       30.536638        4.237826        8.150555        0.737362        0.951501
      3140       3140.000    550.4198       68.289463       40.830796       27.458668        0.041174       30.486488        1.452892        7.628180        0.536234        0.685828
      3141       3141.000    602.4460       68.293841       38.239752       30.054089        0.033721       30.367384        0.445001        6.582151        0.357631        0.453864
      3142       3142.000    602.8761       68.119946       38.044406       30.075541        0.022926       30.183016        2.050799        5.321462        0.206203        0.260000
      3143       3143.000    551.1040       67.707135       40.214337       27.492798        0.010398       29.943157        5.850833        4.205195        0.090810        0.113944
      3144       3144.000    476.6240       67.437611       43.660377       23.777233       -0.002126       29.664488       10.447203        3.505144        0.020288        0.025381
      3145       3145.000    406.7111       67.668818       47.379313       20.289505       -0.013310       29.367605       14.725035        3.299092        0.000396        0.000495
      3146       3146.000    337.0164       67.803161       50.990501       16.812660       -0.022430       29.074461       18.380785        3.481234        0.033952        0.042500
      3147       3147.000    262.5039       67.137981       54.042509       13.095471       -0.029137       28.813583       21.146557        3.839181        0.120693        0.151631
      3148       3148.000    242.6319       67.500949       55.396825       12.104124       -0.033399       28.618011       22.108919        4.131528        0.252615        0.319150
      3149       3149.000    282.1716       68.163589       54.086959       14.076630       -0.035757       28.496979       20.450865        4.199099        0.429285        0.546489
      3150       3150.000    347.2791       67.527290       50.202654       17.324636       -0.036564       28.455494       16.351397        3.945860        0.650412        0.836055
      3151       3151.000    441.3136       67.363534       45.347821       22.015713       -0.036080       28.487549       11.450613        3.370343        0.902328        1.173068
      3152       3152.000    515.7753       66.874273       41.143909       25.730364       -0.034544       28.575315        7.321868        2.546226        1.180508        1.554536
      3153       3153.000    563.8603       66.603533       38.474362       28.129171       -0.032209       28.695984        4.729665        1.641253        1.472918        1.966750
      3154       3154.000    564.2104       65.571734       37.425097       28.146637       -0.029336       28.829384        3.607646        0.852850        1.768533        2.396019
      3155       3155.000    531.7715       64.670608       38.142246       26.528362       -0.026243       28.958843        3.989807        0.348412        2.051623        2.819804
      3156       3156.000    488.0207       65.314587       40.968812       24.345776       -0.023141       29.077240        6.204224        0.172514        2.313786        3.224188
      3157       3157.000    392.3517       65.494011       45.920852       19.573158       -0.020023       29.187304       10.319063        0.265167        2.557761        3.611581
      3158       3158.000    272.6868       65.391027       51.787563       13.603464       -0.016904       29.290590       15.257217        0.504229        2.779255        3.973175
      3159       3159.000    168.6831       65.097126       56.682070        8.415055       -0.013816       29.387630       19.285353        0.741802        2.976854        4.304247
      3160       3160.000    108.3851       64.800750       59.393768        5.406981       -0.010986       29.473074       21.322418        0.857774        3.150054        4.601435
      3161       3161.000     92.1481       64.568975       59.972005        4.596971       -0.008876       29.535810       21.485062        0.795781        3.299974        4.864254
      3162       3162.000    111.1986       64.472650       58.925308        5.547342       -0.008068       29.562126       20.275482        0.574089        3.428244        5.093435
      3163       3163.000    155.9841       64.150354       56.368811        7.781544       -0.009022       29.540485       17.731993        0.279976        3.536071        5.289307
      3164       3164.000    237.0844       64.134016       52.306641       11.827374       -0.011759       29.467306       13.732000        0.052748        3.620864        5.445481
      3165       3165.000    337.2362       64.160695       47.337071       16.823624       -0.015826       29.348486        8.738871        0.020922        3.683161        5.561457
      3166       3166.000    423.1401       64.156846       43.047750       21.109097       -0.020338       29.202990        4.239698        0.268651        3.722154        5.634595
      3167       3167.000    474.2779       64.613718       40.953526       23.660192       -0.024327       29.060122        1.717735        0.799391        3.737364        5.663241
      3168       3168.000    467.3269       64.680189       41.366756       23.313433       -0.027088       28.951263        1.515929        1.551571        3.728514        5.646566
      3169       3169.000    439.4909       65.419754       43.494972       21.924782       -0.028164       28.905025        2.939463        2.400509        3.694833        5.583306
      3170       3170.000    368.6704       64.983375       46.591598       18.391777       -0.027347       28.936193        5.372537        3.206153        3.634077        5.469985
      3171       3171.000    298.3749       65.274345       50.389385       14.884960       -0.024510       29.043974        8.749537        3.767220        3.545884        5.307281
      3172       3172.000    209.1892       65.220673       54.784901       10.435773       -0.019447       29.218386       13.145244        3.923149        3.426777        5.090792
      3173       3173.000    134.6847       65.409040       58.690054        6.718986       -0.012088       29.439161       17.586201        3.571239        3.278775        4.826766
      3174       3174.000     97.9908       65.460681       60.572236        4.888445       -0.002147       29.693132       20.500547        2.756361        3.103483        4.520860
      3175       3175.000    115.5622       65.417763       59.652738        5.765025        0.010685       29.969534       20.870466        1.705222        2.908331        4.188500
      3176       3176.000    177.1745       65.564381       56.725716        8.838665        0.027118       30.266953       19.148153        0.739100        2.700655        3.843737
      3177       3177.000    234.1252       64.933105       53.253356       11.679749        0.048612       30.592926       16.489498        0.145131        2.483962        3.493227
      3178       3178.000    308.1447       65.420108       50.047765       15.372343        0.075794       30.938087       13.511471        0.097858        2.269508        3.155047
      3179       3179.000    381.5329       65.701401       46.667953       19.033447        0.111064       31.312506        9.777201        0.602247        2.049046        2.815890
      3180       3180.000    425.9782       64.357420       43.106743       21.250677        0.154418       31.697159        5.382875        1.570611        1.823853        2.477827
      3181       3181.000    475.7602       64.168892       40.434749       23.734142        0.201092       32.047993        1.664747        2.768463        1.601129        2.151326
      3182       3182.000    469.8117       63.263449       39.826060       23.437389        0.245248       32.337048        0.075899        3.965099        1.375158        1.827608
      3183       3183.000    441.8190       63.450604       41.409680       22.040924        0.276773       32.524189        1.082569        4.857872        1.152545        1.515731
      3184       3184.000    374.9992       62.576877       43.869377       18.707500        0.288012       32.588482        3.623911        5.218827        0.934063        1.216081
      3185       3185.000    337.3812       62.462414       45.631557       16.830856        0.275216       32.517914        6.232679        4.928440        0.732409        0.944900
      3186       3186.000    307.7664       61.788635       46.435161       15.353475        0.241075       32.315735        8.555416        4.070732        0.549283        0.702920
      3187       3187.000    278.5300       60.883268       46.988305       13.894963        0.194096       32.003902       10.985210        2.915826        0.391586        0.497684
      3188       3188.000    255.1526       60.326565       47.597822       12.728743        0.144452       31.618706       13.444342        1.798270        0.261523        0.330530
      3189       3189.000    268.8853       60.977157       47.563336       13.413820        0.099334       31.196730       14.902916        1.009393        0.157183        0.197780
      3190       3190.000    305.1832       61.338366       46.113758       15.224607        0.061062       30.755520       14.333090        0.794830        0.075094        0.094163
      3191       3191.000    355.5385       61.308880       43.572210       17.736670        0.031403       30.328211       11.778875        1.387673        0.020456        0.025592
      3192       3192.000    390.8603       60.777079       41.278323       19.498756        0.009692       29.936617        8.485513        2.846484        0.000008        0.000010
      3193       3193.000    398.7868       60.181042       40.286856       19.894186       -0.005638       29.593058        5.684312        4.967486        0.021162        0.026476
      3194       3194.000    411.9477       60.975376       40.424635       20.550741       -0.016274       29.301064        3.640359        7.296633        0.089968        0.112885
      3195       3195.000    383.1209       59.982243       40.869576       19.112667       -0.023723       29.054796        2.034877        9.320312        0.213734        0.269581
      3196       3196.000    380.3983       60.082307       41.105464       18.976843       -0.028415       28.872721        0.987047       10.400836        0.384607        0.488667
      3197       3197.000    376.6418       60.107109       41.317663       18.789446       -0.030963       28.760900        0.943564       10.281665        0.596960        0.765536
      3198       3198.000    366.3803       60.063472       41.785942       18.277531       -0.031500       28.733934        2.152307        9.007444        0.837782        1.085974
      3199       3199.000    362.1913       60.322439       42.253885       18.068554       -0.029884       28.803635        4.040170        6.911831        1.093709        1.434424
      3200       3200.000    352.5826       59.816262       42.227055       17.589207       -0.025644       28.974440        5.651871        4.467331        1.357060        1.801998
      3201       3201.000    365.8298       59.955746       41.705678       18.250069       -0.018172       29.233879        6.444497        2.256952        1.615849        2.172673
      3202       3202.000    374.6920       60.072183       41.380010       18.692173       -0.006568       29.564878        6.654651        0.748748        1.870748        2.547553
      3203       3203.000    370.3671       60.500778       42.024360       18.476418        0.009605       29.935349        6.659289        0.380198        2.118335        2.921585
      3204       3204.000    321.6634       59.833311       43.786562       16.046749        0.030029       30.311213        6.401792        1.394091        2.357168        3.292270
      3205       3205.000    271.0921       59.634565       46.110654       13.523911        0.052028       30.643904        5.576825        3.621371        2.575822        3.640704
      3206       3206.000    221.7006       59.564418       48.504491       11.059927        0.072443       30.907604        4.215079        6.571326        2.773834        3.964206
      3207       3207.000    179.1958       59.686041       50.746539        8.939502        0.087382       31.080574        2.809756        9.561852        2.949335        4.257640
      3208       3208.000    144.2418       59.801379       52.605623        7.195755        0.093569       31.149145        1.811756       11.930922        3.101974        4.518258
      3209       3209.000    120.9780       59.605863       53.570663        6.035200        0.089300       31.105597        1.251153       13.152445        3.230452        4.741716
      3210       3210.000    121.0874       59.178426       53.137768        6.040658        0.075432       30.951872        0.908119       12.950687        3.331483        4.920175
      3211       3211.000    151.2103       58.903574       51.360182        7.543392        0.054998       30.698668        0.737547       11.414144        3.404366        5.050461
      3212       3212.000    204.3166       58.972286       48.779589       10.192697        0.031344       30.353493        0.915408        8.892521        3.451463        5.135361
      3213       3213.000    255.3569       58.755221       46.016289       12.738932        0.007726       29.923872        1.478006        5.955771        3.474258        5.176656
      3214       3214.000    308.1821       58.950049       43.575838       15.374210       -0.012616       29.435034        2.094852        3.411851        3.472767        5.173951
      3215       3215.000    337.3276       58.677762       41.849578       16.828184       -0.028323       28.905596        2.450291        1.947208        3.447183        5.127623
      3216       3216.000    355.3660       59.165114       41.437053       17.728062       -0.038870       28.374697        2.642277        2.021825        3.398034        5.039091
      3217       3217.000    328.9283       59.188682       42.779508       16.409174       -0.045170       27.866640        3.028344        3.698399        3.324152        4.907143
      3218       3218.000    265.9736       58.879824       45.611259       13.268565       -0.048298       27.424858        3.605350        6.669480        3.225986        4.733883
      3219       3219.000    210.4909       59.330694       48.829983       10.500710       -0.049523       27.083879        3.848067       10.321942        3.103951        4.521667
      3220       3220.000    157.3619       59.364987       51.514711        7.850276       -0.049868       26.849947        3.384563       14.115607        2.952117        4.262345
      3221       3221.000    123.4327       59.422057       53.264397        6.157660       -0.049908       26.732122        2.569357       17.282076        2.771086        3.959664
      3222       3222.000    104.1018       59.334607       54.141305        5.193302       -0.049908       26.722452        2.156552       19.137283        2.559900        3.615026
      3223       3223.000    117.9211       59.758543       53.875841        5.882702       -0.049891       26.806839        2.419555       19.130846        2.325677        3.242815
      3224       3224.000    163.5295       59.956320       51.798361        8.157958       -0.049715       26.976170        2.863575       17.097176        2.067379        2.843777
      3225       3225.000    253.7696       60.425811       47.766067       12.659744       -0.049092       27.219948        2.894339       13.448199        1.804105        2.448569
      3226       3226.000    343.0583       59.987147       42.873074       17.114073       -0.047503       27.541355        2.730158        9.028852        1.547043        2.073170
      3227       3227.000    419.1762       60.090325       39.178978       20.911346       -0.044124       27.936775        3.223664        5.010260        1.312819        1.739585
      3228       3228.000    446.5389       59.975178       37.698792       22.276386       -0.037421       28.418396        4.628076        2.145573        1.100451        1.443717
      3229       3229.000    439.3592       59.809297       37.891085       21.918213       -0.025001       28.983831        5.951052        0.888235        0.909793        1.183174
      3230       3230.000    424.8275       59.725427       38.532154       21.193274       -0.003513       29.618998        5.927063        1.300112        0.737633        0.951861
      3231       3231.000    410.8910       59.859380       39.361354       20.498026        0.030801       30.295082        4.519205        3.191962        0.580463        0.743841
      3232       3232.000    382.4357       60.344714       41.266228       19.078485        0.080504       30.970385        3.014205        6.209311        0.436272        0.555552
      3233       3233.000    317.0603       60.651369       44.834252       15.817117        0.144512       31.597353        2.568625        9.831472        0.305479        0.386811
      3234       3234.000    238.1257       60.878766       48.999444       11.879322        0.214666       32.121613        2.945910       13.281498        0.192798        0.242959
      3235       3235.000    184.4892       60.890405       51.686837        9.203568        0.277063       32.502048        2.967420       15.707458        0.103239        0.129608
      3236       3236.000    183.7428       60.845777       51.679441        9.166336        0.315869       32.709743        2.101005       16.460606        0.040947        0.051271
      3237       3237.000    222.4296       60.632043       49.535745       11.096297        0.320390       32.732273        1.097563       15.369658        0.007048        0.008813
      3238       3238.000    274.0071       60.286710       46.617380       13.669330        0.290016       32.572861        1.003708       12.748491        0.001024        0.001280
      3239       3239.000    335.7574       60.361197       43.611346       16.749851        0.235450       32.256886        1.836031        9.235747        0.020982        0.026250
      3240       3240.000    398.0170       60.145342       40.289561       19.855782        0.171660       31.821606        2.610002        5.537404        0.066072        0.082818
      3241       3241.000    471.3597       60.193902       36.679288       23.514614        0.112208       31.318228        2.500681        2.440081        0.136494        0.171597
      3242       3242.000    537.0961       60.518397       33.724406       26.793991        0.063435       30.786547        1.730712        0.611719        0.235141        0.296852
      3243       3243.000    566.5797       61.097637       32.832802       28.264835        0.026643       30.256842        1.134571        0.581600        0.367090        0.466057
      3244       3244.000    525.4630       60.856353       34.642700       26.213654        0.000448       29.750441        1.108552        2.555995        0.538487        0.688777
      3245       3245.000    462.6684       61.522680       38.441649       23.081032       -0.017101       29.292072        1.303489        6.144756        0.750033        0.968400
      3246       3246.000    366.6391       61.358514       43.068073       18.290442       -0.028586       28.888355        1.341696       10.548510        1.005172        1.312927
      3247       3247.000    273.1452       61.123685       47.497352       13.626333       -0.035568       28.564018        1.371159       14.593477        1.292814        1.711451
      3248       3248.000    196.8120       60.918774       51.100458        9.818316       -0.039415       28.338346        1.734012       17.319805        1.599191        2.148518
      3249       3249.000    151.0147       60.802914       53.269279        7.533636       -0.041026       28.228220        2.363369       18.205387        1.908857        2.604471
      3250       3250.000    147.8975       60.874336       53.496206        7.378130       -0.040826       28.243397        2.834726       17.188221        2.209221        3.061467
      3251       3251.000    183.0856       60.953778       51.820225        9.133553       -0.038730       28.384710        2.930809       14.539177        2.494383        3.509876
      3252       3252.000    239.3783       60.940052       48.998239       11.941813       -0.034156       28.642199        2.880394       10.815794        2.757231        3.936779
      3253       3253.000    308.7322       61.502014       46.100359       15.401655       -0.026131       28.994072        2.990398        6.822635        2.991044        4.328341
      3254       3254.000    358.3331       61.774311       43.898231       17.876080       -0.013156       29.420935        3.219087        3.393276        3.196245        4.681845
      3255       3255.000    366.5759       61.195156       42.907867       18.287289        0.006101       29.890921        3.285585        1.370910        3.368382        4.985969
      3256       3256.000    351.2633       60.938150       43.414759       17.523392        0.032129       30.367353        3.133920        1.146531        3.504033        5.230793
      3257       3257.000    308.4292       60.812252       45.425718       15.386535        0.065158       30.831490        2.976328        2.527390        3.606488        5.418865
      3258       3258.000    246.1673       60.710245       48.429750       12.280495        0.104048       31.263227        2.860132        4.971706        3.678288        5.552347
      3259       3259.000    183.2419       60.553138       51.411794        9.141344        0.145516       31.639759        2.508733        7.763331        3.721358        5.633098
      3260       3260.000    143.3960       60.631941       53.478380        7.153561        0.183693       31.935244        1.770866       10.188974        3.737018        5.662585
      3261       3261.000    121.7322       60.545309       54.472482        6.072826        0.211846       32.129826        1.041611       11.720860        3.726176        5.642164
      3262       3262.000    119.6388       60.629173       54.660779        5.968394        0.222842       32.200890        0.997650       11.978144        3.688955        5.572298
      3263       3263.000    137.1510       60.971988       54.129966        6.842022        0.213455       32.138298        1.829688       10.871593        3.624575        5.452357
      3264       3264.000    175.0314       61.339231       52.607478        8.731752        0.185251       31.940861        3.055579        8.613754        3.531356        5.280677
      3265       3265.000    220.0349       61.077304       50.100470       10.976833        0.144684       31.621611        4.100687        5.765294        3.409144        5.059051
      3266       3266.000    274.7927       61.230431       47.521908       13.708523        0.101292       31.216976        5.031678        3.112444        3.262124        4.797394
      3267       3267.000    309.4102       61.473206       46.037730       15.435475        0.061361       30.757135        6.439209        1.197524        3.088118        4.494383
      3268       3268.000    313.0387       61.692819       46.076330       15.616489        0.029144       30.285795        8.350336        0.372484        2.886589        4.151982
      3269       3269.000    290.0891       61.197043       46.725435       14.471608        0.005815       29.848219        9.728575        0.713596        2.656942        3.772289
      3270       3270.000    297.1286       61.479196       46.656407       14.822789       -0.009401       29.488026        9.379230        2.029395        2.403616        3.365541
      3271       3271.000    318.7909       61.510001       45.606550       15.903451       -0.019012       29.211103        7.340914        4.032294        2.118861        2.922390
      3272       3272.000    340.4759       61.422891       44.437646       16.985245       -0.024730       29.019848        4.899674        6.283731        1.806705        2.452418
      3273       3273.000    336.6044       60.562790       43.770683       16.792107       -0.027892       28.903683        3.211083        8.234681        1.476810        1.972318
      3274       3274.000    349.0666       60.492814       43.079009       17.413805       -0.029320       28.849459        2.277816        9.311905        1.152911        1.516239
      3275       3275.000    377.6818       60.311432       41.470104       18.841328       -0.029537       28.843233        1.475302        9.233126        0.848108        1.099872
      3276       3276.000    424.5740       60.304689       39.124063       21.180626       -0.028684       28.879953        0.889958        8.054387        0.582254        0.746194
      3277       3277.000    451.7742       59.934655       37.397097       22.537558       -0.026603       28.962734        1.459694        6.170177        0.366193        0.464901
      3278       3278.000    448.4959       59.865544       37.491532       22.374012       -0.022886       29.098801        3.805388        4.147354        0.204738        0.258136
      3279       3279.000    418.3060       60.020032       39.152097       20.867935       -0.016856       29.295774        7.206989        2.455473        0.093448        0.117268
      3280       3280.000    387.3981       60.432927       41.106884       19.326042       -0.007716       29.553219       10.109941        1.391163        0.026773        0.033504
      3281       3281.000    371.7783       61.090633       42.543812       18.546822        0.005168       29.858025       11.600091        1.079266        0.000561        0.000701
      3282       3282.000    326.6621       60.104550       43.808432       16.296118        0.021707       30.182802       12.049551        1.523602        0.013671        0.017099
      3283       3283.000    290.8275       59.859611       45.351165       14.508446        0.039259       30.472288       12.154445        2.541501        0.063760        0.079913
      3284       3284.000    261.0154       59.790314       46.769097       13.021217        0.054768       30.693867       11.839751        3.845182        0.148607        0.186921
      3285       3285.000    250.6099       59.473799       46.971680       12.502119        0.064582       30.819592       10.408264        5.078599        0.265294        0.335350
      3286       3286.000    274.8979       59.103593       45.389824       13.713769        0.066080       30.833969        7.674628        5.889688        0.407366        0.518093
      3287       3287.000    341.4531       59.755092       42.721101       17.033991        0.059021       30.737518        4.555680        6.073089        0.568139        0.727653
      3288       3288.000    381.1833       59.267602       40.251595       19.016006        0.045093       30.538567        2.345556        5.610191        0.747358        0.964831
      3289       3289.000    413.3931       59.516382       38.893535       20.622847        0.028020       30.265966        1.787640        4.660170        0.934739        1.217000
      3290       3290.000    431.0510       60.028659       38.524917       21.503742        0.010706       29.943298        2.494095        3.460205        1.130878        1.485735
      3291       3291.000    403.8861       59.117116       38.968541       20.148575       -0.004779       29.595165        3.964108        2.304158        1.336678        1.773211
      3292       3292.000    369.0482       58.894740       40.484118       18.410622       -0.017115       29.253473        6.123523        1.507784        1.545503        2.070950
      3293       3293.000    295.0365       58.189887       43.471469       14.718418       -0.026619       28.925005        9.177309        1.251412        1.760371        2.383991
      3294       3294.000    215.5749       58.259125       47.504786       10.754338       -0.033571       28.622704       12.645666        1.590882        1.975113        2.703992
      3295       3295.000    135.9263       58.207751       51.426828        6.780924       -0.038632       28.344458       15.486992        2.411756        2.190192        3.032062
      3296       3296.000     91.6059       58.494981       53.925056        4.569925       -0.042148       28.099695       16.672235        3.443401        2.396919        3.354953
      3297       3297.000     82.4146       58.712105       54.600708        4.111397       -0.044544       27.889822       16.075720        4.410737        2.595870        3.673104
      3298       3298.000     98.0287       58.598681       53.708348        4.890333       -0.046024       27.730618       14.216025        5.051961        2.780512        3.975255
      3299       3299.000    132.1088       58.225786       51.635306        6.590480       -0.046718       27.644854       11.652787        5.204593        2.939227        4.240563
      3300       3300.000    188.9388       57.962229       48.536684        9.425545       -0.046745       27.645020        8.534851        4.875920        3.067940        4.459698
      3301       3301.000    262.8166       57.831115       44.720041       13.111073       -0.046099       27.733088        5.061008        4.168098        3.169215        4.634731
      3302       3302.000    330.9817       57.663751       41.152145       16.511606       -0.044625       27.901608        2.050143        3.232265        3.245178        4.767576
      3303       3303.000    366.7328       57.380866       39.085750       18.295116       -0.042096       28.132051        0.582560        2.257791        3.296803        4.858640
      3304       3304.000    364.8980       57.346621       39.143036       18.203585       -0.038354       28.398266        1.108597        1.441832        3.324656        4.908039
      3305       3305.000    307.1196       56.318781       40.997576       15.321205       -0.033390       28.675552        3.174049        0.935194        3.329508        4.916662
      3306       3306.000    258.3423       56.676501       43.788634       12.887867       -0.027653       28.933426        5.881498        0.803247        3.312197        4.885919
      3307       3307.000    195.6093       56.850131       47.091813        9.758318       -0.021292       29.170460        8.872617        0.980543        3.272969        4.816516
      3308       3308.000    129.7747       57.031318       50.557276        6.474042       -0.014707       29.379612       11.935109        1.334062        3.212659        4.710540
      3309       3309.000     78.6268       57.438529       53.516092        3.922437       -0.008161       29.561638       14.571197        1.690888        3.131411        4.569120
      3310       3310.000     51.9040       57.607518       55.018196        2.589321       -0.001603       29.724806       15.972110        1.909585        3.025780        4.387518
      3311       3311.000     69.7433       57.722834       54.243564        3.479270        0.004595       29.865314       15.419424        1.888478        2.896737        4.169015
      3312       3312.000    114.4126       57.084027       51.376349        5.707677        0.009932       29.977493       13.117754        1.613215        2.743620        3.914336
      3313       3313.000    178.3975       56.485878       47.586205        8.899673        0.013402       30.046209       10.129162        1.179120        2.576505        3.641807
      3314       3314.000    247.8001       56.059034       43.697088       12.361946        0.014547       30.066984        7.153989        0.717854        2.393758        3.349957
      3315       3315.000    319.9900       56.069375       40.106107       15.963268        0.013271       30.039225        4.435842        0.381660        2.195637        3.040472
      3316       3316.000    363.0080       55.233914       37.124617       18.109297        0.010009       29.969379        2.149306        0.297342        1.982878        2.715702
      3317       3317.000    402.0653       55.482742       35.425001       20.057741        0.005802       29.875353        0.871596        0.515967        1.765191        2.391093
      3318       3318.000    390.0282       55.027040       35.569794       19.457247        0.001709       29.777958        1.182355        1.001723        1.541240        2.064809
      3319       3319.000    344.9874       54.727232       37.516926       17.210306       -0.001097       29.705814        3.108290        1.635607        1.319425        1.748887
      3320       3320.000    286.7629       54.628213       40.322537       14.305676       -0.001788       29.682810        5.825060        2.267359        1.102522        1.446574
      3321       3321.000    235.4692       54.604955       42.858158       11.746798        0.000231       29.724693        8.334517        2.746452        0.892496        1.159769
      3322       3322.000    206.7276       54.846231       44.533256       10.312975        0.005431       29.836519       10.164606        2.942602        0.692402        0.891694
      3323       3323.000    196.0517       55.120200       45.339813        9.780387        0.014330       30.014866       11.384021        2.776493        0.505046        0.645058
      3324       3324.000    204.1544       55.454594       45.269992       10.184602        0.027417       30.248516       11.970885        2.257126        0.337763        0.428284
      3325       3325.000    223.8086       55.248149       44.083062       11.165087        0.045191       30.523666       11.543940        1.521054        0.198723        0.250488
      3326       3326.000    256.5422       54.604003       41.805942       12.798061        0.067500       30.819304        9.872654        0.828113        0.096836        0.121536
      3327       3327.000    299.5299       54.121182       39.178603       14.942579        0.093899       31.118753        7.466048        0.425137        0.033204        0.041562
      3328       3328.000    331.6934       53.772023       37.224911       16.547112        0.124009       31.413322        5.235626        0.443980        0.003544        0.004431
      3329       3329.000    347.1631       53.800930       36.482086       17.318844        0.156663       31.692455        3.738799        0.886890        0.003235        0.004044
      3330       3330.000    358.4106       54.567120       36.687168       17.879951        0.189833       31.944752        2.842847        1.645698        0.028443        0.035595
      3331       3331.000    350.2079       54.865068       37.394323       17.470745        0.220498       32.157307        2.283522        2.557355        0.077922        0.097720
      3332       3332.000    350.4507       56.061684       38.578827       17.482857        0.243158       32.305737        2.296156        3.393493        0.150706        0.189578
      3333       3333.000    304.0189       55.762240       40.595719       15.166521        0.252847       32.371296        3.449366        3.956674        0.249880        0.315657
      3334       3334.000    251.1161       55.703382       43.176009       12.527372        0.245335       32.333366        5.703330        4.051220        0.371286        0.471471
      3335       3335.000    207.0492       55.675987       45.346972       10.329015        0.220750       32.185154        8.143720        3.627993        0.513395        0.655961
      3336       3336.000    192.1045       55.763091       46.179616        9.583475        0.183109       31.930269        9.733277        2.794759        0.672674        0.865527
      3337       3337.000    200.6128       55.692805       45.684880       10.007925        0.138709       31.580906       10.232539        1.789956        0.845888        1.096883
      3338       3338.000    221.7941       55.771389       44.706799       11.064590        0.094860       31.164766       10.155479        0.920960        1.027400        1.343333
      3339       3339.000    241.9475       55.996702       43.926724       12.069979        0.056706       30.714756        9.888648        0.449753        1.214713        1.602147
      3340       3340.000    260.9747       56.245396       43.226212       13.019184        0.026804       30.268509        9.091714        0.559997        1.406755        1.872432
      3341       3341.000    290.8945       56.684101       42.172313       14.511787        0.005238       29.860327        7.213731        1.334988        1.603405        2.154624
      3342       3342.000    308.8483       56.399193       40.991749       15.407444       -0.009582       29.508854        4.475606        2.756532        1.807195        2.453143
      3343       3343.000    306.8534       55.986133       40.678209       15.307924       -0.019252       29.228411        2.076818        4.615775        2.013890        2.762568
      3344       3344.000    299.3432       56.806885       41.873619       14.933266       -0.025486       29.014202        1.030167        6.555271        2.220515        3.078950
      3345       3345.000    250.0487       56.695042       44.220920       12.474122       -0.029680       28.848019        1.358146        8.204749        2.430907        3.408778
      3346       3346.000    198.2207       56.323167       46.434574        9.888593       -0.032367       28.727858        2.313349        9.065650        2.630625        3.729459
      3347       3347.000    175.3692       56.354283       47.605678        8.748605       -0.033877       28.653109        3.276565        8.879820        2.808465        4.021597
      3348       3348.000    161.1394       55.974251       47.935526        8.038725       -0.034309       28.628006        4.401538        7.699242        2.961992        4.279057
      3349       3349.000    159.4756       55.977605       48.021880        7.955725       -0.033488       28.664852        5.943744        5.873835        3.084603        4.488334
      3350       3350.000    160.0527       55.959352       47.974840        7.984512       -0.031020       28.776470        7.579942        3.818860        3.178936        4.651653
      3351       3351.000    174.3919       56.057403       47.357552        8.699850       -0.026313       28.968916        8.407341        1.992703        3.245959        4.768947
      3352       3352.000    215.3304       56.701611       45.959474       10.742137       -0.018566       29.238472        7.852606        0.756456        3.287799        4.842708
      3353       3353.000    242.4777       56.473154       44.376724       12.096430       -0.006742       29.574511        6.239916        0.386836        3.306459        4.875744
      3354       3354.000    254.9469       56.383916       43.665441       12.718475        0.008908       29.932222        4.502238        1.053062        3.301700        4.867311
      3355       3355.000    237.6661       56.043230       44.186837       11.856393        0.027344       30.274796        3.134652        2.657583        3.274046        4.818416
      3356       3356.000    217.7817       56.298666       45.434238       10.864429        0.045781       30.561525        2.040351        4.830945        3.224449        4.731187
      3357       3357.000    196.3974       56.503790       46.706159        9.797631        0.061204       30.770462        1.017308        7.099441        3.152341        4.605404
      3358       3358.000    181.3326       56.710274       47.664176        9.046098        0.070182       30.880978        0.315512        8.895783        3.058397        4.443324
      3359       3359.000    169.0323       56.732340       48.299862        8.432478        0.070507       30.882652        0.388451        9.768263        2.943021        4.246969
      3360       3360.000    169.1127       56.909845       48.473357        8.436488        0.062064       30.775331        1.311890        9.495790        2.807795        4.020485
      3361       3361.000    184.5829       57.022363       47.814117        9.208246        0.046749       30.566792        2.643007        8.142692        2.651483        3.763395
      3362       3362.000    223.0495       57.254212       46.126992       11.127220        0.027753       30.272448        3.846617        6.028367        2.474184        3.477623
      3363       3363.000    282.0145       57.826695       43.757900       14.068795        0.008158       29.908239        4.749083        3.655615        2.274297        3.162508
      3364       3364.000    333.2024       58.072544       41.450150       16.622395       -0.009719       29.488993        5.450053        1.654854        2.049456        2.816513
      3365       3365.000    339.6765       56.846826       39.901464       16.945362       -0.024150       29.040821        5.923259        0.709167        1.803982        2.448385
      3366       3366.000    356.5331       57.167216       39.380933       17.786283       -0.034356       28.604876        5.975840        1.202091        1.552068        2.080413
      3367       3367.000    347.1563       57.188314       39.869806       17.318508       -0.041259       28.185478        5.602462        3.129319        1.288463        1.705342
      3368       3368.000    320.1586       57.304601       41.332919       15.971682       -0.045435       27.812309        5.070673        6.134206        1.023361        1.337804
      3369       3369.000    273.6308       57.075905       43.425349       13.650557       -0.047687       27.510660        4.610991        9.595874        0.765909        0.989602
      3370       3370.000    234.3680       57.024797       45.332936       11.691861       -0.048722       27.306959        4.118612       12.747988        0.530186        0.677914
      3371       3371.000    208.8372       56.616825       46.198613       10.418213       -0.049076       27.214787        3.330961       14.962976        0.325915        0.413050
      3372       3372.000    216.5993       56.429917       45.624478       10.805439       -0.048988       27.239775        2.303195       15.754673        0.166384        0.209439
      3373       3373.000    248.1499       56.206388       43.826988       12.379400       -0.048414       27.376198        1.420572       14.948606        0.057712        0.072314
      3374       3374.000    312.3039       56.833982       41.254150       15.579832       -0.047036       27.611235        0.988590       12.689690        0.005187        0.006485
      3375       3375.000    378.5721       57.096883       38.211144       18.885738       -0.044207       27.936678        0.869340        9.428300        0.009346        0.011687
      3376       3376.000    445.0466       57.436474       35.234537       22.201937       -0.039043       28.333473        0.741880        6.047491        0.066890        0.083847
      3377       3377.000    478.9291       57.111928       33.219701       23.892227       -0.030295       28.788757        0.618408        3.462311        0.168455        0.212064
      3378       3378.000    499.1627       58.070033       33.168416       24.901617       -0.016563       29.283480        0.869334        2.350419        0.300860        0.380887
      3379       3379.000    450.6710       57.856653       35.374130       22.482523        0.004363       29.816641        1.604262        2.907491        0.457826        0.583546
      3380       3380.000    377.1659       57.798603       38.983013       18.815590        0.033511       30.355131        2.244350        4.914121        0.628627        0.807274
      3381       3381.000    302.1983       57.812161       42.736465       15.075696        0.070768       30.871492        2.106267        7.831302        0.809141        1.047495
      3382       3382.000    234.5662       57.744979       46.043226       11.701753        0.113033       31.329857        1.294556       11.005828        0.997502        1.302450
      3383       3383.000    181.8813       58.109540       49.036071        9.073469        0.153088       31.688353        0.690354       13.742132        1.191845        1.570300
      3384       3384.000    131.0788       58.293247       51.754148        6.539099        0.182171       31.917526        0.941578       15.461771        1.395149        1.855952
      3385       3385.000    107.8782       58.647342       53.265646        5.381695        0.191453       31.988543        1.666402       15.663137        1.602621        2.153490
      3386       3386.000    125.0215       58.648916       52.411994        6.236921        0.177758       31.891567        1.882966       14.183569        1.813561        2.462573
      3387       3387.000    184.7216       58.365219       49.150055        9.215164        0.145204       31.635406        1.241521       11.343341        2.017122        2.767461
      3388       3388.000    269.4829       58.443464       44.999831       13.443633        0.103114       31.247849        0.557216        7.827874        2.206507        3.057271
      3389       3389.000    327.1808       58.022929       41.700934       16.321995        0.060625       30.762346        0.799864        4.363839        2.382336        3.331924
      3390       3390.000    353.2686       57.553207       39.929777       17.623430        0.025374       30.238718        1.834038        1.705756        2.541108        3.584783
      3391       3391.000    370.5349       57.504223       39.019434       18.484789       -0.000360       29.728628        2.468453        0.321921        2.684122        3.816671
      3392       3392.000    369.5582       56.910566       38.474502       18.436064       -0.017777       29.264181        1.911836        0.467178        2.815612        4.033473
      3393       3393.000    368.7980       57.297893       38.899751       18.398142       -0.028810       28.871592        0.703134        2.183009        2.935893        4.234934
      3394       3394.000    328.2674       57.684303       41.308100       16.376204       -0.035821       28.544605        0.014978        5.309100        3.048637        4.426601
      3395       3395.000    236.2423       57.458544       45.673180       11.785364       -0.040247       28.279179        0.336506        9.341805        3.151680        4.604258
      3396       3396.000    141.3142       57.350218       50.300509        7.049708       -0.042959       28.075203        0.964367       13.312970        3.237261        4.753667
      3397       3397.000     79.5355       57.370521       53.402752        3.967769       -0.044546       27.930664        1.097307       16.258410        3.298779        4.862138
      3398       3398.000     61.8947       57.567008       54.479281        3.087727       -0.045304       27.850393        0.872480       17.548611        3.332002        4.921099
      3399       3399.000     62.7160       57.298995       54.170296        3.128698       -0.045293       27.848387        1.092710       17.011106        3.335703        4.927683
      3400       3400.000     86.1911       57.391856       53.092060        4.299796       -0.044306       27.945492        2.059579       14.937782        3.310538        4.882976
      3401       3401.000    121.5738       57.176536       51.111613        6.064923       -0.041732       28.162455        3.160283       11.781568        3.258328        4.790711
      3402       3402.000    181.5175       57.160985       48.105665        9.055321       -0.036500       28.500225        3.539266        8.260033        3.183329        4.659311
      3403       3403.000    259.9263       57.522309       44.555425       12.966885       -0.026598       28.957525        3.115718        4.931091        3.086348        4.491340
      3404       3404.000    314.0591       57.312466       41.645072       15.667395       -0.008877       29.521046        2.514448        2.362732        2.967439        4.288284
      3405       3405.000    331.0722       56.918264       40.402142       16.516123        0.019848       30.145258        2.232218        1.114822        2.830969        4.059026
      3406       3406.000    326.1811       57.081943       40.809821       16.272121        0.062229       30.785818        2.082540        1.388669        2.680240        3.810325
      3407       3407.000    287.7807       56.645805       42.289353       14.356452        0.120221       31.413805        1.670448        3.025239        2.515677        3.543963
      3408       3408.000    241.0817       56.308708       44.281917       12.026791        0.190440       31.981127        1.034450        5.462187        2.343279        3.270435
      3409       3409.000    186.7211       55.717757       46.402842        9.314915        0.265573       32.457462        0.558078        7.964093        2.164766        2.992871
      3410       3410.000    152.2514       55.678080       48.082751        7.595329        0.332355       32.809315        0.427364        9.812152        1.984068        2.717497
      3411       3411.000    135.3079       55.456491       48.706418        6.750072        0.379228       33.027370        0.458568       10.607865        1.796326        2.437061
      3412       3412.000    147.1293       55.263493       47.923684        7.339808        0.395354       33.097549        0.503490       10.168348        1.603777        2.155166
      3413       3413.000    174.4827       54.711347       46.006969        8.704378        0.377713       33.019375        0.736160        8.597391        1.405575        1.870755
      3414       3414.000    216.8155       54.434456       43.618231       10.816225        0.332044       32.804863        1.402261        6.282082        1.206408        1.590573
      3415       3415.000    267.6854       54.569912       41.215954       13.353958        0.268870       32.470905        2.425477        3.731205        1.005762        1.313735
      3416       3416.000    305.8242       54.309093       39.052512       15.256581        0.199856       32.038647        3.434979        1.531770        0.805137        1.042123
      3417       3417.000    339.7358       54.429453       37.481129       16.948324        0.136314       31.546892        4.160923        0.236051        0.613554        0.787393
      3418       3418.000    370.5790       55.398998       36.912008       18.486990        0.083573       31.027040        4.731686        0.079338        0.435639        0.554731
      3419       3419.000    367.7127       55.882311       37.538312       18.344000        0.042967       30.506777        5.317108        1.047615        0.275475        0.348370
      3420       3420.000    341.1606       55.886376       38.866976       17.019400        0.014616       30.032333        5.628521        2.866072        0.144151        0.181282
      3421       3421.000    330.7635       56.397563       39.896838       16.500725       -0.003650       29.640383        5.082494        5.062021        0.051312        0.064278
      3422       3422.000    336.6496       56.862827       40.068466       16.794361       -0.014943       29.341177        3.552463        7.180856        0.003962        0.004953
      3423       3423.000    324.8352       55.853115       39.648136       16.204979       -0.021501       29.137329        1.751554        8.753284        0.012205        0.015265
      3424       3424.000    338.4230       56.063887       39.181056       16.882832       -0.024744       29.026358        0.656554        9.341449        0.080489        0.100950
      3425       3425.000    345.9890       55.995550       38.735273       17.260277       -0.025895       28.986456        0.496433        8.802691        0.210333        0.265254
      3426       3426.000    370.1425       56.505977       38.040760       18.465218       -0.025565       29.000801        0.910803        7.258481        0.394626        0.501614
      3427       3427.000    400.2517       57.125258       37.157992       19.967266       -0.024058       29.056654        1.604198        5.096695        0.623714        0.800790
      3428       3428.000    401.6822       56.936328       36.897699       20.038630       -0.021432       29.147421        2.853664        2.888218        0.882955        1.146872
      3429       3429.000    372.3950       56.671889       38.094306       18.577583       -0.017621       29.269260        4.983018        1.192340        1.152139        1.515169
      3430       3430.000    319.8617       56.504698       40.547830       15.956868       -0.012444       29.420633        7.541568        0.287960        1.419525        1.890587
      3431       3431.000    288.2612       57.503378       43.122958       14.380420       -0.005806       29.596117        9.386338        0.201053        1.679665        2.265591
      3432       3432.000    246.6700       57.318493       45.012922       12.305571        0.002325       29.788841        9.802111        0.824470        1.941605        2.653571
      3433       3433.000    224.4578       57.394666       46.197191       11.197475        0.010656       29.966379        9.070765        1.916752        2.194274        3.038364
      3434       3434.000    209.0492       57.684572       47.255781       10.428791        0.017537       30.100790        8.095437        3.178407        2.440154        3.423456
      3435       3435.000    188.6049       57.679556       48.270667        9.408889        0.020980       30.164438        7.301774        4.294312        2.679708        3.809454
      3436       3436.000    172.0966       57.087111       48.501768        8.585343        0.019476       30.136564        6.301670        4.955256        2.905337        4.183465
      3437       3437.000    194.8247       57.093625       47.374450        9.719175        0.013098       30.013872        4.730152        4.987777        3.105394        4.524157
      3438       3438.000    238.0579       57.279016       45.403077       11.875938        0.003032       29.800947        3.047460        4.432817        3.283576        4.835245
      3439       3439.000    260.5359       56.929766       43.932472       12.997294       -0.008625       29.515406        2.392446        3.482306        3.438680        5.112260
      3440       3440.000    276.7766       57.660865       43.853374       13.807491       -0.019514       29.193289        3.330853        2.438153        3.566134        5.344459
      3441       3441.000    265.9507       58.149352       44.881931       13.267421       -0.028679       28.855303        5.295759        1.550537        3.670749        5.538262
      3442       3442.000    229.8390       57.708050       46.242125       11.465925       -0.035526       28.533989        7.212234        1.089576        3.751650        5.690202
      3443       3443.000    201.5435       57.617209       47.562854       10.054355       -0.040122       28.259279        8.515113        1.228329        3.806322        5.793933
      3444       3444.000    180.8523       58.237038       49.214899        9.022140       -0.043148       28.031984        9.538012        2.002818        3.835530        5.849703
      3445       3445.000    121.4197       57.552390       51.495152        6.057238       -0.045202       27.840506       10.617569        3.387761        3.838716        5.855803
      3446       3446.000     89.2947       57.837330       53.382707        4.454622       -0.046478       27.695400       11.124993        4.986007        3.814074        5.808711
      3447       3447.000     80.6838       57.834968       53.809912        4.025056       -0.047329       27.579954       10.286905        6.528113        3.758712        5.703557
      3448       3448.000    112.7471       57.976649       52.352059        5.624590       -0.047837       27.500164        8.070697        7.610188        3.674179        5.544669
      3449       3449.000    162.1102       57.777616       49.690461        8.087154       -0.048046       27.464552        5.350473        8.027583        3.560957        5.334942
      3450       3450.000    214.4524       57.632659       46.934321       10.698339       -0.047915       27.489357        3.231394        7.747699        3.425428        5.088358
      3451       3451.000    253.2049       57.172976       44.541402       12.631574       -0.047314       27.589212        1.998483        6.917278        3.270891        4.812851
      3452       3452.000    287.3552       56.835844       42.500620       14.335223       -0.045975       27.770485        1.383257        5.772887        3.101877        4.518089
      3453       3453.000    304.3346       56.156576       40.974304       15.182272       -0.043455       28.030235        1.317655        4.545156        2.918723        4.205989
      3454       3454.000    318.7184       56.483796       40.583964       15.899832       -0.039258       28.348946        2.206163        3.461581        2.724183        3.882349
      3455       3455.000    299.8059       56.741503       41.785155       14.956348       -0.032768       28.710550        4.379477        2.673990        2.513474        3.540432
      3456       3456.000    251.3948       56.787646       44.246371       12.541275       -0.023779       29.083549        7.392746        2.316864        2.289996        3.186995
      3457       3457.000    208.5287       57.285136       46.882313       10.402822       -0.012719       29.436056       10.167687        2.399374        2.059751        2.832164
      3458       3458.000    169.1178       57.264017       48.827273        8.436744       -0.000189       29.754141       11.978347        2.796473        1.822573        2.475928
      3459       3459.000    153.6886       57.384734       49.717707        7.667027        0.012319       30.016998       12.696590        3.269344        1.588875        2.133580
      3460       3460.000    167.6591       57.873400       49.509430        8.363970        0.023669       30.222309       12.524156        3.573814        1.359721        1.805761
      3461       3461.000    198.1516       57.829646       47.944501        9.885145        0.033100       30.374186       11.374222        3.541208        1.133048        1.488737
      3462       3462.000    252.1004       57.382683       44.806208       12.576475        0.039611       30.470102        9.067997        3.116394        0.917920        1.194184
      3463       3463.000    339.7468       57.468550       40.519680       16.948870        0.042705       30.511757        5.942804        2.378794        0.717960        0.925661
      3464       3464.000    428.1305       57.546963       36.188915       21.358047        0.042278       30.501455        2.948703        1.486674        0.530925        0.678880
      3465       3465.000    480.0298       57.081067       33.133932       23.947136        0.038497       30.440687        1.159066        0.675314        0.361508        0.458860
      3466       3466.000    509.4781       57.367257       31.951037       25.416220        0.032098       30.335894        0.911729        0.178549        0.217893        0.274876
      3467       3467.000    501.1349       57.450441       32.450439       25.000002        0.024113       30.196939        1.863076        0.128912        0.105253        0.132147
      3468       3468.000    459.7569       57.304516       34.368729       22.935787        0.015882       30.041574        3.710579        0.530326        0.031252        0.039116
      3469       3469.000    405.1987       57.785300       37.571246       20.214054        0.008658       29.892723        6.429617        1.238595        0.000735        0.000918
      3470       3470.000    333.8177       58.380285       41.727195       16.653090        0.003296       29.772902        9.869784        2.046339        0.015494        0.019380
      3471       3471.000    252.0785       58.389750       45.814368       12.575382        0.000469       29.705418       13.197944        2.737674        0.076691        0.096172
      3472       3472.000    202.0029       58.472234       48.394962       10.077272        0.000693       29.709171       15.148109        3.126417        0.181702        0.228869
      3473       3473.000    196.0766       58.568812       48.787180        9.781631        0.004290       29.790812       15.127516        3.121307        0.327793        0.415463
      3474       3474.000    221.7703       58.444117       47.380711       11.063406        0.011544       29.945547       13.533593        2.723831        0.512025        0.654172
      3475       3475.000    287.0464       59.387624       45.067805       14.319818        0.022522       30.156590       11.174245        2.049452        0.727129        0.937868
      3476       3476.000    356.7599       60.169689       42.372091       17.797598        0.037642       30.411716        8.386076        1.290265        0.974845        1.271546
      3477       3477.000    414.1194       60.316007       39.656925       20.659082        0.056395       30.685833        5.290013        0.737898        1.243895        1.642891
      3478       3478.000    446.8580       59.840159       37.547856       22.292303        0.077450       30.953045        2.340638        0.626262        1.518444        2.032017
      3479       3479.000    460.3401       59.960972       36.996089       22.964884        0.098910       31.193075        0.495346        1.004026        1.784762        2.419970
      3480       3480.000    416.6458       59.346948       38.561834       20.785114        0.119145       31.397198        0.454308        1.749768        2.039709        2.801706
      3481       3481.000    346.2007       58.986588       41.715753       17.270836        0.135855       31.553913        1.972547        2.613029        2.275705        3.164704
      3482       3482.000    289.9751       59.709902       45.243982       14.465919        0.147233       31.657558        4.104445        3.333277        2.493309        3.508160
      3483       3483.000    222.3282       59.538852       48.447614       11.091238        0.151743       31.702656        6.325922        3.721040        2.701360        3.844893
      3484       3484.000    173.9740       59.806291       51.127289        8.679002        0.147464       31.675438        8.609641        3.635925        2.894150        4.164670
      3485       3485.000    134.9066       60.097192       53.367139        6.730053        0.133481       31.563251       11.046529        3.073738        3.076220        4.473921
      3486       3486.000    105.6701       59.969255       54.697714        5.271541        0.110637       31.357498       13.033991        2.178188        3.246863        4.770538
      3487       3487.000    115.0393       60.129113       54.390176        5.738937        0.082750       31.068609       13.545205        1.258186        3.397426        5.037999
      3488       3488.000    149.0700       59.978338       52.541718        7.436620        0.053213       30.703812       12.371309        0.605832        3.529771        5.277781
      3489       3489.000    185.8154       59.583304       50.313575        9.269729        0.026645       30.299311       10.386036        0.482870        3.639203        5.479511
      3490       3490.000    209.8360       59.303831       48.835789       10.468042        0.005692       29.898554        8.600866        0.969134        3.723817        5.637725
      3491       3491.000    227.1693       59.503340       48.170600       11.332741       -0.009270       29.539177        7.105386        1.999066        3.784263        5.751978
      3492       3492.000    245.6177       59.937088       47.684013       12.253076       -0.019200       29.245411        5.367663        3.444855        3.821809        5.823475
      3493       3493.000    253.0429       59.794881       47.171389       12.623492       -0.025279       29.031698        3.367254        5.111389        3.835905        5.850422
      3494       3494.000    258.0882       60.110350       47.235162       12.875189       -0.028511       28.902891        2.040751        6.667374        3.824343        5.828314
      3495       3495.000    235.7274       60.179302       48.419621       11.759682       -0.029855       28.844227        2.283417        7.785696        3.784226        5.751909
      3496       3496.000    198.5392       60.081022       50.176542        9.904480       -0.029896       28.839350        3.912478        8.122206        3.713700        5.618704
      3497       3497.000    176.4783       59.899173       51.095239        8.803934       -0.028962       28.874147        5.692980        7.511234        3.613675        5.432164
      3498       3498.000    181.8474       59.474138       50.402359        9.071778       -0.027108       28.942875        6.722191        6.074841        3.487981        5.201579
      3499       3499.000    209.4403       59.204853       48.756552       10.448300       -0.024104       29.048859        7.249574        4.197844        3.343254        4.941126
      3500       3500.000    232.3167       58.936276       47.346744       11.589532       -0.019356       29.203608        7.987803        2.331866        3.183396        4.659428
      3501       3501.000    249.8053       58.992544       46.530565       12.461979       -0.012002       29.417603        8.856461        0.891643        3.012314        4.364547
      3502       3502.000    285.1159       59.829280       45.605770       14.223511       -0.000846       29.696918        8.890358        0.133286        2.829490        4.056562
      3503       3503.000    322.6845       60.134174       44.036483       16.097691        0.015674       30.041103        7.425918        0.196797        2.629446        3.727545
      3504       3504.000    341.1821       59.521068       42.500592       17.020475        0.037900       30.419214        5.130223        1.114910        2.414917        3.383428
      3505       3505.000    345.1717       59.444153       42.224652       17.219501        0.063947       30.782930        3.457629        2.695472        2.191143        3.033530
      3506       3506.000    326.6830       59.834334       43.537171       16.297163        0.090557       31.095730        3.095214        4.623556        1.956361        2.675754
      3507       3507.000    295.0995       60.215951       45.494391       14.721560        0.112817       31.324654        3.554749        6.477981        1.711709        2.312482
      3508       3508.000    268.4207       60.134924       46.744283       13.390640        0.125306       31.442530        3.972172        7.787759        1.463389        1.953128
      3509       3509.000    265.1620       60.028958       46.800883       13.228075        0.124292       31.432779        4.214592        8.195391        1.221799        1.612030
      3510       3510.000    270.0412       59.683342       46.211859       13.471483        0.109741       31.293781        4.896066        7.624754        0.992244        1.295273
      3511       3511.000    292.4287       60.069362       45.481036       14.588326        0.085425       31.039286        6.299969        6.267427        0.780206        1.008723
      3512       3512.000    305.6504       59.569962       44.322051       15.247910        0.056428       30.687218        7.792225        4.456217        0.582908        0.747054
      3513       3513.000    350.5145       59.688424       42.202387       17.486036        0.028836       30.279427        8.270326        2.696637        0.408108        0.519054
      3514       3514.000    401.6884       59.278442       39.239505       20.038937        0.005225       29.838137        7.390133        1.429341        0.254769        0.321901
      3515       3515.000    469.8884       60.014084       36.572869       23.441216       -0.013018       29.393175        5.784801        1.114174        0.130154        0.163583
      3516       3516.000    512.0917       60.849530       35.302931       25.546598       -0.026539       28.950684        4.218542        2.068953        0.040536        0.050756
      3517       3517.000    521.1029       61.778916       35.782773       25.996143       -0.035953       28.524887        2.921061        4.371311        0.000652        0.000815
      3518       3518.000    482.1181       61.591620       37.540302       24.051317       -0.042100       28.129429        1.708171        7.682993        0.027454        0.034356
      3519       3519.000    433.0002       61.545764       39.944779       21.600985       -0.045737       27.789341        0.703741       11.197939        0.132698        0.166798
      3520       3520.000    373.8676       61.276624       42.625573       18.651051       -0.047695       27.522436        0.337252       14.089463        0.319416        0.404700
      3521       3521.000    318.1396       60.939113       45.068153       15.870960       -0.048598       27.349804        0.729071       15.715458        0.579649        0.742770
      3522       3522.000    302.9639       61.590747       46.476854       15.113893       -0.048864       27.286791        1.372939       15.801563        0.897666        1.166759
      3523       3523.000    299.9901       61.314243       46.348708       14.965535       -0.048654       27.338177        1.718954       14.394371        1.268511        1.677349
      3524       3524.000    347.3836       62.265871       44.936024       17.329847       -0.047856       27.497532        1.714943       11.862235        1.664994        2.244175
      3525       3525.000    388.8363       62.497982       43.100195       19.397787       -0.046065       27.754957        1.739681        8.693467        2.085998        2.872157
      3526       3526.000    406.5034       62.051775       41.772635       20.279140       -0.042787       28.080721        1.956455        5.742846        2.506361        3.529038
      3527       3527.000    422.4652       62.456348       41.380924       21.075424       -0.037609       28.440790        2.060958        3.832040        2.903824        4.180920
      3528       3528.000    400.6271       62.131160       42.145164       19.985996       -0.030128       28.816462        1.819880        3.443619        3.275084        4.820248
      3529       3529.000    357.3225       62.135605       44.309937       17.825668       -0.020500       29.179409        1.473996        4.651308        3.606618        5.419106
      3530       3530.000    272.8007       61.409211       47.800065       13.609146       -0.009144       29.514757        1.378970        7.046357        3.898441        5.970684
      3531       3531.000    191.0921       61.202381       51.669411        9.532969        0.002548       29.798006        1.424154        9.846879        4.143760        6.454064
      3532       3532.000    135.0249       61.492749       54.756794        6.735955        0.013071       30.017841        1.170608       12.331511        4.349340        6.874423
      3533       3533.000    104.9610       61.721039       56.484875        5.236164        0.020736       30.163378        0.563481       13.966655        4.524997        7.245629
      3534       3534.000     91.7489       61.539875       56.962818        4.577057        0.023471       30.214767        0.167520       14.313830        4.673790        7.569439
      3535       3535.000    105.3889       61.709611       56.452098        5.257513        0.019936       30.154732        0.477620       13.174603        4.791986        7.833221
      3536       3536.000    128.4605       61.199459       54.790980        6.408479        0.010436       29.975500        1.207334       10.667697        4.884966        8.045047
      3537       3537.000    192.6734       61.443170       51.831313        9.611856       -0.002438       29.694355        1.550907        7.447578        4.948602        8.192309
      3538       3538.000    265.7615       61.234588       47.976603       13.257985       -0.016449       29.316973        1.297618        4.109270        4.987026        8.282166
      3539       3539.000    325.6516       61.066815       44.821107       16.245708       -0.028679       28.883274        1.144602        1.509875        4.999812        8.312222
      3540       3540.000    334.3327       60.380265       43.701486       16.678780       -0.037732       28.435858        1.832213        0.200778        4.987378        8.282990
      3541       3541.000    325.7019       60.814188       44.565973       16.248215       -0.043413       28.028103        3.026029        0.409815        4.949961        8.195478
      3542       3542.000    291.3775       60.837843       46.301961       14.535882       -0.046629       27.685560        3.625791        2.106620        4.885150        8.045469
      3543       3543.000    259.0344       60.990472       48.068080       12.922392       -0.048212       27.437038        3.001966        5.056301        4.790691        7.830296
      3544       3544.000    218.7488       61.002013       50.089343       10.912670       -0.048899       27.287550        1.807561        8.840826        4.661017        7.541288
      3545       3545.000    163.0314       60.968701       52.835593        8.133108       -0.049117       27.230356        1.213987       12.777324        4.490735        7.172308
      3546       3546.000    105.8016       60.966043       55.687944        5.278099       -0.049055       27.250746        1.501834       15.983968        4.276547        6.723904
      3547       3547.000     77.8332       60.841248       56.958399        3.882849       -0.048734       27.334429        1.824682       17.617722        4.020830        6.209471
      3548       3548.000     99.2768       60.407920       55.455320        4.952600       -0.048058       27.473558        1.417668       17.214108        3.736477        5.661567
      3549       3549.000    169.0742       60.217519       51.782952        8.434567       -0.046787       27.670036        0.650150       14.950647        3.441518        5.117387
      3550       3550.000    251.9176       60.127918       47.560562       12.567356       -0.044335       27.944141        0.531922       11.404449        3.140141        4.584242
      3551       3551.000    331.8441       60.647736       44.093106       16.554630       -0.039557       28.316282        1.477812        7.420726        2.841413        4.076429
      3552       3552.000    390.0825       60.837892       41.377937       19.459955       -0.030148       28.809591        2.686234        3.774363        2.545712        3.592185
      3553       3553.000    423.3555       60.035051       38.915212       21.119839       -0.012281       29.423681        2.936579        1.173883        2.257302        3.136049
      3554       3554.000    459.0260       59.789229       36.889903       22.899326        0.019235       30.128902        1.993842        0.056075        1.980195        2.711653
      3555       3555.000    472.7130       59.925883       36.343758       23.582125        0.071629       30.898632        0.819655        0.538330        1.708189        2.307323
      3556       3556.000    429.0686       59.569108       38.164258       21.404850        0.151743       31.687687        0.414792        2.550827        1.439779        1.919430
      3557       3557.000    363.7010       59.957355       41.813486       18.143869        0.259545       32.427876        0.734870        5.652915        1.181862        1.556418
      3558       3558.000    271.5377       59.328678       45.782540       13.546139        0.388229       33.077034        1.005102        9.157712        0.935894        1.218568
      3559       3559.000    210.4005       59.094810       48.598610       10.496200        0.512305       33.567898        0.828517       12.050796        0.716018        0.923077
      3560       3560.000    182.0058       58.982909       49.903228        9.079681        0.604078       33.874325        0.604388       13.628680        0.523105        0.668652
      3561       3561.000    183.6243       58.992785       49.832362        9.160422        0.638910       33.978439        0.850147       13.551242        0.358561        0.455063
      3562       3562.000    203.4811       58.545136       48.394120       10.151016        0.607799       33.878071        1.513123       11.890958        0.222908        0.281262
      3563       3563.000    263.0603       58.679322       45.556091       13.123231        0.523692       33.594234        2.057917        9.111124        0.119278        0.149845
      3564       3564.000    348.5480       59.036740       41.648804       17.387936        0.409948       33.153206        2.194781        5.788042        0.045653        0.057175
      3565       3565.000    421.7215       58.755435       37.717110       21.038324        0.292289       32.593079        2.130471        2.688740        0.005569        0.006963
      3566       3566.000    464.1871       58.127462       34.970666       23.156796        0.190616       31.967493        2.173728        0.627625        0.004979        0.006226
      3567       3567.000    491.3777       58.467012       33.953763       24.513248        0.112318       31.322655        2.294523        0.114249        0.048842        0.061177
      3568       3568.000    484.7293       58.767076       34.585493       24.181583        0.055607       30.682573        2.268711        1.254546        0.143543        0.180513
      3569       3569.000    461.9326       59.610995       36.566666       23.044329        0.017245       30.081095        2.062374        3.739748        0.294049        0.372156
      3570       3570.000    402.3597       59.580103       39.507677       20.072426       -0.007516       29.541357        1.876813        6.947166        0.504938        0.644918
      3571       3571.000    336.5652       59.450452       42.660302       16.790150       -0.022337       29.100235        1.798079       10.019575        0.769863        0.994887
      3572       3572.000    294.7800       59.801374       45.095750       14.705624       -0.030660       28.776901        1.609294       12.245508        1.079648        1.415059
      3573       3573.000    263.5067       59.376619       46.231121       13.145498       -0.034957       28.573830        1.160087       13.198973        1.429047        1.904141
      3574       3574.000    258.8800       59.027243       46.112555       12.914688       -0.036549       28.491590        0.740845       12.684290        1.795919        2.436459
      3575       3575.000    257.7550       58.184156       45.325593       12.858563       -0.036232       28.513353        0.843045       10.843260        2.166550        2.995617
      3576       3576.000    271.1538       57.934575       44.407584       13.526991       -0.034377       28.615400        1.617824        8.139289        2.519445        3.550003
      3577       3577.000    280.5034       57.573670       43.580262       13.993408       -0.031077       28.775780        2.752076        5.142666        2.850022        4.090795
      3578       3578.000    291.5811       57.626038       43.079998       14.546040       -0.026371       28.973204        3.849023        2.537207        3.148389        4.598546
      3579       3579.000    291.7821       57.880599       43.324531       14.556067       -0.020173       29.195061        4.851053        0.815711        3.414392        5.068488
      3580       3580.000    276.6127       58.454053       44.654736       13.799316       -0.012400       29.431877        5.856651        0.233277        3.648511        5.496820
      3581       3581.000    234.4055       58.535146       46.841410       11.693735       -0.002978       29.676998        6.668884        0.758949        3.854156        5.885401
      3582       3582.000    203.8514       59.152596       48.983109       10.169487        0.007582       29.914068        6.707845        2.097675        4.029458        6.226480
      3583       3583.000    182.4002       59.478394       50.379035        9.099359        0.018675       30.132494        5.644319        3.872266        4.181378        6.529904
      3584       3584.000    165.3758       59.214855       50.964790        8.250065        0.028481       30.306114        3.908429        5.620516        4.309480        6.791770
      3585       3585.000    162.7747       59.224482       51.104178        8.120304        0.034367       30.403704        2.398051        6.855793        4.410307        7.001956
      3586       3586.000    177.0930       59.736956       50.902358        8.834598        0.034426       30.405962        1.526124        7.290095        4.485213        7.160537
      3587       3587.000    184.0943       59.216874       50.033005        9.183869        0.027911       30.299967        1.072997        6.830305        4.534905        7.266920
      3588       3588.000    239.8286       60.347394       48.383120       11.964274        0.016366       30.093466        0.741462        5.665112        4.555476        7.311239
      3589       3589.000    285.5882       60.771625       46.524553       14.247071        0.001517       29.784864        0.813486        4.083661        4.547338        7.293686
      3590       3590.000    293.3661       60.456629       45.821542       14.635087       -0.013094       29.411489        2.087440        2.615004        4.509116        7.211587
      3591       3591.000    259.0026       59.760595       46.839791       12.920804       -0.025002       29.021656        4.655624        1.679599        4.441075        7.066839
      3592       3592.000    236.3100       60.523849       48.735105       11.788744       -0.033452       28.660427        7.427141        1.473765        4.343970        6.863254
      3593       3593.000    196.2966       60.228592       50.435990        9.792603       -0.039235       28.336233        9.277955        2.062889        4.210074        6.588073
      3594       3594.000    176.0518       60.186630       51.403974        8.782656       -0.042761       28.080399        9.695196        3.375751        4.042720        6.252669
      3595       3595.000    165.1040       60.217061       51.980554        8.236507       -0.044858       27.890007        9.236703        5.208488        3.837238        5.852976
      3596       3596.000    160.1423       60.398528       52.409547        7.988981       -0.046086       27.756117        8.499262        7.217206        3.591630        5.391419
      3597       3597.000    170.3027       60.626057       52.130204        8.495852       -0.046796       27.666872        7.368309        8.959845        3.306377        4.875597
      3598       3598.000    213.4306       60.927345       50.279981       10.647364       -0.047168       27.614565        5.402055        9.998060        2.988481        4.323988
      3599       3599.000    285.7600       61.112101       46.856455       14.255646       -0.047265       27.598932        2.817572       10.078117        2.649284        3.759814
      3600       3600.000    349.5258       60.545735       43.109021       17.436714       -0.047046       27.628389        0.779406        9.231488        2.305524        3.211260
      3601       3601.000    421.0234       61.528719       40.525217       21.003502       -0.046373       27.715582        0.406911        7.765165        1.977038        2.706894
      3602       3602.000    432.4645       61.055384       39.481127       21.574257       -0.044925       27.877522        1.743547        6.010615        1.658972        2.235396
      3603       3603.000    428.0193       60.866662       39.514159       21.352503       -0.042267       28.115242        3.872292        4.388031        1.366091        1.814771
      3604       3604.000    417.2272       60.893781       40.079663       20.814117       -0.037749       28.423639        6.017248        3.142438        1.096213        1.437875
      3605       3605.000    369.5706       59.805561       41.368875       18.436686       -0.030688       28.784035        8.238975        2.428611        0.848092        1.099851
      3606       3606.000    318.9836       59.527267       43.614208       15.913059       -0.021077       29.154049       10.738185        2.304433        0.629798        0.808821
      3607       3607.000    268.0816       59.721393       46.347669       13.373724       -0.009311       29.505503       13.179905        2.672643        0.439364        0.559565
      3608       3608.000    236.6215       60.225992       48.421708       11.804284        0.003452       29.812208       14.632113        3.342755        0.278692        0.352488
      3609       3609.000    233.3109       60.509269       48.870144       11.639126        0.015531       30.055296       14.406771        4.051582        0.151006        0.189957
      3610       3610.000    255.2861       60.378256       47.642855       12.735401        0.024885       30.219311       12.746632        4.513680        0.061400        0.076948
      3611       3611.000    297.2091       60.267452       45.440647       14.826805        0.029960       30.298655       10.554042        4.531190        0.011908        0.014892
      3612       3612.000    350.9386       60.337732       42.830537       17.507195        0.030397       30.299879        8.433722        4.064883        0.000736        0.000920
      3613       3613.000    398.0674       59.840814       39.982518       19.858295        0.026817       30.235470        6.445975        3.215024        0.026310        0.032923
      3614       3614.000    462.6023       60.295755       37.218019       23.077736        0.020472       30.121655        4.683220        2.195993        0.087236        0.109443
      3615       3615.000    502.9771       60.390683       35.298779       25.091904        0.012477       29.970007        3.658058        1.238428        0.185773        0.234036
      3616       3616.000    493.9454       59.850403       35.209060       24.641342        0.003953       29.793659        4.076508        0.600891        0.323765        0.410286
      3617       3617.000    460.5485       60.104560       37.129281       22.975279       -0.004199       29.606037        5.937962        0.450494        0.500223        0.638765
      3618       3618.000    398.2038       60.207969       40.342864       19.865105       -0.011553       29.415491        8.501159        0.797646        0.716458        0.923663
      3619       3619.000    326.4245       60.108128       43.823864       16.284264       -0.017697       29.235632       10.880235        1.497259        0.967244        1.261192
      3620       3620.000    257.9741       59.744555       46.875060       12.869495       -0.022359       29.082933       12.643294        2.287784        1.242486        1.640920
      3621       3621.000    221.5058       60.155159       49.104948       11.050212       -0.025350       28.976309       13.680559        2.899616        1.528025        2.045789
      3622       3622.000    199.0038       60.088181       50.160521        9.927660       -0.026641       28.929657       13.781962        3.175971        1.823004        2.476568
      3623       3623.000    217.5271       60.384684       49.532956       10.851727       -0.026038       28.957426       12.527701        3.047771        2.112873        2.913223
      3624       3624.000    257.5097       60.049238       47.202908       12.846330       -0.023307       29.064676        9.854548        2.554043        2.397337        3.355611
      3625       3625.000    319.1851       59.976525       44.053412       15.923113       -0.018264       29.241743        6.550250        1.828215        2.665393        3.786075
      3626       3626.000    378.6543       60.181760       41.291921       18.889839       -0.010695       29.472546        3.671480        1.039221        2.916733        4.202637
      3627       3627.000    401.6706       59.841351       39.803303       20.038048       -0.000634       29.734245        1.936098        0.383002        3.149726        4.600865
      3628       3628.000    406.4934       60.096263       39.817619       20.278645        0.011227       29.996849        1.446496        0.039006        3.357503        4.966537
      3629       3629.000    374.8296       59.929285       41.230247       18.699038        0.024070       30.241764        2.045947        0.081750        3.540076        5.296639
      3630       3630.000    321.2050       60.017740       43.993860       16.023880        0.036550       30.450962        3.764846        0.466938        3.693590        5.580975
      3631       3631.000    248.4020       60.349074       47.957100       12.391973        0.047626       30.618399        6.609447        1.045617        3.818622        5.817389
      3632       3632.000    156.8353       60.285440       52.461435        7.824004        0.056593       30.743958       10.106511        1.631809        3.916649        6.005916
      3633       3633.000     84.0673       60.413758       56.219911        4.193847        0.062741       30.826090       13.160597        2.041296        3.986724        6.142462
      3634       3634.000     44.6151       60.530340       58.304638        2.225702        0.065708       30.865515       14.936956        2.175368        4.031192        6.229899
      3635       3635.000     38.1391       60.419965       58.517331        1.902635        0.064931       30.857422       15.256200        2.018224        4.051169        6.269385
      3636       3636.000     60.5366       60.238937       57.218960        3.019977        0.059981       30.794901       14.400237        1.658615        4.046023        6.259202
      3637       3637.000    118.5881       60.718626       54.802650        5.915976        0.051047       30.674330       12.599504        1.261028        4.016263        6.200478
      3638       3638.000    189.5594       60.806902       51.350396        9.456507        0.038454       30.488449        9.757858        1.017054        3.959447        6.089133
      3639       3639.000    250.1848       59.980210       47.499296       12.480914        0.024381       30.254564        6.266414        1.147127        3.877167        5.929642
      3640       3640.000    315.2491       60.041407       44.314649       15.726759        0.011230       30.003380        3.075052        1.721397        3.772993        5.730597
      3641       3641.000    341.3659       59.662306       42.632662       17.029644        0.000045       29.755796        1.040927        2.703586        3.643958        5.488350
      3642       3642.000    335.8766       59.510539       42.754737       16.755802       -0.008144       29.546865        0.584942        3.930971        3.491722        5.208380
      3643       3643.000    294.8044       58.792083       44.085241       14.706841       -0.013165       29.402338        1.299552        5.191661        3.314627        4.890228
      3644       3644.000    263.0371       58.891045       45.768971       13.122074       -0.015068       29.341021        2.569848        6.217382        3.115017        4.540771
      3645       3645.000    222.1820       58.530205       47.446262       11.083942       -0.014101       29.364801        4.253699        6.803419        2.886541        4.151903
      3646       3646.000    194.7045       58.683432       48.970255        9.713177       -0.010351       29.466539        6.384171        6.758444        2.634954        3.736497
      3647       3647.000    174.2790       58.699557       50.005339        8.694218       -0.003621       29.636003        8.699315        6.018080        2.359549        3.296012
      3648       3648.000    174.3617       58.576201       49.877857        8.698344        0.006363       29.858744       10.386003        4.704425        2.071805        2.850516
      3649       3649.000    207.7119       58.631821       48.269747       10.362074        0.020047       30.122307       10.786009        3.135132        1.785376        2.420876
      3650       3650.000    259.0521       58.641594       45.718321       12.923273        0.038377       30.422361       10.031825        1.701038        1.507878        2.016841
      3651       3651.000    305.2326       58.501668       43.274599       15.227070        0.062295       30.752178        8.785253        0.778409        1.247930        1.648533
      3652       3652.000    343.6730       58.683236       41.538499       17.144737        0.092386       31.100874        7.430752        0.582982        1.010836        1.320669
      3653       3653.000    389.3229       59.706236       40.284170       19.422066        0.128767       31.456465        5.744762        1.130237        0.795174        1.028765
      3654       3654.000    398.5425       59.065699       39.183697       19.882002        0.170397       31.803061        3.537786        2.310425        0.596758        0.765271
      3655       3655.000    403.0977       58.633316       38.524072       20.109243        0.210478       32.094086        1.453476        3.802305        0.424040        0.539688
      3656       3656.000    387.3451       58.161530       38.838131       19.323399        0.241187       32.297001        0.437991        5.235883        0.276450        0.349618
      3657       3657.000    364.3001       58.307062       40.133306       18.173756        0.254232       32.382114        0.911354        6.231309        0.156889        0.197407
      3658       3658.000    339.4214       58.482036       41.549400       16.932636        0.244848       32.331600        2.300646        6.519047        0.068008        0.085252
      3659       3659.000    330.1499       58.521084       42.050972       16.470112        0.213747       32.138565        3.657798        6.007717        0.014726        0.018419
      3660       3660.000    352.1093       59.034782       41.469186       17.565596        0.167489       31.810581        4.638710        4.851535        0.000387        0.000484
      3661       3661.000    366.3057       58.882816       40.609009       18.273808        0.115124       31.363371        5.691825        3.379222        0.026413        0.033053
      3662       3662.000    380.5828       59.232548       40.246500       18.986048        0.066865       30.840508        7.099186        2.032357        0.092062        0.115522
      3663       3663.000    374.6864       58.887409       40.195512       18.691896        0.027756       30.279749        8.274074        1.167910        0.197320        0.248704
      3664       3664.000    390.1457       59.198000       39.734892       19.463108       -0.000197       29.734190        8.154629        1.074425        0.340299        0.431547
      3665       3665.000    407.0298       59.080682       38.775277       20.305405       -0.019093       29.224855        6.459612        1.911861        0.525828        0.672214
      3666       3666.000    410.5206       58.761887       38.282337       20.479549       -0.031161       28.772558        4.110553        3.696566        0.756623        0.977198
      3667       3667.000    387.1296       58.545388       39.232741       19.312647       -0.038652       28.382130        2.293412        6.207687        1.034755        1.353409
      3668       3668.000    339.5514       58.450177       41.511052       16.939125       -0.043249       28.049143        1.363569        8.976657        1.359494        1.805439
      3669       3669.000    297.0233       58.828725       44.011189       14.817535       -0.046029       27.769110        0.872607       11.362961        1.723202        2.329339
      3670       3670.000    254.2398       58.457242       45.774037       12.683205       -0.047674       27.538681        0.456218       12.791615        2.116468        2.918729
      3671       3671.000    245.4737       58.871885       46.625995       12.245890       -0.048547       27.371138        0.372431       12.888731        2.508991        3.533252
      3672       3672.000    230.0876       58.500768       47.022440       11.478329       -0.048938       27.273714        1.047065       11.691289        2.894332        4.164978
      3673       3673.000    225.4819       58.371219       47.122657       11.248562       -0.048963       27.263409        2.311552        9.581407        3.246084        4.769168
      3674       3674.000    244.7675       58.873373       46.662713       12.210660       -0.048605       27.347670        3.420610        7.046689        3.561115        5.335235
      3675       3675.000    277.7709       59.445769       45.588676       13.857094       -0.047648       27.527699        3.829506        4.563985        3.845786        5.869348
      3676       3676.000    286.8241       58.859007       44.550277       14.308730       -0.045694       27.791307        3.662296        2.675778        4.100051        6.366538
      3677       3677.000    283.5006       58.627825       44.484895       14.142930       -0.042419       28.102406        3.440066        1.867306        4.314789        6.802747
      3678       3678.000    252.1842       58.338967       45.758310       12.580656       -0.037610       28.432281        3.394938        2.294914        4.494162        7.179625
      3679       3679.000    214.1353       58.708592       48.026075       10.682517       -0.031510       28.747375        3.336390        3.843440        4.638515        7.491864
      3680       3680.000    147.6842       58.100275       50.732788        7.367487       -0.024611       29.029078        3.061544        6.170052        4.752436        7.744289
      3681       3681.000    101.3681       58.260535       53.203609        5.056926       -0.018379       29.241610        2.708295        8.520807        4.830587        7.920689
      3682       3682.000     60.0901       58.191478       55.193777        2.997701       -0.013626       29.385056        2.530288       10.383091        4.878585        8.030384
      3683       3683.000     41.3192       58.286409       56.225126        2.061283       -0.011357       29.449379        2.586264       11.235638        4.895623        8.069579
      3684       3684.000     47.4790       58.264669       55.896096        2.368573       -0.011880       29.436007        2.665246       10.884529        4.882596        8.039598
      3685       3685.000     90.7139       58.626683       54.101257        4.525426       -0.015018       29.347815        2.597105        9.390462        4.839626        7.941267
      3686       3686.000    147.3172       58.488505       51.139327        7.349177       -0.020327       29.184326        2.448983        6.994063        4.763402        7.768880
      3687       3687.000    207.0329       58.179728       47.851523       10.328205       -0.026635       28.960819        2.360793        4.369085        4.656377        7.531083
      3688       3688.000    266.0289       58.140076       44.868754       13.271322       -0.032938       28.691378        2.268563        2.190880        4.518715        7.232156
      3689       3689.000    299.9891       57.589030       42.623540       14.965490       -0.038514       28.390089        2.023680        1.028119        4.348172        6.871994
      3690       3690.000    322.7155       57.668265       41.569031       16.099234       -0.042797       28.085056        1.685518        1.232316        4.147451        6.461487
      3691       3691.000    311.4650       57.498486       41.960503       15.537983       -0.045758       27.797747        1.501734        2.796478        3.912474        5.997829
      3692       3692.000    276.4985       57.415366       43.621748       13.793617       -0.047526       27.560295        1.576293        5.396840        3.645195        5.490652
      3693       3693.000    233.7117       57.449264       45.790139       11.659124       -0.048419       27.398991        1.646534        8.502064        3.345623        4.945347
      3694       3694.000    202.2182       57.643081       47.555070       10.088011       -0.048722       27.332342        1.385884       11.504936        3.013708        4.366922
      3695       3695.000    190.1991       57.876734       48.388316        9.488419       -0.048566       27.368952        0.844658       13.813294        2.649619        3.760359
      3696       3696.000    210.6869       58.691763       48.181274       10.510489       -0.047852       27.508577        0.434706       14.887034        2.259437        3.139371
      3697       3697.000    239.0573       58.788870       46.863075       11.925796       -0.046187       27.749084        0.430801       14.371221        1.846580        2.511576
      3698       3698.000    278.7610       58.192665       44.286182       13.906484       -0.042962       28.072403        0.617906       12.261228        1.447362        1.930246
      3699       3699.000    341.3730       57.679064       40.649067       17.029997       -0.037318       28.460939        0.618366        9.083764        1.091683        1.431633
      3700       3700.000    407.7632       57.181604       36.839611       20.341993       -0.027824       28.912016        0.532693        5.612215        0.789435        1.021077
      3701       3701.000    466.5952       57.435482       34.158556       23.276926       -0.012274       29.425392        0.849468        2.656448        0.543794        0.695728
      3702       3702.000    480.2137       57.283375       33.327062       23.956312        0.013062       30.008196        1.730871        0.782915        0.349119        0.442899
      3703       3703.000    456.2807       56.773518       34.011145       22.762373        0.052750       30.646658        2.557257        0.296415        0.202621        0.255444
      3704       3704.000    432.0043       56.830710       35.279410       21.551300        0.111329       31.313717        2.491302        1.139488        0.099137        0.124437
      3705       3705.000    397.7607       56.629604       36.786610       19.842995        0.192414       31.981060        1.487991        3.051111        0.032879        0.041155
      3706       3706.000    345.0628       56.144757       38.930688       17.214069        0.292341       32.595665        0.429228        5.608127        0.002367        0.002960
      3707       3707.000    282.8306       56.007189       41.897684       14.109505        0.396688       33.099888        0.153400        8.232299        0.006848        0.008562
      3708       3708.000    215.5855       55.698502       44.943639       10.754864        0.484497       33.454498        0.575411       10.326526        0.045599        0.057107
      3709       3709.000    194.3706       56.397183       46.700664        9.696520        0.533027       33.629528        0.936549       11.339346        0.116224        0.145989
      3710       3710.000    216.5084       57.298014       46.497108       10.800906        0.531304       33.621353        0.803436       11.041917        0.220677        0.278420
      3711       3711.000    256.7104       57.573268       44.766814       12.806454        0.478653       33.426296        0.558411        9.487918        0.359396        0.456139
      3712       3712.000    291.3850       57.269890       42.733631       14.536260        0.391029       33.065842        0.944951        7.134790        0.525385        0.671634
      3713       3713.000    336.6288       57.927132       41.133808       16.793324        0.292458       32.585129        2.007463        4.622141        0.710663        0.915955
      3714       3714.000    368.9247       58.215199       39.810735       18.404465        0.199397       32.018204        3.002896        2.476304        0.918696        1.195237
      3715       3715.000    383.5511       57.747662       38.613533       19.134129        0.123863       31.420591        3.166090        1.245446        1.148046        1.509497
      3716       3716.000    381.5503       57.012184       37.977873       19.034311        0.068798       30.843464        2.544423        1.268312        1.395883        1.856991
      3717       3717.000    361.0905       56.671883       38.658241       18.013641        0.030896       30.315565        1.824380        2.587786        1.661107        2.238507
      3718       3718.000    319.0597       56.826535       40.909676       15.916859        0.005314       29.845043        1.474477        4.982508        1.944466        2.657868
      3719       3719.000    250.1619       56.593814       44.114045       12.479769       -0.011848       29.432516        1.340625        7.991383        2.244781        3.116589
      3720       3720.000    187.7536       56.498941       47.132519        9.366423       -0.022984       29.088797        1.049818       10.873306        2.547891        3.595690
      3721       3721.000    146.8359       56.597393       49.272225        7.325168       -0.030013       28.818220        0.610127       12.953631        2.842319        4.077940
      3722       3722.000    124.1586       56.666396       50.472526        6.193870       -0.034171       28.627106        0.405269       13.805390        3.119835        4.549097
      3723       3723.000    119.9661       56.818900       50.834178        5.984722       -0.036107       28.527899        0.682953       13.296890        3.371319        4.991224
      3724       3724.000    123.6641       56.483507       50.314304        6.169203       -0.036118       28.530323        1.241761       11.589553        3.593646        5.395139
      3725       3725.000    144.1416       56.119712       48.928954        7.190758       -0.034182       28.635794        1.685002        9.124648        3.777862        5.739830
      3726       3726.000    168.3002       55.463130       47.067178        8.395952       -0.030023       28.833935        1.950721        6.359046        3.927172        6.026327
      3727       3727.000    205.7501       55.707775       45.443565       10.264210       -0.023309       29.100954        2.282295        3.787859        4.042846        6.252920
      3728       3728.000    221.6336       55.599657       44.543072       11.056585       -0.013325       29.422609        2.841144        1.728158        4.132676        6.431810
      3729       3729.000    219.8017       55.462587       44.497393       10.965195       -0.000148       29.763197        3.401276        0.577090        4.196155        6.559823
      3730       3730.000    211.7482       55.620462       45.057030       10.563433        0.015622       30.093679        3.613791        0.462565        4.234191        6.637180
      3731       3731.000    198.7126       55.939465       46.026333        9.913132        0.033024       30.395763        3.416873        1.267324        4.247989        6.665360
      3732       3732.000    172.7472       55.932916       47.315116        8.617800        0.050578       30.655149        3.035597        2.691484        4.237788        6.644519
      3733       3733.000    142.9508       55.754969       48.623616        7.131353        0.065993       30.855314        2.646681        4.277550        4.203453        6.574625
      3734       3734.000    119.5158       55.374913       49.412655        5.962257        0.076998       30.985285        2.180002        5.569487        4.144776        6.456107
      3735       3735.000    125.8651       55.563322       49.284317        6.279006        0.081689       31.036783        1.582744        6.230268        4.061996        6.290837
      3736       3736.000    144.8792       55.549521       48.321963        7.227557        0.079197       31.006056        1.073292        6.143753        3.949644        6.070023
      3737       3737.000    182.2194       56.052441       46.962102        9.090340        0.069447       30.888233        1.060752        5.339451        3.807686        5.796533
      3738       3738.000    203.9575       55.685919       45.511136       10.174783        0.053428       30.679150        1.676769        4.007484        3.630660        5.463645
      3739       3739.000    232.0324       55.679724       44.104374       11.575350        0.034372       30.396517        2.588652        2.566542        3.427036        5.091256
      3740       3740.000    253.3782       55.419013       42.778791       12.640223        0.014853       30.053104        3.455044        1.380148        3.195354        4.680287
      3741       3741.000    269.1569       55.302208       41.874838       13.427370       -0.002521       29.677183        4.260273        0.756085        2.940725        4.243092
      3742       3742.000    270.3385       55.184474       41.698159       13.486315       -0.016465       29.296749        5.156936        0.810224        2.665107        3.785607
      3743       3743.000    272.2015       55.648097       42.068845       13.579252       -0.026628       28.943214        5.975714        1.488503        2.372163        3.315879
      3744       3744.000    260.5120       55.329006       42.332902       12.996104       -0.033584       28.636271        6.203043        2.636653        2.059197        2.831322
      3745       3745.000    275.0013       55.621537       41.902610       13.718927       -0.037866       28.402578        5.474934        3.970080        1.739543        2.353340
      3746       3746.000    311.1957       56.325237       40.800688       15.524549       -0.040350       28.242508        4.076906        5.230270        1.411780        1.879573
      3747       3747.000    341.6949       56.562824       39.516769       17.046055       -0.041623       28.150991        2.757291        6.149478        1.082141        1.418491
      3748       3748.000    344.0641       55.561401       38.397151       17.164249       -0.042035       28.120092        2.070187        6.480140        0.771582        0.997185
      3749       3749.000    359.2029       55.269725       37.350256       17.919470       -0.041795       28.138924        1.963887        6.135282        0.506717        0.647240
      3750       3750.000    381.5689       55.331520       36.296276       19.035244       -0.040986       28.198484        2.239335        5.233658        0.293865        0.371919
      3751       3751.000    396.0516       55.464706       35.706970       19.757736       -0.039566       28.294960        3.097361        4.041372        0.138592        0.174250
      3752       3752.000    393.6961       55.914057       36.273829       19.640228       -0.037390       28.427954        4.900030        2.887770        0.042387        0.053078
      3753       3753.000    350.0440       55.601882       38.139316       17.462566       -0.034209       28.598991        7.529116        2.041110        0.001915        0.002393
      3754       3754.000    285.8107       54.782779       40.524604       14.258175       -0.029844       28.801754       10.064568        1.660698        0.012187        0.015241
      3755       3755.000    254.9261       55.125812       42.408370       12.717443       -0.024294       29.022591       11.527304        1.736357        0.064974        0.081439
      3756       3756.000    240.2043       55.550850       43.567833       11.983017       -0.017525       29.253326       11.800569        2.174693        0.157981        0.198789
      3757       3757.000    219.5669       55.284772       44.331286       10.953486       -0.010138       29.470943       11.360639        2.849714        0.291385        0.368742
      3758       3758.000    218.9618       55.722729       44.799432       10.923297       -0.003546       29.642944       10.551650        3.563876        0.459190        0.585319
      3759       3759.000    223.6510       55.708760       44.551535       11.157226        0.001062       29.753347        9.128097        4.152998        0.663136        0.852894
      3760       3760.000    263.2306       56.289717       43.157991       13.131725        0.002530       29.787014        6.853009        4.460283        0.893725        1.161430
      3761       3761.000    299.7429       55.861919       40.908716       14.953203        0.000596       29.742500        4.075461        4.428698        1.149688        1.511773
      3762       3762.000    333.3005       55.544048       38.916761       16.627287       -0.004060       29.630606        1.900447        4.092591        1.414185        1.882992
      3763       3763.000    352.2888       55.573683       37.999128       17.574554       -0.010213       29.470510        1.030443        3.559584        1.681106        2.267698
      3764       3764.000    338.2674       55.059772       38.184703       16.875069       -0.016637       29.284969        1.336753        2.967118        1.948527        2.663973
      3765       3765.000    312.3098       54.595981       39.015850       15.580131       -0.022334       29.100052        2.199379        2.466085        2.209998        3.062670
      3766       3766.000    279.4760       54.233941       40.291788       13.942153       -0.026959       28.931564        3.290296        2.168907        2.464998        3.462981
      3767       3767.000    245.5041       54.493149       42.245741       12.247408       -0.030550       28.785801        4.771552        2.140296        2.713628        3.865015
      3768       3768.000    194.4101       54.688432       44.989940        9.698492       -0.033375       28.659063        6.745796        2.382362        2.960152        4.275941
      3769       3769.000    140.0093       54.860250       47.875639        6.984612       -0.035615       28.548420        8.659855        2.813484        3.200397        4.689098
      3770       3770.000    106.8090       55.175022       49.846663        5.328359       -0.037391       28.452156        9.637862        3.271710        3.428475        5.093851
      3771       3771.000     93.6069       55.017790       50.348043        4.669747       -0.038752       28.371826        9.304813        3.583542        3.641967        5.484647
      3772       3772.000    108.6409       55.040365       49.620620        5.419744       -0.039572       28.320406        8.076072        3.605547        3.826236        5.831932
      3773       3773.000    146.6545       55.571133       48.255014        7.316119       -0.039732       28.310917        6.564618        3.305207        3.981592        6.132412
      3774       3774.000    185.9189       55.795502       46.520606        9.274896       -0.039022       28.358847        4.976979        2.723549        4.111283        6.388970
      3775       3775.000    214.7278       55.209167       44.497091       10.712076       -0.037163       28.474123        3.273151        1.984677        4.211444        6.590858
      3776       3776.000    255.8226       55.281268       42.519103       12.762165       -0.033918       28.651508        1.647335        1.244263        4.279644        6.730270
      3777       3777.000    274.1989       54.956161       41.277264       13.678897       -0.028917       28.883257        0.690170        0.601271        4.319334        6.812149
      3778       3778.000    280.5478       55.487283       41.491657       13.995625       -0.022161       29.143415        1.035036        0.169425        4.330551        6.835391
      3779       3779.000    262.5058       56.248354       43.152787       13.095567       -0.013708       29.413107        2.631289        0.007635        4.313788        6.800676
      3780       3780.000    216.1944       56.390319       45.605079       10.785240       -0.004080       29.670219        4.822847        0.139587        4.268705        6.707800
      3781       3781.000    160.4744       56.045161       48.039611        8.005549        0.005590       29.890932        6.882004        0.502709        4.196947        6.561430
      3782       3782.000    114.2720       55.768328       50.067667        5.700661        0.014127       30.062235        8.566950        0.951722        4.102069        6.370564
      3783       3783.000     74.5930       55.302749       51.581546        3.721203        0.020989       30.186653        9.904794        1.341997        3.986022        6.141090
      3784       3784.000     70.7293       55.701498       52.173042        3.528456        0.025905       30.269148       10.572085        1.565786        3.854348        5.885770
      3785       3785.000     87.5587       55.773217       51.405195        4.368022        0.029664       30.328588       10.156991        1.622700        3.691043        5.576209
      3786       3786.000    133.6095       55.849288       49.183943        6.665344        0.032257       30.367640        8.508916        1.546287        3.501912        5.226932
      3787       3787.000    189.4212       55.558168       46.108554        9.449614        0.033693       30.387747        6.136606        1.427696        3.285017        4.837795
      3788       3788.000    245.8029       55.430735       43.168421       12.262314        0.033821       30.386919        3.901037        1.383998        3.043994        4.418653
      3789       3789.000    275.5763       54.667039       40.919428       13.747610        0.032612       30.364220        2.260487        1.513540        2.777801        3.970769
      3790       3790.000    314.3336       55.149082       39.467991       15.681091        0.030374       30.323677        1.255935        1.848927        2.496237        3.512841
      3791       3791.000    334.0839       55.401491       38.735126       16.666365        0.027647       30.273111        0.839890        2.363921        2.193455        3.037101
      3792       3792.000    342.3497       56.022005       38.943285       17.078720        0.025378       30.228525        1.300591        2.947852        1.879835        2.561105
      3793       3793.000    321.2283       56.249739       40.224695       16.025043        0.024634       30.209606        2.878864        3.456718        1.561236        2.093637
      3794       3794.000    271.7852       55.693129       42.134640       13.558489        0.026563       30.237455        5.227771        3.739826        1.250665        1.652359
      3795       3795.000    238.7479       55.575277       43.664917       11.910360        0.032163       30.326668        7.390052        3.695366        0.963955        1.256713
      3796       3796.000    223.1017       55.235825       44.106000       11.129825        0.042454       30.484133        8.672094        3.299409        0.702631        0.905279
      3797       3797.000    228.1922       54.827830       43.444059       11.383771        0.058113       30.702906        8.994142        2.607527        0.475210        0.606162
      3798       3798.000    247.0802       54.455864       42.129831       12.326033        0.079476       30.967127        8.675923        1.754891        0.288004        0.364410
      3799       3799.000    270.9951       54.024218       40.505145       13.519073        0.106315       31.256163        7.872422        0.940933        0.145864        0.183449
      3800       3800.000    295.0452       53.399353       38.680500       14.718853        0.137414       31.546761        6.490923        0.388107        0.052068        0.065227
      3801       3801.000    327.0120       53.196602       36.883030       16.313572        0.170349       31.816013        4.624196        0.258407        0.006250        0.007814
      3802       3802.000    345.1185       52.835357       35.618509       17.216848        0.202341       32.048874        2.768429        0.589227        0.004283        0.005355
      3803       3803.000    345.7636       52.634993       35.385962       17.249031        0.229232       32.227737        1.554082        1.281712        0.041382        0.051817
      3804       3804.000    336.1306       52.903981       36.135508       16.768473        0.246949       32.339600        1.161963        2.133473        0.112383        0.141141
      3805       3805.000    325.9442       53.607776       37.347472       16.260303        0.252139       32.374203        1.321639        2.914394        0.214518        0.270579
      3806       3806.000    296.1006       53.339762       38.568260       14.771502        0.242540       32.321098        1.800154        3.415062        0.347977        0.441429
      3807       3807.000    263.5447       52.815054       39.667658       13.147395        0.218413       32.174156        2.649898        3.469037        0.507670        0.648485
      3808       3808.000    245.5739       52.935401       40.684512       12.250889        0.182785       31.933319        3.947005        3.044307        0.689395        0.887702
      3809       3809.000    232.9267       53.088834       41.468871       11.619964        0.139667       31.596748        5.438735        2.236036        0.894800        1.162884
      3810       3810.000    234.1248       53.328010       41.648282       11.679729        0.094875       31.174545        6.511222        1.274802        1.120898        1.471939
      3811       3811.000    243.5242       53.276149       41.127511       12.148638        0.053621       30.683573        6.754199        0.460154        1.364063        1.811902
      3812       3812.000    259.1089       53.319295       40.393189       12.926105        0.019899       30.156231        6.354316        0.073849        1.616001        2.172894
      3813       3813.000    266.5472       53.393925       40.096744       13.297181       -0.005223       29.623524        5.783462        0.272504        1.872425        2.550053
      3814       3814.000    279.1429       54.332077       40.406540       13.925536       -0.022364       29.120222        5.159664        1.080627        2.129578        2.938813
      3815       3815.000    264.6894       54.185934       40.981437       13.204497       -0.033509       28.661766        4.156055        2.453111        2.393874        3.350140
      3816       3816.000    259.0957       54.407126       41.481677       12.925449       -0.040040       28.286808        2.657346        4.155971        2.654037        3.767555
      3817       3817.000    255.4247       54.868417       42.126105       12.742311       -0.043772       27.995281        1.132165        5.933668        2.912780        4.195983
      3818       3818.000    240.4372       55.416241       43.421606       11.994635       -0.045877       27.779261        0.413002        7.468275        3.170310        4.636636
      3819       3819.000    205.3172       55.601524       45.358913       10.242611       -0.047056       27.626705        0.865021        8.408689        3.422489        5.083066
      3820       3820.000    166.7793       55.426237       47.106155        8.320083       -0.047691       27.527670        1.985262        8.470487        3.657281        5.513146
      3821       3821.000    143.6052       54.981158       47.817157        7.164001       -0.047978       27.475540        3.013507        7.614381        3.861741        5.899966
      3822       3822.000    139.9835       54.528606       47.545282        6.983324       -0.047992       27.469374        3.782675        6.091132        4.027492        6.222601
      3823       3823.000    155.2431       54.792426       47.047848        7.744578       -0.047712       27.513861        4.649493        4.302978        4.154188        6.475040
      3824       3824.000    164.1064       55.067093       46.880353        8.186740       -0.046995       27.620117        5.782177        2.607981        4.249211        6.667861
      3825       3825.000    160.5925       54.929925       46.918481        8.011444       -0.045574       27.795956        6.649510        1.403262        4.314070        6.801258
      3826       3826.000    158.3583       54.567407       46.667423        7.899983       -0.043104       28.035833        6.500654        0.949942        4.349450        6.874648
      3827       3827.000    162.9961       54.271764       46.140417        8.131348       -0.039237       28.322912        5.316828        1.292351        4.357063        6.890500
      3828       3828.000    159.7693       53.966662       45.996285        7.970377       -0.033774       28.633549        3.871731        2.335419        4.338166        6.851194
      3829       3829.000    157.5258       54.596383       46.737931        7.858452       -0.027015       28.934763        2.914450        3.864248        4.293238        6.758248
      3830       3830.000    138.7328       55.056777       48.135844        6.920932       -0.019378       29.210701        2.440387        5.678133        4.219256        6.606746
      3831       3831.000    118.0063       55.189502       49.302550        5.886952       -0.012232       29.428984        1.969127        7.401603        4.116221        6.398847
      3832       3832.000    113.6564       55.223819       49.553867        5.669952       -0.007249       29.564650        1.251891        8.615987        3.986523        6.142066
      3833       3833.000    126.7912       55.370497       49.045292        6.325205       -0.005515       29.609390        0.711396        9.056993        3.831339        5.841688
      3834       3834.000    153.3795       55.947439       48.295828        7.651610       -0.007176       29.567402        0.918421        8.669127        3.649464        5.498591
      3835       3835.000    178.0803       56.302262       47.418412        8.883850       -0.011584       29.449987        1.864422        7.573348        3.435577        5.106661
      3836       3836.000    206.7793       56.359627       46.044077       10.315551       -0.017471       29.278112        2.833059        6.082461        3.192540        4.675375
      3837       3837.000    249.2676       56.404711       43.969552       12.435159       -0.023624       29.074566        3.170702        4.611817        2.922962        4.213130
      3838       3838.000    296.9238       56.528234       41.715665       14.812569       -0.029342       28.854656        2.960209        3.582672        2.625819        3.721653
      3839       3839.000    330.8763       56.689270       40.182919       16.506351       -0.034311       28.627657        2.707837        3.376141        2.301160        3.204435
      3840       3840.000    336.6849       56.612863       39.816739       16.796124       -0.038412       28.400770        2.611694        4.218140        1.953339        2.671207
      3841       3841.000    316.6515       56.101424       40.304702       15.796721       -0.041596       28.184422        2.399845        6.025956        1.594440        2.141636
      3842       3842.000    292.3710       55.660754       41.075309       14.585445       -0.043866       27.994431        1.887118        8.352395        1.243247        1.641984
      3843       3843.000    275.2156       55.569422       41.839806       13.729616       -0.045305       27.848310        1.340271       10.591011        0.915123        1.190395
      3844       3844.000    261.8617       55.529275       42.465842       13.063434       -0.045998       27.765713        1.128494       12.197115        0.621995        0.798523
      3845       3845.000    261.5698       55.628410       42.579540       13.048870       -0.045947       27.767704        1.221709       12.779999        0.377101        0.478974
      3846       3846.000    291.0836       56.172059       41.650835       14.521224       -0.044987       27.870207        1.218303       12.179707        0.189208        0.238398
      3847       3847.000    343.2993       56.626031       39.499936       17.126095       -0.042645       28.082314        0.877109       10.440982        0.063097        0.079080
      3848       3848.000    414.4447       57.316141       36.640831       20.675310       -0.038065       28.400019        0.421988        7.846972        0.004407        0.005510
      3849       3849.000    449.6387       56.365847       33.934822       22.431025       -0.029879       28.811495        0.230730        4.891725        0.013663        0.017089
      3850       3850.000    508.7493       57.525038       32.145178       25.379860       -0.016802       29.280010        0.366672        2.327594        0.083263        0.104442
      3851       3851.000    514.9294       57.266198       31.578030       25.688168        0.003647       29.802959        0.632807        0.674000        0.205505        0.259112
      3852       3852.000    485.2609       56.769101       32.561002       24.208099        0.032801       30.342020        0.962367        0.394569        0.365385        0.463860
      3853       3853.000    433.4987       56.794645       35.168791       21.625854        0.071217       30.869631        1.508850        1.467574        0.548986        0.702532
      3854       3854.000    349.2846       56.436269       39.011588       17.424681        0.118198       31.365164        2.270793        3.543424        0.748137        0.965872
      3855       3855.000    280.1065       57.037489       43.063881       13.973608        0.169125       31.794859        2.860624        6.042459        0.953849        1.242965
      3856       3856.000    215.2947       57.205247       46.464891       10.740356        0.218315       32.142834        2.935339        8.460198        1.169272        1.538932
      3857       3857.000    164.0889       56.936352       48.750488        8.185864        0.255531       32.376011        2.635618       10.243884        1.390330        1.849113
      3858       3858.000    138.2347       56.838639       49.942554        6.896085        0.271084       32.469482        2.470758       10.955058        1.610810        2.165362
      3859       3859.000    134.9611       56.800986       50.068211        6.732775        0.261221       32.416924        2.650117       10.421186        1.830731        2.488032
      3860       3860.000    169.1975       57.298082       48.857366        8.440716        0.228635       32.222828        2.792319        8.752049        2.047697        2.813839
      3861       3861.000    224.2034       57.386959       46.202177       11.184782        0.180120       31.894255        2.404394        6.309522        2.265335        3.148551
      3862       3862.000    279.3190       56.878260       42.943935       13.934325        0.126967       31.463028        1.607272        3.794800        2.474207        3.477662
      3863       3863.000    326.7245       56.825217       40.525989       16.299229        0.078827       30.974474        1.136652        1.882763        2.666079        3.787194
      3864       3864.000    333.4064       56.448309       39.815739       16.632570        0.039910       30.465170        1.420735        0.971562        2.841608        4.076755
      3865       3865.000    311.3765       56.100934       40.567367       15.533567        0.011906       29.986240        1.978019        1.252738        2.998108        4.340356
      3866       3866.000    289.2509       56.306206       41.876414       14.429791       -0.006670       29.574915        1.928591        2.667069        3.135796        4.576714
      3867       3867.000    254.4966       56.110741       43.414728       12.696013       -0.018490       29.245422        1.102691        5.037857        3.257679        4.789568
      3868       3868.000    207.7517       55.958256       45.594194       10.364062       -0.025569       29.007517        0.307516        7.969398        3.361557        4.973775
      3869       3869.000    143.2427       55.824959       48.679045        7.145914       -0.029602       28.852768        0.375245       10.911336        3.445221        5.124077
      3870       3870.000     78.2333       55.795013       51.892203        3.902809       -0.031667       28.767426        1.224972       13.195068        3.504591        5.231813
      3871       3871.000     38.4917       55.749598       53.829369        1.920229       -0.032377       28.738447        2.054529       14.243519        3.536026        5.289225
      3872       3872.000     40.6529       55.740668       53.712628        2.028040       -0.031953       28.759823        2.368350       13.785808        3.537916        5.292685
      3873       3873.000     80.6991       56.071035       52.045219        4.025816       -0.030248       28.835947        2.536998       11.946057        3.511697        5.244767
      3874       3874.000    125.0906       56.162014       49.921649        6.240365       -0.026594       28.984428        3.267326        9.088829        3.458879        5.148781
      3875       3875.000    161.8595       56.195920       48.121270        8.074650       -0.020035       29.216421        4.560590        5.963478        3.385037        5.015780
      3876       3876.000    203.2196       56.528115       46.390144       10.137971       -0.008981       29.539968        5.523758        3.189073        3.293511        4.852815
      3877       3877.000    248.0129       56.757608       44.385044       12.372563        0.009068       29.957432        5.392717        1.181779        3.183842        4.660206
      3878       3878.000    293.3095       57.236487       42.604221       14.632266        0.036745       30.447294        4.359929        0.264681        3.056131        4.439442
      3879       3879.000    312.6294       57.615868       42.019796       15.596072        0.076384       30.977654        3.286763        0.581816        2.908461        4.188718
      3880       3880.000    286.3087       57.319078       43.036061       14.283016        0.127525       31.499514        2.684340        2.072598        2.741402        3.910682
      3881       3881.000    249.6554       57.335712       44.881211       12.454501        0.184072       31.953508        2.243734        4.323785        2.560354        3.615758
      3882       3882.000    212.9126       57.074108       46.452586       10.621522        0.237477       32.306450        1.494635        6.741108        2.366289        3.306627
      3883       3883.000    199.4660       57.146899       47.196182        9.950717        0.276407       32.528812        0.587929        8.645061        2.164898        2.993074
      3884       3884.000    199.7259       57.188470       47.224790        9.963680        0.292788       32.611015        0.107656        9.582489        1.955853        2.674989
      3885       3885.000    203.7595       56.841687       46.676783       10.164904        0.283050       32.550270        0.396362        9.348431        1.741886        2.356784
      3886       3886.000    230.7434       56.906048       45.395007       11.511042        0.250647       32.357761        1.165491        8.046475        1.528360        2.046272
      3887       3887.000    276.6541       57.053909       43.252531       13.801378        0.203046       32.048405        1.971938        5.979693        1.311592        1.737858
      3888       3888.000    329.2619       57.095432       40.669620       16.425812        0.149587       31.643953        2.731585        3.620602        1.091926        1.431967
      3889       3889.000    358.7014       56.351506       38.457053       17.894453        0.098548       31.171709        3.644303        1.536610        0.872767        1.133115
      3890       3890.000    392.6128       56.781199       37.195014       19.586185        0.055783       30.669205        4.690032        0.263156        0.663484        0.853354
      3891       3891.000    395.4807       56.593118       36.863862       19.729256        0.021848       30.147451        5.562900        0.073968        0.464922        0.592773
      3892       3892.000    390.2651       56.710484       37.241418       19.469067       -0.002759       29.640865        5.943961        1.002074        0.290136        0.367141
      3893       3893.000    354.1468       55.806344       38.139102       17.667242       -0.019623       29.170891        5.899099        2.753752        0.148367        0.186616
      3894       3894.000    348.1179       56.664520       39.298040       17.366480       -0.030204       28.774143        5.666115        4.770947        0.051954        0.065084
      3895       3895.000    331.2126       56.838778       40.315649       16.523129       -0.036755       28.451468        5.251589        6.640919        0.003746        0.004683
      3896       3896.000    323.0252       56.734629       40.619944       16.114685       -0.040412       28.225145        4.483094        7.925036        0.012032        0.015048
      3897       3897.000    330.9781       56.515868       40.004441       16.511427       -0.042133       28.101974        3.392290        8.373942        0.079129        0.099238
      3898       3898.000    355.4471       56.619008       38.886901       17.732107       -0.042524       28.076107        2.458328        7.935099        0.203425        0.256466
      3899       3899.000    381.4279       56.975387       37.947179       19.028208       -0.041888       28.132454        2.253209        6.736245        0.381939        0.485221
      3900       3900.000    383.1136       56.713389       37.601088       19.112301       -0.040336       28.251680        2.921459        5.078342        0.608807        0.781136
      3901       3901.000    387.9891       57.220110       37.864584       19.355526       -0.037941       28.410845        4.069928        3.425245        0.868776        1.127731
      3902       3902.000    365.8798       56.992291       38.739727       18.252563       -0.034689       28.595123        5.318030        2.190004        1.153795        1.517464
      3903       3903.000    322.5125       56.480363       40.391253       16.089109       -0.030705       28.787582        6.561328        1.698555        1.446079        1.928414
      3904       3904.000    276.5703       56.565105       42.767906       13.797199       -0.026143       28.977264        7.745974        1.994377        1.732882        2.343552
      3905       3905.000    223.8713       56.503397       45.335182       11.168215       -0.021099       29.160431        8.504020        2.917070        2.013215        2.761545
      3906       3906.000    179.5815       56.162720       47.203976        8.958744       -0.015928       29.327322        8.257109        4.178737        2.282085        3.174651
      3907       3907.000    157.9201       55.742858       47.864734        7.878124       -0.011296       29.463379        6.873246        5.431637        2.534157        3.573612
      3908       3908.000    160.8920       55.604784       47.578401        8.026383       -0.008060       29.552845        4.930717        6.381225        2.767665        3.954010
      3909       3909.000    173.5773       55.572215       46.913005        8.659210       -0.007038       29.581491        3.180727        6.851833        2.986082        4.319910
      3910       3910.000    188.8733       55.553682       46.131401        9.422281       -0.008793       29.536936        1.971157        6.774318        3.188849        4.668934
      3911       3911.000    219.3993       56.098295       45.153173       10.945122       -0.013222       29.414812        1.168343        6.214850        3.373416        4.994974
      3912       3912.000    239.2360       56.036662       44.101950       11.934712       -0.019626       29.217377        0.720458        5.341530        3.542016        5.300195
      3913       3913.000    253.9145       56.346205       43.679231       12.666974       -0.026578       28.966930        1.061339        4.419542        3.687822        5.570176
      3914       3914.000    219.1217       55.505875       44.574600       10.931274       -0.032989       28.686565        2.647725        3.657544        3.811656        5.804100
      3915       3915.000    185.3852       55.842945       46.594674        9.248271       -0.037878       28.421600        5.094923        3.221202        3.907203        5.987624
      3916       3916.000    145.7549       56.184444       48.913205        7.271239       -0.041388       28.185648        7.528775        3.130769        3.980036        6.129366
      3917       3917.000    100.6717       55.716589       50.694404        5.022184       -0.043677       27.997726        9.094753        3.387030        4.030344        6.228228
      3918       3918.000     80.1220       55.585466       51.588439        3.997027       -0.044936       27.876705        9.559590        3.866046        4.054687        6.276347
      3919       3919.000     73.9404       55.523732       51.835084        3.688648       -0.045537       27.813362        9.343466        4.396966        4.053275        6.273553
      3920       3920.000     78.8598       55.371859       51.437798        3.934061       -0.045695       27.796928        8.664540        4.779951        4.024794        6.217279
      3921       3921.000    111.5340       55.563781       49.999708        5.564074       -0.045528       27.816574        7.321567        4.830539        3.968923        6.107633
      3922       3922.000    168.2121       55.662320       47.270762        8.391558       -0.045062       27.866716        5.160727        4.462064        3.883832        5.942486
      3923       3923.000    228.9816       55.320850       43.897698       11.423152       -0.044240       27.947815        2.777184        3.716665        3.771849        5.728425
      3924       3924.000    289.5137       55.570746       41.127843       14.442904       -0.042911       28.065058        1.228749        2.761056        3.638215        5.477675
      3925       3925.000    306.0608       55.010054       39.741671       15.268383       -0.040737       28.231144        1.107418        1.768620        3.482893        5.192333
      3926       3926.000    300.5336       54.697875       39.705224       14.992651       -0.037322       28.449373        2.161541        0.933696        3.312133        4.885803
      3927       3927.000    272.4239       54.013597       40.423246       13.590351       -0.032086       28.721321        3.700227        0.349732        3.125376        4.558675
      3928       3928.000    252.6156       54.183910       41.581733       12.602178       -0.024578       29.032455        5.374722        0.057330        2.925089        4.216714
      3929       3929.000    208.1859       53.711284       43.325562       10.385721       -0.014243       29.372261        7.379816        0.032257        2.704853        3.850619
      3930       3930.000    165.2364       53.714411       45.471300        8.243112       -0.001644       29.704100        9.607543        0.213886        2.472491        3.474924
      3931       3931.000    135.9881       54.059860       47.275855        6.784005        0.012454       30.008497       11.439832        0.500009        2.226633        3.088429
      3932       3932.000    133.9544       54.508310       47.825757        6.682553        0.026960       30.272242       12.088270        0.780552        1.966588        2.691145
      3933       3933.000    158.3797       54.641618       46.740567        7.901052        0.040508       30.485662       11.273646        0.954632        1.696261        2.289857
      3934       3934.000    207.2228       54.835926       44.498248       10.337679        0.051558       30.640875        9.514512        0.958740        1.428790        1.903773
      3935       3935.000    262.8550       54.924195       41.811210       13.112986        0.059579       30.744036        7.500174        0.798595        1.169533        1.539294
      3936       3936.000    315.9179       54.774011       39.013886       15.760125        0.064760       30.806414        5.476022        0.539374        0.924377        1.202939
      3937       3937.000    370.0299       54.605318       36.145720       18.459599        0.067789       30.841328        3.358377        0.281106        0.697998        0.899123
      3938       3938.000    441.8792       55.582318       33.538388       22.043930        0.069403       30.859749        1.361147        0.125920        0.492924        0.629243
      3939       3939.000    470.2018       55.441677       31.984829       23.456848        0.070074       30.867674        0.190394        0.156014        0.309151        0.391522
      3940       3940.000    463.9207       55.375815       32.232310       23.143505        0.069967       30.866655        0.530366        0.403656        0.160140        0.201525
      3941       3941.000    415.0406       54.798241       34.093207       20.705034        0.069259       30.858093        2.225227        0.815806        0.055405        0.069417
      3942       3942.000    365.4873       54.913561       36.680578       18.232983        0.068310       30.845818        4.495966        1.260515        0.004431        0.005539
      3943       3943.000    320.1987       55.260197       39.286517       15.973680        0.067694       30.836782        6.761021        1.596148        0.011051        0.013820
      3944       3944.000    279.0622       55.598029       41.676515       13.921515        0.068221       30.841379        8.879286        1.714846        0.076655        0.096127
      3945       3945.000    239.6758       55.681313       43.724661       11.956653        0.070867       30.872049       10.749606        1.583928        0.198282        0.249928
      3946       3946.000    213.3557       55.607418       44.963791       10.643627        0.076588       30.939608       11.857294        1.255484        0.367819        0.466998
      3947       3947.000    216.6943       55.644359       44.834180       10.810179        0.086059       31.048563       11.547687        0.839572        0.575275        0.737024
      3948       3948.000    251.1408       55.882231       43.353629       12.528602        0.099462       31.194822        9.728066        0.462476        0.814336        1.054466
      3949       3949.000    286.1992       55.594038       41.316484       14.277555        0.116116       31.364267        7.088340        0.248748        1.081459        1.417553
      3950       3950.000    300.9101       54.771202       39.759767       15.011435        0.133633       31.529745        4.618356        0.299541        1.365109        1.813382
      3951       3951.000    326.2639       55.391018       39.114765       16.276253        0.148589       31.662436        2.792139        0.634571        1.651916        2.225115
      3952       3952.000    332.4941       55.816710       39.229651       16.587059        0.158228       31.745111        1.503822        1.215109        1.946481        2.660899
      3953       3953.000    313.3071       55.611186       39.981307       15.629879        0.159590       31.759176        0.802413        1.913800        2.238889        3.107439
      3954       3954.000    278.0841       55.299906       41.427188       13.872719        0.151480       31.695938        0.981651        2.537078        2.516216        3.544825
      3955       3955.000    233.9603       55.214047       43.542523       11.671524        0.134962       31.557692        2.200918        2.915144        2.772238        3.961569
      3956       3956.000    196.0701       55.668903       45.887598        9.781305        0.112551       31.353161        4.106603        2.954435        3.006392        4.354456
      3957       3957.000    146.4530       55.110187       47.804120        7.306067        0.086807       31.089485        6.022942        2.649149        3.224485        4.731252
      3958       3958.000    125.7740       54.990487       48.716029        6.274458        0.061843       30.795111        7.268998        2.106572        3.414615        5.068889
      3959       3959.000    121.0431       54.808950       48.770498        6.038452        0.038484       30.470953        7.821754        1.477999        3.583986        5.377322
      3960       3960.000    119.4018       54.331525       48.374956        5.956569        0.017764       30.124739        7.866399        0.979732        3.732413        5.653909
      3961       3961.000    140.4749       54.754005       47.746164        7.007841        0.000527       29.771154        7.412169        0.817956        3.855800        5.888557
      3962       3962.000    163.3767       55.008109       46.857774        8.150335       -0.014089       29.394705        6.292308        1.131539        3.961050        6.092261
      3963       3963.000    176.2270       54.685049       45.893655        8.791394       -0.025518       29.015541        4.627311        1.976747        4.044125        6.255449
      3964       3964.000    181.8855       54.354752       45.281069        9.073683       -0.033583       28.666193        2.982105        3.199428        4.100163        6.366763
      3965       3965.000    176.5468       54.105789       45.298437        8.807352       -0.038865       28.369041        1.871608        4.546620        4.127866        6.422166
      3966       3966.000    168.4314       54.174999       45.772500        8.402498       -0.042024       28.144232        1.377506        5.746977        4.126460        6.419349
      3967       3967.000    152.8595       53.856857       46.231192        7.625665       -0.043670       28.003433        1.239611        6.580145        4.095070        6.356604
      3968       3968.000    149.1847       53.771951       46.329606        7.442345       -0.044168       27.955627        1.300445        6.848616        4.033880        6.235205
      3969       3969.000    154.6334       53.827210       46.113047        7.714163       -0.043731       27.994991        1.696914        6.468082        3.941881        6.054910
      3970       3970.000    167.1552       54.082334       45.743498        8.338836       -0.042373       28.110001        2.578529        5.460669        3.818849        5.817823
      3971       3971.000    193.9596       54.822477       45.146460        9.676018       -0.039951       28.286800        3.710525        3.994700        3.665645        5.528740
      3972       3972.000    210.3386       54.602860       44.109748       10.493113       -0.036149       28.515882        4.571881        2.383669        3.482623        5.191842
      3973       3973.000    242.7753       54.909021       42.797743       12.111278       -0.030844       28.774769        4.796095        1.136558        3.284422        4.836743
      3974       3974.000    273.6069       55.417177       41.767811       13.649366       -0.023547       29.062040        4.603501        0.587358        3.071921        4.466537
      3975       3975.000    286.8031       55.928460       41.620780       14.307680       -0.013714       29.374321        4.372903        0.951918        2.847974        4.087378
      3976       3976.000    274.8288       56.042464       42.332142       13.710321       -0.000895       29.704151        4.081891        2.228383        2.614816        3.703796
      3977       3977.000    258.7150       56.156400       43.249944       12.906456        0.014734       30.033581        3.331310        4.173821        2.375445        3.321054
      3978       3978.000    255.0009       56.594308       43.873137       12.721170        0.032211       30.341488        2.012275        6.422481        2.128114        2.936569
      3979       3979.000    248.9525       56.772891       44.353455       12.419436        0.049493       30.603479        0.692613        8.595598        1.868327        2.543945
      3980       3980.000    234.0362       56.690895       45.015583       11.675312        0.062857       30.785246        0.153083       10.264913        1.599916        2.149569
      3981       3981.000    232.6184       57.190728       45.586144       11.604584        0.068457       30.858362        0.482954       11.081485        1.330454        1.764431
      3982       3982.000    238.7157       57.198554       45.289796       11.908758        0.064297       30.808472        1.056802       10.909531        1.061116        1.389579
      3983       3983.000    271.5880       57.251412       43.702764       13.548649        0.051053       30.633841        1.323118        9.842690        0.807188        1.044874
      3984       3984.000    317.1427       57.216464       41.395239       15.821225        0.031885       30.346354        1.500881        8.199967        0.576941        0.739212
      3985       3985.000    350.7693       56.969849       39.471102       17.498747        0.011156       29.972700        2.204396        6.423728        0.378431        0.480692
      3986       3986.000    373.4897       57.073255       38.441060       18.632195       -0.007347       29.552156        3.456291        4.947120        0.217924        0.274916
      3987       3987.000    377.2407       56.669808       37.850487       18.819321       -0.021864       29.120777        4.439822        4.091099        0.097845        0.122808
      3988       3988.000    390.0414       56.594642       37.136738       19.457905       -0.032015       28.717981        4.322309        4.075173        0.023671        0.029618
      3989       3989.000    400.2693       56.488424       36.520282       19.968142       -0.038702       28.361111        3.236019        4.961459        0.000176        0.000220
      3990       3990.000    391.1682       56.359797       36.845678       19.514118       -0.042918       28.058968        2.110932        6.637525        0.036047        0.045126
      3991       3991.000    351.4404       55.993601       38.461377       17.532225       -0.045507       27.811981        1.626758        8.750194        0.140848        0.177103
      3992       3992.000    316.5854       56.404650       40.611225       15.793426       -0.047049       27.619068        1.597721       10.718252        0.319029        0.404203
      3993       3993.000    273.8557       55.870188       42.208410       13.661777       -0.047948       27.475178        1.492986       11.981035        0.573053        0.734106
      3994       3994.000    269.9309       56.196112       42.730130       13.465982       -0.048386       27.389172        1.270638       12.092202        0.881541        1.144963
      3995       3995.000    265.7722       55.845269       42.586750       13.258518       -0.048470       27.368155        1.414489       10.991889        1.233010        1.627678
      3996       3996.000    270.3997       55.779838       42.290470       13.489368       -0.048165       27.425844        2.205202        8.966691        1.596409        2.144489
      3997       3997.000    279.0144       55.739135       41.820007       13.919128       -0.047270       27.573492        3.207227        6.453535        1.956724        2.676299
      3998       3998.000    297.8076       55.778532       40.921873       14.856659       -0.045358       27.814615        3.694415        3.949055        2.302545        3.206602
      3999       3999.000    314.9373       55.526943       39.815737       15.711205       -0.041736       28.142254        3.452952        1.906786        2.628872        3.726609
      4000       4000.000    332.2048       55.894946       39.322320       16.572626       -0.035596       28.533224        2.952447        0.717882        2.929766        4.224597
      4001       4001.000    319.9434       56.139953       40.179012       15.960941       -0.026045       28.965294        2.712312        0.615200        3.208677        4.703574
      4002       4002.000    275.3240       56.124588       42.389564       13.735023       -0.012789       29.402426        2.720828        1.663007        3.461879        5.154213
      4003       4003.000    224.4698       56.430779       45.232705       11.198074        0.003396       29.807484        2.566717        3.605721        3.684823        5.564564
      4004       4004.000    186.1107       57.313010       48.028548        9.284462        0.021039       30.158752        2.067283        5.969400        3.878967        5.933106
      4005       4005.000    136.2967       57.322963       50.523558        6.799404        0.038449       30.447807        1.470527        8.250216        4.049829        6.266730
      4006       4006.000    102.6175       57.450595       52.331341        5.119254        0.052086       30.646725        1.118672        9.780640        4.188633        6.544585
      4007       4007.000     84.2899       57.232186       53.027234        4.204953        0.059814       30.752260        0.941850       10.207781        4.297823        6.767705
      4008       4008.000    100.1323       57.229046       52.233771        4.995275        0.060347       30.762398        0.677089        9.430835        4.375055        6.928048
      4009       4009.000    140.5501       57.118606       50.107016        7.011590        0.054073       30.683468        0.301452        7.612179        4.424340        7.031505
      4010       4010.000    196.4339       57.161095       47.361643        9.799452        0.042410       30.523165        0.102894        5.168806        4.446357        7.078012
      4011       4011.000    249.7065       57.211234       44.754179       12.457054        0.027327       30.289789        0.260036        2.667375        4.441633        7.068019
      4012       4012.000    290.2132       57.268424       42.790626       14.477798        0.011169       29.997522        0.601697        0.769279        4.409887        7.001072
      4013       4013.000    307.9445       57.150116       41.787758       15.362358       -0.003962       29.666494        0.883738        0.014034        4.350538        6.876916
      4014       4014.000    293.3836       56.721018       42.085059       14.635960       -0.016531       29.325459        1.178565        0.637635        4.263273        6.696657
      4015       4015.000    255.3629       56.552235       43.813001       12.739233       -0.025822       29.010033        1.737744        2.478864        4.148529        6.463654
      4016       4016.000    198.1651       56.415778       46.529963        9.885816       -0.032013       28.750563        2.505473        5.122964        4.004883        6.178093
      4017       4017.000    145.4885       56.510346       49.252393        7.257954       -0.035550       28.574804        3.018402        8.020829        3.831642        5.842265
      4018       4018.000    102.5199       56.239390       51.125005        5.114386       -0.036959       28.497480        2.935472       10.649899        3.625339        5.453773
      4019       4019.000     93.3421       56.460169       51.803632        4.656537       -0.036504       28.524025        2.477087       12.418616        3.392052        5.028357
      4020       4020.000     98.6757       56.381487       51.458874        4.922612       -0.034168       28.648546        2.158509       13.013445        3.121159        4.551384
      4021       4021.000    127.7234       56.476239       50.104531        6.371708       -0.029739       28.853504        2.184267       12.216409        2.827253        4.052836
      4022       4022.000    176.8012       56.335070       47.515029        8.820042       -0.022599       29.126917        2.187897       10.159799        2.516975        3.546041
      4023       4023.000    253.4106       56.567200       43.925366       12.641834       -0.011944       29.454594        1.850706        7.364766        2.207868        3.059376
      4024       4024.000    315.1269       56.028676       40.308013       15.720663        0.003922       29.838861        1.475205        4.482786        1.906417        2.600822
      4025       4025.000    349.4281       55.469709       38.037868       17.431841        0.026792       30.269855        1.686149        2.236564        1.628077        2.190430
      4026       4026.000    365.1573       55.696329       37.479811       18.216518        0.059433       30.745678        2.479235        0.994642        1.374354        1.826469
      4027       4027.000    353.1868       55.539940       37.920592       17.619349        0.105932       31.267355        3.070408        0.841078        1.138936        1.496883
      4028       4028.000    332.6889       55.094508       38.497731       16.596777        0.168397       31.807495        2.723009        1.676122        0.922421        1.200287
      4029       4029.000    320.9196       55.132616       39.122973       16.009644        0.244924       32.325546        1.681132        3.212722        0.724407        0.934241
      4030       4030.000    283.7481       54.533740       40.378465       14.155275        0.329031       32.784344        0.930044        5.099789        0.541948        0.693309
      4031       4031.000    249.9614       54.806794       42.337025       12.469769        0.404441       33.130352        1.087466        6.848722        0.381452        0.484593
      4032       4032.000    210.9296       54.681881       44.159282       10.522598        0.456573       33.341965        1.748489        8.063473        0.242520        0.306263
      4033       4033.000    205.4747       54.927978       44.677506       10.250472        0.471934       33.398232        2.109445        8.398075        0.132842        0.166979
      4034       4034.000    232.5403       55.274052       43.673367       11.600685        0.447107       33.296799        2.038374        7.768695        0.054328        0.068064
      4035       4035.000    256.8879       54.850965       42.035656       12.815309        0.387950       33.043716        2.242219        6.339563        0.009868        0.012340
      4036       4036.000    290.5102       55.283931       40.791316       14.492616        0.310299       32.668797        3.299395        4.510582        0.000997        0.001246
      4037       4037.000    299.4238       54.906351       39.969063       14.937288        0.227979       32.195366        4.845328        2.640086        0.026785        0.033519
      4038       4038.000    320.9470       54.983397       38.972389       16.011007        0.155397       31.677500        5.795494        1.148869        0.086550        0.108580
      4039       4039.000    346.9287       54.842958       37.535804       17.307154        0.096777       31.144722        5.593403        0.289248        0.182179        0.229474
      4040       4040.000    366.0245       54.585322       36.325539       18.259783        0.052832       30.627607        4.684864        0.243299        0.316273        0.400663
      4041       4041.000    365.4959       54.397358       36.163949       18.233410        0.021321       30.144281        3.849702        1.029760        0.491499        0.627385
      4042       4042.000    348.9418       54.475610       37.068029       17.407581       -0.000754       29.702698        3.274540        2.468633        0.709072        0.913841
      4043       4043.000    320.3393       54.264981       38.284285       15.980696       -0.016051       29.304804        2.563692        4.202625        0.967574        1.261641
      4044       4044.000    294.2460       53.820695       39.141713       14.678982       -0.026358       28.959095        1.533466        5.758956        1.256304        1.660251
      4045       4045.000    289.3382       54.095812       39.661663       14.434149       -0.033041       28.675737        0.621940        6.745440        1.559891        2.091697
      4046       4046.000    292.9630       54.852957       40.237980       14.614977       -0.037222       28.459034        0.388414        7.004416        1.872770        2.550568
      4047       4047.000    274.0268       54.651452       40.981141       13.670311       -0.039559       28.318642        0.923541        6.556601        2.190059        3.031857
      4048       4048.000    259.6048       54.517270       41.566427       12.950843       -0.040387       28.267054        1.746288        5.589993        2.494082        3.509397
      4049       4049.000    251.5616       54.415893       41.866298       12.549595       -0.039972       28.300568        2.495721        4.350087        2.782067        3.977828
      4050       4050.000    247.0738       54.629949       42.304233       12.325716       -0.038455       28.404036        3.356702        3.095056        3.052933        4.433961
      4051       4051.000    227.8844       54.801389       43.432969       11.368420       -0.035953       28.554171        4.662672        2.064208        3.308504        4.879368
      4052       4052.000    193.5946       54.896809       45.239000        9.657809       -0.032746       28.721262        6.217076        1.481253        3.545527        5.306628
      4053       4053.000    148.3572       54.490864       47.089800        7.401064       -0.029322       28.876858        7.307542        1.469709        3.759661        5.705351
      4054       4054.000    128.6986       54.766251       48.345893        6.420358       -0.026366       28.996201        7.406937        1.973327        3.941543        6.054252
      4055       4055.000    111.2641       54.581252       49.030646        5.550607       -0.024203       29.075396        6.685278        2.832037        4.098565        6.363572
      4056       4056.000    109.4904       54.788155       49.326031        5.462124       -0.023140       29.110376        5.637216        3.761169        4.224001        6.616408
      4057       4057.000    110.8697       54.710682       49.179749        5.530933       -0.023125       29.106998        4.420318        4.535274        4.322200        6.818084
      4058       4058.000    127.7694       54.682350       48.308349        6.374001       -0.024022       29.071079        2.960726        4.948471        4.390894        6.961200
      4059       4059.000    157.6819       54.609604       46.743362        7.866242       -0.025699       29.005516        1.362720        4.923054        4.431392        7.046380
      4060       4060.000    183.8797       54.299423       45.126260        9.173162       -0.028082       28.908995        0.238423        4.489216        4.444219        7.073490
      4061       4061.000    195.5786       53.982040       44.225254        9.756786       -0.031056       28.779247        0.220103        3.784852        4.429570        7.042537
      4062       4062.000    201.3428       54.274658       44.230314       10.044345       -0.034431       28.614874        1.295423        3.012160        4.387725        6.954562
      4063       4063.000    191.3156       54.368227       44.824110        9.544117       -0.037978       28.414568        2.952183        2.370009        4.317328        6.808000
      4064       4064.000    164.9511       53.944050       45.715170        8.228880       -0.041266       28.191162        4.697949        2.042505        4.218866        6.605954
      4065       4065.000    143.4451       54.046192       46.890178        7.156013       -0.043897       27.969738        6.417643        2.093186        4.095683        6.357826
      4066       4066.000    119.9338       54.398291       48.415179        5.983112       -0.045819       27.766621        8.221279        2.469504        3.944190        6.059403
      4067       4067.000     89.0215       54.343155       49.902157        4.440998       -0.047059       27.602942        9.804638        3.073785        3.760643        5.707209
      4068       4068.000     79.0702       54.381809       50.437250        3.944559       -0.047672       27.506157       10.378297        3.731135        3.551589        5.317745
      4069       4069.000     93.1718       54.139518       49.491477        4.648040       -0.047791       27.485807        9.563540        4.287167        3.313869        4.888885
      4070       4070.000    155.8468       55.161495       47.386799        7.774695       -0.047456       27.541578        7.815925        4.587592        3.053769        4.435392
      4071       4071.000    210.0093       55.164356       44.687669       10.476687       -0.046565       27.671268        5.845542        4.550381        2.747051        3.919990
      4072       4072.000    265.0687       55.302737       42.079314       13.223423       -0.045031       27.852598        4.323962        4.133781        2.420975        3.393028
      4073       4073.000    317.0594       55.350482       39.533414       15.817068       -0.042689       28.071096        3.138080        3.410581        2.085282        2.871064
      4074       4074.000    372.9361       55.827530       37.222952       18.604578       -0.039359       28.315161        2.262129        2.555807        1.754245        2.374969
      4075       4075.000    390.7182       55.375351       35.883682       19.491669       -0.034724       28.582960        2.214927        1.770010        1.436192        1.914317
      4076       4076.000    378.7970       55.171917       36.274957       18.896959       -0.028526       28.867691        3.547686        1.233064        1.146997        1.508045
      4077       4077.000    345.7658       55.389915       38.140773       17.249142       -0.020280       29.171724        5.950175        0.997234        0.888098        1.153822
      4078       4078.000    299.7769       55.313355       40.358451       14.954905       -0.009385       29.496080        8.341145        1.027250        0.657684        0.845677
      4079       4079.000    277.3632       55.696376       41.859622       13.836754        0.004331       29.828402        9.753449        1.231572        0.458042        0.583826
      4080       4080.000    265.5756       55.759804       42.511097       13.248707        0.020766       30.156416       10.182604        1.500599        0.287258        0.363454
      4081       4081.000    267.7593       56.054195       42.696546       13.357649        0.038387       30.451912       10.143547        1.720992        0.151335        0.190374
      4082       4082.000    272.8781       56.050966       42.437955       13.613010        0.054943       30.692101        9.763691        1.802903        0.055182        0.069136
      4083       4083.000    292.8894       55.819164       41.207859       14.611305        0.067508       30.855328        8.576239        1.695417        0.005940        0.007427
      4084       4084.000    334.3053       55.460788       38.783374       16.677414        0.074015       30.933266        6.352797        1.408629        0.006518        0.008150
      4085       4085.000    404.0492       56.084975       35.928266       20.156710        0.074062       30.931044        3.789087        1.009054        0.055492        0.069526
      4086       4086.000    441.2093       55.873300       33.862795       22.010506        0.068826       30.863943        2.000427        0.587105        0.151681        0.190812
      4087       4087.000    455.1620       56.020167       33.313605       22.706562        0.060668       30.757301        1.583335        0.256289        0.289582        0.366431
      4088       4088.000    455.4367       56.611698       33.891432       22.720266        0.051903       30.637527        2.045299        0.096014        0.466223        0.594465
      4089       4089.000    435.1124       56.720980       35.014628       21.706352        0.044097       30.525728        2.729066        0.155957        0.681952        0.877828
      4090       4090.000    381.6121       55.755349       36.717952       19.037397        0.038030       30.435461        3.655918        0.437550        0.934423        1.216570
      4091       4091.000    329.0739       55.754859       39.338422       16.416437        0.033792       30.370848        5.254937        0.863589        1.214044        1.601213
      4092       4092.000    274.6906       56.465041       42.761612       13.703428        0.030846       30.325161        7.525787        1.321479        1.521677        2.036662
      4093       4093.000    212.2959       56.646759       46.056000       10.590759        0.028676       30.290575        9.665431        1.687556        1.856874        2.526888
      4094       4094.000    175.9368       56.784850       48.007932        8.776918        0.027071       30.263767       10.611517        1.856698        2.200655        3.048224
      4095       4095.000    159.3961       56.353208       48.401453        7.951755        0.026087       30.246195       10.191615        1.818960        2.538311        3.580285
      4096       4096.000    171.6280       56.520642       47.958675        8.561968        0.026133       30.245756        9.099467        1.655317        2.846720        4.085281
      4097       4097.000    188.6213       56.747928       47.338218        9.409710        0.027803       30.273283        7.859102        1.482869        3.129445        4.565717
      4098       4098.000    198.5965       56.428350       46.521012        9.907338        0.031731       30.338764        6.334781        1.419673        3.383334        5.012728
      4099       4099.000    224.0350       56.426749       45.250363       11.176386        0.038164       30.442707        4.219119        1.537452        3.602124        5.410797
      4100       4100.000    248.1500       56.261023       43.881622       12.379401        0.046968       30.577440        1.844242        1.853011        3.792442        5.767518
      4101       4101.000    248.8200       55.873231       43.460407       12.412825        0.056993       30.721178        0.312504        2.332739        3.955520        6.081473
      4102       4102.000    224.3116       55.802007       44.611825       11.190182        0.066133       30.844713        0.373316        2.888285        4.090963        6.348415
      4103       4103.000    190.0936       56.325476       46.842321        9.483155        0.072060       30.922424        1.675929        3.404514        4.199925        6.567468
      4104       4104.000    149.5368       56.600453       49.140542        7.459911        0.072917       30.936401        3.338727        3.768451        4.284267        6.739779
      4105       4105.000    123.3400       57.009062       50.856029        6.153033        0.067864       30.876968        4.834135        3.876590        4.341777        6.858695
      4106       4106.000     96.2944       57.021726       52.217909        4.803816        0.057578       30.746111        6.425166        3.693789        4.372518        6.922747
      4107       4107.000     67.5336       56.857680       53.488646        3.369034        0.044459       30.563852        8.307652        3.269054        4.375226        6.928403
      4108       4108.000     54.3347       56.925033       54.214453        2.710581        0.031233       30.360043        9.871535        2.724310        4.350498        6.876833
      4109       4109.000     67.1894       57.003510       53.651648        3.351862        0.019110       30.151144       10.230834        2.185427        4.297694        6.767439
      4110       4110.000     97.0589       56.488121       51.646164        4.841958        0.008723       29.950575        9.065349        1.808323        4.215036        6.598158
      4111       4111.000    158.6716       57.000227       49.084612        7.915615        0.000522       29.773809        7.090887        1.735970        4.105670        6.377753
      4112       4112.000    207.8755       57.125626       46.755387       10.370239       -0.006601       29.602678        5.071229        2.043906        3.957955        6.086220
      4113       4113.000    245.0024       57.332055       45.109677       12.222378       -0.012738       29.437563        3.447304        2.732428        3.773523        5.731598
      4114       4114.000    283.4820       57.940811       43.798808       14.142003       -0.018027       29.277647        2.008605        3.659132        3.552336        5.319115
      4115       4115.000    308.8366       58.006824       42.599963       15.406861       -0.022425       29.128126        0.755189        4.590872        3.294189        4.854012
      4116       4116.000    315.6436       57.646011       41.899574       15.746437       -0.025585       29.008022        0.305377        5.241458        3.009889        4.360412
      4117       4117.000    314.0255       57.724917       42.059197       15.665720       -0.027177       28.940382        1.159205        5.414864        2.711084        3.860839
      4118       4118.000    298.3832       57.628175       42.742799       14.885376       -0.026905       28.945278        3.000082        5.061076        2.401335        3.361933
      4119       4119.000    288.3003       57.469273       43.086903       14.382370       -0.024369       29.036667        4.856282        4.253182        2.088764        2.876377
      4120       4120.000    312.7722       58.171139       42.567945       15.603194       -0.019049       29.215776        6.022980        3.158103        1.778868        2.411267
      4121       4121.000    328.3457       57.868972       41.488865       16.380108       -0.010106       29.476862        6.605044        1.988889        1.468189        1.959987
      4122       4122.000    344.8747       57.747088       40.542402       17.204685        0.002737       29.789049        6.938960        1.092600        1.173816        1.545240
      4123       4123.000    342.5583       57.040075       39.950944       17.089130        0.019574       30.124880        6.958064        0.773696        0.902045        1.172685
      4124       4124.000    360.2069       57.485363       39.515804       17.969559        0.039321       30.449854        6.274417        1.233349        0.664355        0.854508
      4125       4125.000    359.7924       57.138407       39.189524       17.948883        0.061017       30.749674        4.838016        2.497875        0.458509        0.584433
      4126       4126.000    363.2342       57.450473       39.329890       18.120583        0.081721       30.996452        3.262681        4.326828        0.292298        0.369911
      4127       4127.000    355.4909       57.890611       40.156316       17.734295        0.098617       31.176445        2.154891        6.357666        0.163242        0.205455
      4128       4128.000    347.5059       58.624188       41.288239       17.335949        0.108452       31.274019        1.587566        8.157675        0.071227        0.089299
      4129       4129.000    328.2496       58.369706       41.994393       16.375313        0.108657       31.276123        1.219895        9.353270        0.016193        0.020255
      4130       4130.000    326.4284       58.184982       41.900520       16.284462        0.098306       31.173544        0.974448        9.653894        0.000145        0.000182
      4131       4131.000    338.8763       58.236984       41.331539       16.905445        0.078783       30.963465        1.240788        8.996104        0.023276        0.029123
      4132       4132.000    352.3207       58.329457       40.753316       17.576141        0.053294       30.648241        2.330084        7.524531        0.087451        0.109714
      4133       4133.000    359.3743       58.112475       40.184449       17.928026        0.026154       30.239206        3.873611        5.605803        0.194523        0.245150
      4134       4134.000    380.9377       58.416360       39.412606       19.003754        0.001495       29.759552        5.104712        3.768636        0.343083        0.435129
      4135       4135.000    390.6228       58.194307       38.707395       19.486912       -0.018477       29.228689        5.788201        2.494778        0.532830        0.681374
      4136       4136.000    391.1738       58.425206       38.910807       19.514399       -0.032581       28.686729        6.384511        2.137364        0.757035        0.977748
      4137       4137.000    360.6505       58.511701       40.520011       17.991690       -0.041465       28.165394        7.277288        2.781308        1.013362        1.324124
      4138       4138.000    323.6094       59.108919       42.965090       16.143829       -0.046328       27.704395        7.986359        4.306142        1.297077        1.717444
      4139       4139.000    281.2126       59.186765       45.157974       14.028791       -0.048650       27.325684        7.619087        6.484200        1.611414        2.166239
      4140       4140.000    244.7746       58.774462       46.563446       12.211016       -0.049558       27.049854        6.014329        8.928373        1.951702        2.668745
      4141       4141.000    219.3565       58.578327       47.635340       10.942986       -0.049833       26.879402        4.140078       11.138590        2.309548        3.217555
      4142       4142.000    185.0943       58.155609       48.921850        9.233759       -0.049893       26.798611        3.041224       12.639140        2.681077        3.811691
      4143       4143.000    166.8397       58.317412       49.994315        8.323096       -0.049898       26.789360        2.780135       13.001592        3.047858        4.425268
      4144       4144.000    167.3166       58.210454       49.863569        8.346886       -0.049877       26.834608        2.547642       12.076011        3.404494        5.050691
      4145       4145.000    199.2370       58.122207       48.182914        9.939293       -0.049795       26.924757        1.858478       10.069057        3.730365        5.650051
      4146       4146.000    236.6474       57.714273       45.908700       11.805573       -0.049564       27.060802        1.197718        7.481567        4.016747        6.201429
      4147       4147.000    261.7424       57.516840       44.459355       13.057486       -0.049017       27.249392        1.360665        4.958547        4.256660        6.683108
      4148       4148.000    264.4575       57.456252       44.263320       13.192932       -0.047822       27.502686        2.276242        2.985029        4.453675        7.093511
      4149       4149.000    257.4490       57.488010       44.644710       12.843300       -0.045413       27.827787        2.952836        1.863133        4.612151        7.434216
      4150       4150.000    240.5762       56.954286       44.952716       12.001570       -0.040951       28.220987        2.618631        1.709196        4.736409        7.708444
      4151       4151.000    225.9606       56.752315       45.479870       11.272445       -0.033685       28.653448        1.654436        2.465979        4.827049        7.912643
      4152       4152.000    189.0359       56.467242       47.036852        9.430389       -0.023096       29.097210        1.084936        3.939749        4.887403        8.050651
      4153       4153.000    137.5737       56.537126       49.674016        6.863110       -0.009842       29.508286        1.349798        5.786956        4.917868        8.120951
      4154       4154.000     80.3549       56.340527       52.331882        4.008645        0.004419       29.854914        1.841899        7.587477        4.919181        8.123992
      4155       4155.000     51.8857       56.217601       53.629188        2.588413        0.016419       30.098595        1.751809        8.809331        4.891940        8.061094
      4156       4156.000     58.6731       56.204703       53.277693        2.927009        0.023691       30.230238        1.121392        9.129074        4.837309        7.935989
      4157       4157.000     91.0936       56.480566       51.936201        4.544365        0.025270       30.256397        0.690867        8.460172        4.754525        7.748970
      4158       4158.000    118.1107       56.142065       50.249904        5.892161        0.021590       30.190359        0.989404        6.910440        4.640937        7.497173
      4159       4159.000    157.1687       56.123032       48.282392        7.840640        0.014585       30.059629        1.603908        4.901284        4.503471        7.199514
      4160       4160.000    220.0338       56.614539       45.637765       10.976774        0.006036       29.886726        1.751752        2.804997        4.337806        6.850448
      4161       4161.000    293.5089       57.214760       42.572549       14.642212       -0.002860       29.686502        1.259598        1.051314        4.137167        6.440826
      4162       4162.000    349.9238       57.619309       40.162740       17.456570       -0.011283       29.471029        0.691921        0.142716        3.898179        5.970178
      4163       4163.000    378.3518       58.198035       39.323287       18.874748       -0.018780       29.249454        0.563979        0.464224        3.620186        5.444223
      4164       4164.000    382.6060       59.082872       39.995893       19.086979       -0.025183       29.027992        0.708583        2.116024        3.301507        4.866970
      4165       4165.000    350.2926       58.974117       41.499151       17.474966       -0.030381       28.816160        0.669170        4.856433        2.942194        4.245574
      4166       4166.000    323.6589       59.385595       43.239296       16.146299       -0.034112       28.637804        0.460604        8.001106        2.559505        3.614389
      4167       4167.000    278.4199       58.949361       45.059894       13.889467       -0.036355       28.514593        0.579034       10.858431        2.159470        2.984722
      4168       4168.000    251.5781       59.129746       46.579328       12.550418       -0.036932       28.477077        1.238762       12.738013        1.767665        2.394742
      4169       4169.000    243.6013       59.231322       47.078839       12.152483       -0.035572       28.547617        1.997782       13.331921        1.389357        1.847734
      4170       4170.000    267.8344       59.286838       45.925445       13.361393       -0.031586       28.740709        2.264790       12.554307        1.038577        1.358648
      4171       4171.000    326.7266       59.583342       43.284009       16.299334       -0.023658       29.058056        2.011406       10.573824        0.726865        0.937516
      4172       4172.000    391.1092       59.562043       40.050866       19.511177       -0.009536       29.491615        1.734393        7.782535        0.462385        0.589473
      4173       4173.000    454.9663       59.917765       37.220965       22.696800        0.013739       30.016348        1.772180        4.838718        0.256222        0.323757
      4174       4174.000    505.4541       60.530760       35.315287       25.215473        0.050309       30.610281        1.941719        2.462214        0.111162        0.139602
      4175       4175.000    540.5931       61.645085       34.676640       26.968445        0.105027       31.248520        1.971557        1.290674        0.027033        0.033830
      4176       4176.000    523.3535       61.839815       35.731397       26.108418        0.183090       31.908110        1.991892        1.648306        0.000000        0.000000
      4177       4177.000    456.7604       61.360870       38.574567       22.786303        0.284813       32.544693        2.290322        3.400560        0.024066        0.030113
      4178       4178.000    389.1817       61.765765       42.350747       19.415018        0.402346       33.110722        2.652375        5.981798        0.090258        0.113249
      4179       4179.000    328.6324       62.184573       45.790162       16.394411        0.521851       33.576019        2.481774        8.772246        0.193906        0.244366
      4180       4180.000    279.0740       61.968190       48.046090       13.922100        0.618867       33.900143        1.628263       11.143108        0.333241        0.422467
      4181       4181.000    255.1622       61.893883       49.164667       12.729217        0.665425       34.044617        0.795995       12.509410        0.504662        0.644558
      4182       4182.000    243.8852       61.747443       49.580797       12.166647        0.647611       33.995514        0.786955       12.530311        0.707997        0.912410
      4183       4183.000    261.4706       62.250104       49.206177       13.043927        0.571146       33.757641        1.561076       11.152308        0.939942        1.224064
      4184       4184.000    292.0872       62.147248       47.575957       14.571291        0.455609       33.344097        2.344712        8.645085        1.202009        1.584445
      4185       4185.000    350.1649       62.398466       44.929868       17.468597        0.330120       32.793995        2.666593        5.678618        1.481505        1.979037
      4186       4186.000    383.6296       61.713057       42.575014       19.138042        0.215174       32.140915        3.106381        2.936590        1.773141        2.402814
      4187       4187.000    384.4487       61.119722       41.940815       19.178907        0.125518       31.450977        4.429310        1.037785        2.061856        2.835368
      4188       4188.000    384.2553       62.093297       42.924039       19.169258        0.062481       30.777754        6.244722        0.226703        2.342760        3.269619
      4189       4189.000    349.5334       61.720619       44.283529       17.437090        0.020183       30.143644        7.221205        0.550750        2.625924        3.721822
      4190       4190.000    326.5751       61.289701       44.997922       16.291779       -0.005589       29.604616        6.401721        1.915969        2.902503        4.178701
      4191       4191.000    310.9516       60.987867       45.475494       15.512373       -0.020921       29.169735        4.464202        4.045588        3.173939        4.642951
      4192       4192.000    292.3263       61.433178       46.849960       14.583218       -0.030135       28.827528        2.955075        6.538990        3.441375        5.117127
      4193       4193.000    240.3495       61.361714       49.371454       11.990260       -0.035986       28.551357        2.615731        8.925119        3.707735        5.607499
      4194       4194.000    179.2021       60.636995       51.697180        8.939815       -0.039797       28.327518        2.791660       10.569441        3.959373        6.088985
      4195       4195.000    170.1765       60.819779       52.330223        8.489555       -0.042275       28.150118        2.523999       11.000072        4.177085        6.521224
      4196       4196.000    171.4476       59.972093       51.419128        8.552965       -0.043940       28.007940        2.005342       10.177803        4.364978        6.907004
      4197       4197.000    189.3299       59.779978       50.334918        9.445060       -0.044841       27.919151        2.300553        8.435722        4.510271        7.214061
      4198       4198.000    202.2316       60.040190       49.951507       10.088683       -0.045036       27.896933        3.834054        6.193413        4.620250        7.451893
      4199       4199.000    193.6221       59.622370       49.963189        9.659182       -0.044420       27.957176        5.829935        3.893610        4.699834        7.627054
      4200       4200.000    218.3695       60.380418       49.486667       10.893751       -0.042784       28.103058        6.947256        1.992450        4.749338        7.737350
      4201       4201.000    245.7192       60.692164       48.434025       12.258139       -0.039664       28.333549        6.921373        0.653539        4.773549        7.791678
      4202       4202.000    251.4005       60.361298       47.819741       12.541557       -0.034776       28.618523        6.555595        0.120188        4.772005        7.788207
      4203       4203.000    236.7547       60.171828       48.360903       11.810925       -0.028359       28.912312        6.558463        0.447555        4.744472        7.726460
      4204       4204.000    204.1963       59.717203       49.530508       10.186695       -0.021185       29.176729        6.595897        1.481419        4.690742        7.606906
      4205       4205.000    180.8071       59.199131       50.179247        9.019883       -0.014661       29.378119        5.899371        2.870021        4.612162        7.434237
      4206       4206.000    188.1944       59.218186       49.829777        9.388409       -0.010100       29.500719        4.434012        4.180453        4.510386        7.214307
      4207       4207.000    199.5034       58.937407       48.984824        9.952583       -0.008103       29.546415        3.022239        5.095630        4.383317        6.945326
      4208       4208.000    217.6980       59.169333       48.309082       10.860250       -0.008713       29.522636        2.525470        5.401180        4.233250        6.635259
      4209       4209.000    239.2547       59.725265       47.789623       11.935642       -0.011389       29.443083        2.942138        5.080870        4.055991        6.278930
      4210       4210.000    263.6227       60.176052       47.024769       13.151283       -0.015415       29.321482        3.745602        4.254675        3.846915        5.871510
      4211       4211.000    289.2815       60.441599       46.010281       14.431318       -0.020105       29.170177        4.674719        3.168562        3.603531        5.413397
      4212       4212.000    289.2488       59.807529       45.377842       14.429688       -0.024965       28.997515        6.027153        2.147017        3.324090        4.907032
      4213       4213.000    284.6422       59.838108       45.638229       14.199879       -0.029557       28.813503        7.939626        1.526813        3.016375        4.371468
      4214       4214.000    262.1141       59.574587       46.498560       13.076027       -0.033767       28.619295        9.928565        1.503487        2.676602        3.804378
      4215       4215.000    255.9272       59.917867       47.150485       12.767382       -0.037357       28.425470       11.104643        2.114281        2.315921        3.227528
      4216       4216.000    255.3689       59.838608       47.099079       12.739529       -0.040262       28.240459       11.099178        3.216028        1.937008        2.646667
      4217       4217.000    257.4733       59.273298       46.428787       12.844511       -0.042340       28.085217       10.234738        4.499180        1.560057        2.091935
      4218       4218.000    282.0520       59.378543       45.307879       14.070663       -0.043548       27.982836        8.955412        5.617329        1.205936        1.589915
      4219       4219.000    319.9472       59.459603       43.498469       15.961134       -0.043931       27.949051        7.212748        6.361605        0.878348        1.140649
      4220       4220.000    390.6871       60.254663       40.764543       19.490120       -0.043447       27.995668        4.857196        6.610685        0.589163        0.755278
      4221       4221.000    454.0478       60.108926       37.457946       22.650980       -0.041936       28.125252        2.239398        6.354041        0.344386        0.436806
      4222       4222.000    517.5199       60.558650       34.741252       25.817398       -0.039194       28.324495        0.408220        5.685468        0.160404        0.201859
      4223       4223.000    556.8414       61.355978       33.576960       27.779018       -0.034948       28.575958        0.156870        4.781046        0.043527        0.054507
      4224       4224.000    540.1230       61.164641       34.219645       26.944996       -0.029029       28.857050        1.507840        3.883367        0.000185        0.000232
      4225       4225.000    498.2136       61.104957       36.250689       24.854267       -0.021660       29.139322        3.815156        3.247481        0.031261        0.039128
      4226       4226.000    436.2746       61.003745       39.239415       21.764330       -0.013224       29.405102        6.555384        3.000705        0.129143        0.162306
      4227       4227.000    369.4128       61.343714       42.914900       18.428814       -0.004313       29.642181        9.521372        3.116073        0.282380        0.357208
      4228       4228.000    296.3521       61.532075       46.748025       14.784050        0.004528       29.846579       12.359765        3.441645        0.481350        0.614158
      4229       4229.000    241.3668       61.647106       49.606095       12.041012        0.012601       30.013567       14.172076        3.768797        0.716000        0.923054
      4230       4230.000    234.4848       62.116479       50.418790       11.697689        0.019150       30.138582       14.097338        3.907412        0.979042        1.277265
      4231       4231.000    246.1518       61.336065       49.056344       12.279720        0.023409       30.216200       12.123033        3.740025        1.271766        1.681913
      4232       4232.000    294.3332       61.119378       46.436044       14.683334        0.024316       30.233448        9.237504        3.248682        1.576464        2.115631
      4233       4233.000    336.8522       60.310706       43.506236       16.804470        0.021446       30.183710        6.328295        2.492375        1.895666        2.584744
      4234       4234.000    391.2048       60.328062       40.812114       19.515947        0.015107       30.066101        3.805794        1.631929        2.218050        3.075133
      4235       4235.000    437.4848       60.335714       38.511006       21.824707        0.006192       29.884462        1.651435        0.836009        2.543799        3.589109
      4236       4236.000    470.7054       60.652582       37.170610       23.481972       -0.003773       29.654203        0.256399        0.282560        2.865149        4.116073
      4237       4237.000    466.8663       60.942233       37.651778       23.290455       -0.013302       29.397984        0.360503        0.081075        3.177086        4.648433
      4238       4238.000    401.0593       60.355512       40.347957       20.007555       -0.021242       29.146255        2.316182        0.257085        3.473819        5.175858
      4239       4239.000    306.7433       59.764026       44.461591       15.302435       -0.026946       28.934645        5.389490        0.739983        3.745614        5.678805
      4240       4240.000    223.3958       59.762235       48.617741       11.144494       -0.030474       28.786209        8.326646        1.397701        3.989586        6.148073
      4241       4241.000    166.4763       60.343010       52.038043        8.304967       -0.032207       28.707804       10.473041        2.092814        4.209560        6.587031
      4242       4242.000    118.1607       60.667409       54.772752        5.894658       -0.032518       28.694908       11.991575        2.700284        4.412318        7.006185
      4243       4243.000     82.9209       60.949261       56.812607        4.136654       -0.031671       28.736977       13.047012        3.073948        4.593260        7.393081
      4244       4244.000     76.2977       61.425975       57.619729        3.806246       -0.029891       28.818857       13.221296        3.125189        4.748593        7.735684
      4245       4245.000    105.3846       61.744397       56.487101        5.257296       -0.027263       28.929935       11.812080        2.864408        4.878273        8.029668
      4246       4246.000    171.0640       62.095170       53.561338        8.533833       -0.023869       29.060202        8.871786        2.422756        4.975448        8.255015
      4247       4247.000    226.3837       61.465194       50.171642       11.293551       -0.019548       29.209774        5.546405        1.991264        5.038969        8.404778
      4248       4248.000    264.8981       61.072316       47.857406       13.214910       -0.014113       29.378534        3.210757        1.740224        5.068032        8.473971
      4249       4249.000    287.9135       61.217953       46.854875       14.363077       -0.006952       29.576490        2.026723        1.722458        5.066306        8.469850
      4250       4250.000    297.3804       61.469165       46.633815       14.835350        0.002696       29.810564        1.463696        1.923573        5.035867        8.397419
      4251       4251.000    286.2385       61.226434       46.946919       14.279515        0.015251       30.074278        1.342548        2.278809        4.977114        8.258919
      4252       4252.000    264.5631       61.387517       48.189317       13.198200        0.030083       30.342920        2.192565        2.675770        4.890409        8.057570
      4253       4253.000    212.2435       61.286275       50.698130       10.588145        0.045784       30.590567        4.502085        2.995392        4.773264        7.791039
      4254       4254.000    149.8739       61.239387       53.762663        7.476725        0.059451       30.782825        7.710052        3.118978        4.626280        7.465076
      4255       4255.000    108.7707       61.365773       55.939554        5.426219        0.068179       30.896311       10.459357        2.979085        4.450287        7.086334
      4256       4256.000     99.9000       61.337370       56.353683        4.983686        0.070345       30.923225       11.873638        2.584069        4.244393        6.658013
      4257       4257.000    126.1195       61.616101       55.324408        6.291692        0.066120       30.869375       12.154562        2.027978        4.012771        6.193603
      4258       4258.000    149.8784       61.207839       53.730889        7.476951        0.057340       30.753073       12.038944        1.440944        3.751211        5.689376
      4259       4259.000    192.2170       61.523962       51.934874        9.589087        0.047247       30.610540       11.622766        1.002218        3.474681        5.177422
      4260       4260.000    231.1418       60.904492       49.373576       11.530916        0.037745       30.466257       10.242837        0.816682        3.171444        4.638610
      4261       4261.000    289.4113       60.399812       45.962017       14.437796        0.030439       30.347502        7.669687        0.966527        2.852661        4.095201
      4262       4262.000    364.6160       60.665243       42.475729       18.189514        0.025382       30.260511        4.685217        1.448979        2.514140        3.541499
      4263       4263.000    433.4582       61.725083       40.101254       21.623829        0.022021       30.199648        2.560186        2.200816        2.149378        2.969206
      4264       4264.000    441.9180       61.378286       39.332422       22.045864        0.019749       30.155703        1.945897        3.067924        1.759881        2.383269
      4265       4265.000    426.1204       60.738211       39.480441       21.257771        0.018300       30.124384        2.372792        3.763496        1.374621        1.826847
      4266       4266.000    416.0379       60.361442       39.606655       20.754787        0.017744       30.107420        3.098729        4.037543        1.016628        1.328592
      4267       4267.000    421.9847       60.729673       39.678217       21.051456        0.018543       30.113974        4.156376        3.782157        0.702312        0.904855
      4268       4268.000    406.8455       60.540392       40.244184       20.296207        0.021509       30.158686        6.008184        3.054995        0.440183        0.560627
      4269       4269.000    387.4584       60.608683       41.279633       19.329050        0.027596       30.255680        8.386280        2.065563        0.240644        0.303870
      4270       4270.000    383.4648       61.002350       41.872527       19.129824        0.037843       30.413601       10.123821        1.066248        0.102428        0.128585
      4271       4271.000    374.2770       59.917486       41.246014       18.671473        0.053098       30.629992       10.208578        0.303295        0.022678        0.028374
      4272       4272.000    395.4955       59.499109       39.769113       19.729996        0.072629       30.877861        8.815306        0.002979        0.000150        0.000188
      4273       4273.000    418.9695       59.492958       38.591923       20.901035        0.095179       31.131516        7.023020        0.275468        0.029642        0.037098
      4274       4274.000    415.9386       59.275186       38.525350       20.749836        0.117798       31.358530        5.648382        1.154507        0.109114        0.137018
      4275       4275.000    395.7502       59.059037       39.316334       19.742702        0.135979       31.525055        4.611664        2.513115        0.234494        0.296027
      4276       4276.000    370.0154       58.686609       40.227737       18.458872        0.145305       31.606085        3.512626        4.057355        0.399042        0.507324
      4277       4277.000    365.4287       59.248350       41.018290       18.230061        0.142766       31.585449        2.538465        5.398031        0.593109        0.760469
      4278       4278.000    351.5400       59.582197       42.045000       17.537197        0.127761       31.454977        2.368972        6.226953        0.813283        1.053053
      4279       4279.000    308.7158       58.828869       43.428036       15.400833        0.102756       31.217407        3.350620        6.329619        1.051399        1.376235
      4280       4280.000    271.7147       58.061407       44.506438       13.554969        0.073183       30.895344        4.848423        5.683332        1.293600        1.712556
      4281       4281.000    264.6995       57.765089       44.560087       13.205002        0.043750       30.511614        5.959458        4.453512        1.535381        2.056372
      4282       4282.000    281.0834       57.680757       43.658413       14.022345        0.017217       30.080309        6.446674        2.921607        1.779866        2.412740
      4283       4283.000    292.9505       57.195792       42.581438       14.614354       -0.004828       29.614916        6.662986        1.493313        2.029236        2.785815
      4284       4284.000    305.3894       57.254271       42.019379       15.234892       -0.021591       29.136557        6.806551        0.648982        2.279017        3.169864
      4285       4285.000    305.1713       57.281568       42.057558       15.224010       -0.033650       28.651119        6.585001        0.756093        2.530790        3.568206
      4286       4286.000    300.5931       57.573946       42.578327       14.995619       -0.041598       28.175865        5.706175        1.983446        2.780013        3.974427
      4287       4287.000    268.5948       57.133458       43.734130       13.399328       -0.046325       27.727495        4.434309        4.210413        3.023911        4.384327
      4288       4288.000    230.6244       57.187606       45.682500       11.505106       -0.048675       27.342394        3.392168        6.967340        3.251168        4.778106
      4289       4289.000    183.8493       57.277471       48.105822        9.171648       -0.049623       27.038603        2.725378        9.775543        3.461820        5.154102
      4290       4290.000    142.6660       57.261408       50.144262        7.117146       -0.049880       26.836153        2.046510       12.152034        3.653445        5.506001
      4291       4291.000    124.5814       57.334216       51.119250        6.214966       -0.049908       26.745398        1.087255       13.687023        3.823253        5.826230
      4292       4292.000    127.0157       57.483267       51.146866        6.336401       -0.049907       26.761654        0.233895       14.117097        3.971485        6.112642
      4293       4293.000    132.4736       57.361892       50.753212        6.608680       -0.049862       26.870844        0.154785       13.319088        4.097303        6.361054
      4294       4294.000    138.1743       56.970313       50.077241        6.893072       -0.049623       27.049084        0.887363       11.435680        4.195745        6.558992
      4295       4295.000    167.8102       57.152889       48.781382        8.371508       -0.049006       27.270643        1.665381        8.931954        4.264086        6.698323
      4296       4296.000    202.4189       56.950563       46.852537       10.098026       -0.047767       27.529707        1.938057        6.343177        4.305603        6.783760
      4297       4297.000    224.0083       56.420586       45.245535       11.175051       -0.045645       27.815929        1.976854        4.361923        4.320959        6.815515
      4298       4298.000    233.6815       56.666311       45.008693       11.657618       -0.042303       28.126484        2.419844        3.396111        4.311863        6.796694
      4299       4299.000    209.2591       56.654283       46.215020       10.439263       -0.037067       28.474281        3.261178        3.509266        4.278810        6.728552
      4300       4300.000    185.8857       57.134214       47.860977        9.273237       -0.029267       28.853006        3.649374        4.554920        4.221544        6.611399
      4301       4301.000    168.3504       57.413738       49.015280        8.398458       -0.017976       29.260769        2.932106        6.264158        4.136580        6.439644
      4302       4302.000    159.9452       57.710750       49.731601        7.979149       -0.003074       29.669630        1.568661        8.263382        4.021739        6.211262
      4303       4303.000    137.3230       57.559678       50.709075        6.850602        0.014343       30.044884        0.716813       10.135303        3.874065        5.923667
      4304       4304.000    123.5956       58.070947       51.905162        6.165786        0.030724       30.335793        0.888015       11.364125        3.697745        5.588760
      4305       4305.000    124.7157       58.486979       52.265317        6.221663        0.042954       30.525072        1.396585       11.618130        3.485503        5.197073
      4306       4306.000    165.0489       58.874260       50.640504        8.233756        0.047663       30.591209        1.299781       10.697033        3.242300        4.762517
      4307       4307.000    237.5770       59.056827       47.204878       11.851950        0.043681       30.530098        0.635211        8.721373        2.974412        4.300104
      4308       4308.000    304.4629       58.701709       43.513037       15.188672        0.032617       30.355639        0.470056        6.135197        2.691230        3.828299
      4309       4309.000    350.9141       58.429620       40.923646       17.505974        0.018109       30.100912        1.490913        3.546753        2.402765        3.364196
      4310       4310.000    381.2156       58.339121       39.321505       19.017616        0.003564       29.804344        3.023484        1.470818        2.110184        2.909111
      4311       4311.000    405.9627       58.130488       37.878318       20.252171       -0.008896       29.502352        3.798420        0.314004        1.812072        2.460365
      4312       4312.000    454.9253       59.181171       36.486416       22.694756       -0.018505       29.223879        3.399577        0.354922        1.508627        2.017916
      4313       4313.000    469.6023       59.518631       36.091688       23.426943       -0.025676       28.976704        2.640797        1.735801        1.192647        1.571415
      4314       4314.000    459.0718       60.456503       37.554891       22.901611       -0.030737       28.771570        2.481332        4.316805        0.877039        1.138883
      4315       4315.000    396.3614       60.136333       40.363141       19.773191       -0.034223       28.608353        2.848701        7.629910        0.574455        0.735946
      4316       4316.000    356.3182       60.667885       42.892320       17.775564       -0.036356       28.495649        2.961783       10.750946        0.317745        0.402553
      4317       4317.000    332.9448       60.754348       44.144809       16.609539       -0.037316       28.439711        2.564389       12.893538        0.126068        0.158420
      4318       4318.000    343.8822       61.381417       44.226245       17.155172       -0.036979       28.456696        2.274098       13.486856        0.020246        0.025329
      4319       4319.000    360.5298       61.660803       43.675136       17.985666       -0.034910       28.566868        2.674683       12.457416        0.004924        0.006156
      4320       4320.000    386.8795       61.782703       42.482532       19.300171       -0.030212       28.788187        3.411550       10.143707        0.075113        0.094187
      4321       4321.000    446.1053       62.491247       40.236494       22.254753       -0.021276       29.130035        3.502861        7.134357        0.216902        0.273614
      4322       4322.000    512.1310       62.689429       37.140866       25.548563       -0.005294       29.594057        2.544229        4.055721        0.418997        0.533155
      4323       4323.000    563.8919       62.649506       34.518759       28.130747        0.021272       30.155031        1.192806        1.623101        0.667662        0.858887
      4324       4324.000    593.5388       63.419355       33.809621       29.609734        0.062203       30.774319        0.347704        0.436724        0.950399        1.238273
      4325       4325.000    574.0952       64.158238       35.518483       28.639755        0.120944       31.415089        0.185143        0.871219        1.260276        1.665812
      4326       4326.000    503.1965       64.244799       39.141951       25.102848        0.197210       32.029255        0.242422        2.956498        1.586468        2.130099
      4327       4327.000    410.6479       64.281371       43.795474       20.485897        0.283639       32.564621        0.225024        6.194766        1.914501        2.612923
      4328       4328.000    322.4093       64.892144       48.808182       16.083961        0.366618       32.982128        0.376625        9.746256        2.235059        3.101496
      4329       4329.000    230.1265       65.071437       53.591167       11.480270        0.430094       33.258343        0.964071       12.795307        2.547802        3.595549
      4330       4330.000    158.6499       65.036212       57.121679        7.914533        0.457491       33.369484        1.760157       14.605821        2.845492        4.083234
      4331       4331.000    130.2137       65.023364       58.527421        6.495943        0.441640       33.308960        2.317905       14.778216        3.124148        4.556552
      4332       4332.000    144.1492       64.969696       57.778557        7.191139        0.387375       33.083660        2.614244       13.290732        3.385656        5.016890
      4333       4333.000    180.6004       64.630715       55.621142        9.009573        0.308431       32.709877        3.039446       10.467903        3.631073        5.464412
      4334       4334.000    228.1185       64.318696       52.938600       11.380096        0.222620       32.218021        3.751648        6.999134        3.856766        5.890411
      4335       4335.000    285.1754       64.456041       50.229561       14.226480        0.143307       31.637259        4.386097        3.708721        4.062447        6.291731
      4336       4336.000    323.4090       64.044616       47.910783       16.133833        0.077674       30.992352        4.556882        1.364958        4.249816        6.669102
      4337       4337.000    355.7366       64.484231       46.737682       17.746550        0.029744       30.334488        4.403723        0.547608        4.413482        7.008637
      4338       4338.000    343.5201       64.445539       47.308429       17.137110       -0.002847       29.691122        4.382115        1.370579        4.555712        7.311748
      4339       4339.000    312.1875       64.994412       49.420385       15.574026       -0.022820       29.115307        4.494117        3.592511        4.673178        7.568092
      4340       4340.000    258.7231       64.935068       52.028207       12.906861       -0.034362       28.632109        4.108607        6.777528        4.767112        7.777213
      4341       4341.000    222.4386       65.156697       54.059950       11.096746       -0.040487       28.271114        2.798024       10.266855        4.834607        7.929837
      4342       4342.000    194.8000       65.152135       55.434194        9.717941       -0.043600       28.028267        1.094131       13.458745        4.874847        8.021804
      4343       4343.000    173.3477       65.259510       56.611751        8.647759       -0.045037       27.891991        0.152974       15.682796        4.884667        8.044360
      4344       4344.000    157.7960       65.420586       57.548653        7.871933       -0.045541       27.839304        0.491423       16.411676        4.861218        7.990572
      4345       4345.000    168.3036       65.766706       57.370584        8.396122       -0.045464       27.848093        1.512574       15.393590        4.803208        7.858582
      4346       4346.000    219.6208       66.371408       55.415233       10.956175       -0.044923       27.904024        2.384729       12.805693        4.711891        7.653820
      4347       4347.000    277.8182       66.240416       52.380963       13.859453       -0.043842       28.005280        3.198561        9.241140        4.591206        7.388618
      4348       4348.000    324.9940       66.321169       50.108269       16.212900       -0.041984       28.156633        4.809459        5.644438        4.451282        7.088440
      4349       4349.000    338.7527       66.494042       49.594765       16.899277       -0.038824       28.371889        7.497412        2.704155        4.296061        6.764072
      4350       4350.000    336.7925       66.938099       50.136608       16.801491       -0.033517       28.661190       10.113567        0.847780        4.127052        6.420536
      4351       4351.000    341.4112       67.327787       50.295883       17.031904       -0.024866       29.025236       11.082450        0.217461        3.941477        6.054125
      4352       4352.000    345.0517       66.881984       49.668468       17.213516       -0.011669       29.445129       10.068069        0.770955        3.735762        5.660221
      4353       4353.000    359.9424       67.164393       49.208029       17.956364        0.006103       29.874580        8.314486        2.259499        3.510598        5.242763
      4354       4354.000    363.8815       67.909088       49.756214       18.152874        0.027427       30.276136        7.070540        4.331371        3.258944        4.791795
      4355       4355.000    354.8577       68.494437       50.791732       17.702705        0.049285       30.609667        6.311815        6.535493        2.978475        4.306997
      4356       4356.000    353.1213       68.424179       50.808094       17.616085        0.067012       30.839624        5.088126        8.336195        2.675143        3.801994
      4357       4357.000    384.9512       68.346627       49.142655       19.203972        0.076161       30.944357        3.168128        9.292491        2.361862        3.299656
      4358       4358.000    441.3422       68.866242       46.849107       22.017136        0.074828       30.921764        1.721870        9.273335        2.046020        2.811291
      4359       4359.000    459.9174       68.437487       45.493691       22.943796        0.063952       30.781673        2.154280        8.425262        1.729678        2.338845
      4360       4360.000    476.5371       69.209140       45.436240       23.772900        0.047130       30.550163        4.432228        7.086207        1.423817        1.896695
      4361       4361.000    464.2567       68.783066       45.622795       23.160271        0.027998       30.251659        7.142178        5.602460        1.123275        1.475225
      4362       4362.000    482.8592       69.242701       45.154418       24.088284        0.010112       29.922876        8.913994        4.381799        0.838584        1.087053
      4363       4363.000    508.5365       69.781371       44.412128       25.369244       -0.005340       29.579077        9.803696        3.734537        0.570027        0.730132
      4364       4364.000    506.9106       69.745204       44.457069       25.288136       -0.017901       29.232855       10.562122        3.931733        0.329982        0.418278
      4365       4365.000    498.7460       70.311665       45.430836       24.880829       -0.027569       28.896290       11.209994        5.034088        0.140884        0.177149
      4366       4366.000    486.7962       70.585888       46.301197       24.284691       -0.034815       28.572350       10.887776        6.819986        0.024830        0.031070
      4367       4367.000    491.9521       70.656622       46.114721       24.541901       -0.039972       28.272202        9.082747        8.787989        0.005224        0.006532
      4368       4368.000    536.3242       71.813775       45.058289       26.755486       -0.043411       28.010983        6.511592       10.368362        0.093469        0.117294
      4369       4369.000    542.8099       71.058704       43.979671       27.079033       -0.045546       27.802404        4.374711       11.187841        0.291444        0.368817
      4370       4370.000    560.3749       71.199079       43.243783       27.955296       -0.046626       27.673962        3.210958       11.086411        0.578205        0.740873
      4371       4371.000    585.8246       71.661191       42.436290       29.224901       -0.046928       27.636803        2.517382       10.171616        0.937148        1.220269
      4372       4372.000    607.7614       71.851531       41.532279       30.319252       -0.046558       27.692053        2.069983        8.667724        1.352925        1.796152
      4373       4373.000    600.1866       71.418355       41.476983       29.941372       -0.045498       27.825644        2.552322        6.880830        1.808544        2.455141
      4374       4374.000    563.6421       71.444460       43.326176       28.118284       -0.043727       28.009073        4.736984        5.163079        2.283660        3.177107
      4375       4375.000    496.4274       71.823936       47.058774       24.765162       -0.041329       28.210272        8.357157        3.818858        2.764703        3.949114
      4376       4376.000    406.6415       71.831799       51.545765       20.286034       -0.038594       28.399128       12.131159        3.063226        3.237233        4.753614
      4377       4377.000    329.9325       71.993307       55.534040       16.459267       -0.036006       28.551214       14.843851        2.934942        3.681566        5.558473
      4378       4378.000    266.1659       71.864841       58.586685       13.278155       -0.033984       28.656132       16.273520        3.258302        4.088736        6.343981
      4379       4379.000    238.0708       72.483535       60.606948       11.876587       -0.032781       28.712940       16.658365        3.733236        4.449828        7.085359
      4380       4380.000    233.5712       72.896850       61.244736       11.652114       -0.032366       28.730143       15.892220        4.083496        4.775401        7.795843
      4381       4381.000    261.7870       72.937256       59.877548       13.059708       -0.032629       28.715614       13.560984        4.102001        5.064955        8.466623
      4382       4382.000    333.5150       73.293080       56.655091       16.637989       -0.033461       28.674154        9.901743        3.702124        5.319421        9.091111
      4383       4383.000    412.2707       73.432515       52.865659       20.566856       -0.034850       28.603439        6.150310        2.918121        5.547014        9.681624
      4384       4384.000    464.7781       73.377103       50.190821       23.186281       -0.036792       28.497501        3.831998        1.910872        5.749926       10.237316
      4385       4385.000    486.9415       73.657793       49.365857       24.291937       -0.039190       28.351517        3.442816        0.928184        5.928915       10.753614
      4386       4386.000    463.4380       73.214378       50.094953       23.119425       -0.041806       28.165689        4.431329        0.227999        6.085040       11.226701
      4387       4387.000    414.6595       72.690736       52.004712       20.686024       -0.044247       27.954216        6.236771        0.004673        6.214903       11.638397
      4388       4388.000    351.0763       72.705102       55.191037       17.514065       -0.046201       27.739878        8.918196        0.285981        6.317277       11.975907
      4389       4389.000    256.7514       72.483922       59.675423       12.808498       -0.047540       27.550161       12.574860        0.971874        6.392881       12.233187
      4390       4390.000    163.3257       72.516111       64.368318        8.147793       -0.048272       27.419100       16.284573        1.873003        6.440595       12.399320
      4391       4391.000    103.0860       72.698991       67.556363        5.142628       -0.048507       27.370924       18.513351        2.790896        6.460427       12.469272
      4392       4392.000     91.9934       72.783942       68.194689        4.589253       -0.048296       27.417356       18.384857        3.551010        6.451620       12.438141
      4393       4393.000    130.5767       73.081417       66.567369        6.514049       -0.047542       27.555683       16.360521        3.986369        6.412211       12.300126
      4394       4394.000    186.6066       72.944399       63.635200        9.309198       -0.046004       27.772333       13.543239        3.977846        6.338928       12.048859
      4395       4395.000    251.0682       72.506616       59.981633       12.524983       -0.043481       28.035624       10.564569        3.495944        6.232715       11.696263
      4396       4396.000    339.4387       72.469807       55.536307       16.933500       -0.039855       28.318352        7.236602        2.664135        6.096071       11.261002
      4397       4397.000    431.0945       72.190484       50.684569       21.505915       -0.034957       28.610254        3.715019        1.707074        5.930087       10.757091
      4398       4398.000    498.2391       71.874747       47.019206       24.855541       -0.028589       28.906826        1.291746        0.900266        5.739875       10.209083
      4399       4399.000    508.0802       71.470712       46.124231       25.346481       -0.020277       29.214703        1.328411        0.438282        5.529119        9.633993
      4400       4400.000    465.7673       71.316480       48.080850       23.235630       -0.009209       29.543730        3.822630        0.382705        5.299661        9.041333
      4401       4401.000    399.8083       71.389583       51.444435       19.945148        0.005748       29.901243        7.384918        0.674577        5.049100        8.428848
      4402       4402.000    331.3647       71.300046       54.769334       16.530712        0.025613       30.282957       10.712533        1.187316        4.772223        7.788693
      4403       4403.000    272.5763       71.283210       57.685259       13.597951        0.050229       30.665485       13.626883        1.759787        4.465109        7.117766
      4404       4404.000    211.1157       70.920006       60.388125       10.531881        0.077552       31.015125       16.528839        2.230105        4.123363        6.413140
      4405       4405.000    186.4866       71.559628       62.256411        9.303217        0.102668       31.288427       18.964481        2.452481        3.753900        5.694454
      4406       4406.000    201.8823       72.057787       61.986531       10.071256        0.121562       31.469814       19.744667        2.364611        3.343793        4.942084
      4407       4407.000    275.0701       72.424420       58.702059       13.722361        0.130114       31.542707       17.945051        1.991734        2.906699        4.185754
      4408       4408.000    384.7364       72.489198       53.295943       19.193254        0.127453       31.510885       14.276492        1.465691        2.460155        3.455267
      4409       4409.000    481.8415       71.863909       47.826391       24.037518        0.116260       31.397261       10.537429        0.976509        2.022829        2.776103
      4410       4410.000    574.6774       72.250180       43.581381       28.668798        0.101234       31.238855        7.764975        0.699958        1.610887        2.165473
      4411       4411.000    629.1823       71.600835       40.212962       31.387873        0.086189       31.069309        5.473366        0.748751        1.222433        1.612913
      4412       4412.000    691.2184       71.743855       37.261197       34.482658        0.073781       30.919231        3.104663        1.166754        0.868887        1.127880
      4413       4413.000    732.6526       71.814797       35.265122       36.549675        0.064498       30.799711        1.229424        1.910572        0.553055        0.707863
      4414       4414.000    720.5468       71.473992       35.528237       35.945755        0.057950       30.710825        1.278873        2.824309        0.289699        0.366581
      4415       4415.000    650.1161       70.740769       38.308571       32.432198        0.053469       30.646708        3.742051        3.638632        0.100968        0.126744
      4416       4416.000    563.5770       70.250502       42.135466       28.115036        0.050573       30.602249        7.406741        4.058162        0.007884        0.009858
      4417       4417.000    517.8497       71.100960       45.267108       25.833853        0.049111       30.576231       10.685122        3.912047        0.019811        0.024785
      4418       4418.000    492.5381       71.904602       47.333465       24.571136        0.049219       30.571344       13.174278        3.233613        0.135133        0.169877
      4419       4419.000    455.5934       71.761411       49.033328       22.728083        0.051296       30.594080       15.353603        2.259993        0.341397        0.432958
      4420       4420.000    424.8511       71.809610       50.615162       21.194448        0.055799       30.650925       17.165161        1.344470        0.612631        0.786176
      4421       4421.000    428.8724       72.565979       51.170919       21.395060        0.063066       30.744545       17.451590        0.774098        0.928749        1.208871
      4422       4422.000    482.6960       73.909210       49.829063       24.080147        0.072952       30.869217       15.173322        0.733566        1.282723        1.697283
      4423       4423.000    527.7132       73.570148       47.244241       26.325907        0.084207       31.006002       10.899467        1.322458        1.674320        2.257787
      4424       4424.000    579.5106       74.309228       45.399312       28.909916        0.093687       31.118658        6.757878        2.468611        2.086917        2.873560
      4425       4425.000    582.5375       74.577218       45.516303       29.060915        0.097981       31.174402        4.192536        3.972812        2.522949        3.555623
      4426       4426.000    542.4711       74.158171       47.096036       27.062136        0.093906       31.141985        3.135417        5.464387        2.969153        4.291188
      4427       4427.000    506.7524       73.976028       48.695785       25.280243        0.080439       31.002680        2.648254        6.505608        3.405787        5.053016
      4428       4428.000    478.1781       73.635488       49.780726       23.854761        0.059198       30.750607        2.537362        6.793020        3.820179        5.820362
      4429       4429.000    457.8457       73.841575       51.001132       22.840443        0.034133       30.396563        3.553896        6.248574        4.200114        6.567852
      4430       4430.000    414.5725       73.601475       52.919788       20.681686        0.009560       29.961977        6.095162        5.021758        4.544265        7.287066
      4431       4431.000    378.6023       73.773890       54.886645       18.887245       -0.010853       29.487783        9.156220        3.443350        4.848542        7.961602
      4432       4432.000    368.3871       74.120801       55.743157       18.377644       -0.026051       29.004948       11.142761        1.903394        5.119806        8.598299
      4433       4433.000    379.5869       74.214644       55.278281       18.936363       -0.036451       28.535547       11.355228        0.851195        5.365267        9.207494
      4434       4434.000    402.2675       74.687301       54.619474       20.067827       -0.043062       28.092920       10.434896        0.751055        5.589121        9.794542
      4435       4435.000    404.8445       75.269698       55.073310       20.196388       -0.047020       27.672796        9.313881        1.964420        5.797426       10.371807
      4436       4436.000    370.0624       75.354566       56.893348       18.461218       -0.049110       27.271017        8.136975        4.601120        5.991818       10.941527
      4437       4437.000    327.7058       75.641227       59.293040       16.348186       -0.049870       26.893198        6.507419        8.285038        6.168377       11.488878
      4438       4438.000    293.2902       76.256394       61.625092       14.631302       -0.049751       26.545824        4.497010       12.303353        6.325410       12.003245
      4439       4439.000    256.1886       76.658635       63.878213       12.780422       -0.049140       26.243402        2.891673       15.855311        6.462028       12.474938
      4440       4440.000    212.8500       76.608298       65.989898       10.618401       -0.048420       26.013138        2.359744       18.204086        6.575424       12.885925
      4441       4441.000    189.2048       76.694980       67.256161        9.438819       -0.047933       25.882479        2.643566       18.898254        6.662979       13.216816
      4442       4442.000    197.6663       76.775529       66.914594        9.860935       -0.047868       25.863136        3.038051       17.872515        6.725945       13.462814
      4443       4443.000    228.5184       76.381470       64.981423       11.400047       -0.048238       25.954201        3.357168       15.333393        6.765167       13.619732
      4444       4444.000    281.6718       76.371824       62.320127       14.051697       -0.048882       26.138666        3.951567       11.815310        6.780718       13.682749
      4445       4445.000    338.8389       76.625366       59.721786       16.903580       -0.049540       26.395321        4.940878        8.007413        6.773653       13.654060
      4446       4446.000    384.0564       76.706714       57.547378       19.159336       -0.049899       26.700609        5.809962        4.804590        6.744686       13.537430
      4447       4447.000    424.5616       77.270818       56.090810       21.180008       -0.049657       27.032133        6.016269        3.056596        6.694883       13.340586
      4448       4448.000    422.4082       77.083324       56.010740       21.072584       -0.048528       27.381372        5.797793        3.187477        6.624140       13.068485
      4449       4449.000    387.7423       77.214934       57.871721       19.343212       -0.046259       27.736542        5.855281        5.062816        6.533084       12.730258
      4450       4450.000    331.0456       77.672266       61.157471       16.514795       -0.042578       28.096323        6.273167        8.088232        6.418904       12.323422
      4451       4451.000    268.0917       77.763045       64.388815       13.374229       -0.037250       28.455875        6.335422       11.518111        6.276531       11.840126
      4452       4452.000    223.7309       77.417679       66.256468       11.161211       -0.030487       28.793713        5.571268       14.540209        6.102066       11.279699
      4453       4453.000    218.4280       77.569271       66.672604       10.896667       -0.023312       29.077002        4.646530       16.432562        5.892727       10.647095
      4454       4454.000    224.8553       77.485585       66.268280       11.217304       -0.017219       29.280462        4.687210       16.752302        5.638099        9.927426
      4455       4455.000    255.9872       77.754791       64.984415       12.770376       -0.014165       29.373497        5.851076       15.298475        5.337831        9.137700
      4456       4456.000    318.1927       77.729225       61.855615       15.873610       -0.015246       29.341948        6.962129       12.293082        4.988373        8.285330
      4457       4457.000    417.9896       77.438265       56.586112       20.852154       -0.020125       29.187788        6.947501        8.471203        4.597482        7.402263
      4458       4458.000    524.6467       76.914818       50.741888       26.172930       -0.027135       28.932112        6.345760        4.801938        4.174072        6.515141
      4459       4459.000    603.1858       76.853458       46.762466       30.090992       -0.034212       28.613312        6.680941        2.132652        3.726673        5.643100
      4460       4460.000    618.6226       76.432998       45.571914       30.861084       -0.039925       28.278543        8.337281        0.951241        3.256783        4.787991
      4461       4461.000    603.4522       75.861884       45.757602       30.104282       -0.043730       27.981304        9.671467        1.421200        2.769809        3.957552
      4462       4462.000    606.7782       75.623186       45.352981       30.270205       -0.045880       27.761580        8.807404        3.409161        2.268007        3.152711
      4463       4463.000    625.5959       75.443757       44.234794       31.208963       -0.046886       27.636950        5.933010        6.588217        1.751935        2.371569
      4464       4464.000    634.0524       75.553103       43.922278       31.630825       -0.047132       27.606737        3.123018       10.374144        1.235022        1.630489
      4465       4465.000    604.9675       75.320115       45.140237       30.179878       -0.046804       27.657728        1.932347       13.881324        0.748837        0.966804
      4466       4466.000    572.0178       74.909444       46.373323       28.536121       -0.045915       27.773386        1.830500       16.021910        0.349742        0.443701
      4467       4467.000    569.7001       73.937112       45.516616       28.420496       -0.044326       27.942881        1.388992       16.021597        0.092013        0.115460
      4468       4468.000    628.5360       73.871614       42.515981       31.355633       -0.041698       28.165220        0.518279       13.873171        0.000448        0.000560
      4469       4469.000    695.3624       74.117014       39.427630       34.689384       -0.037247       28.455648        0.601569       10.272598        0.059943        0.075117
      4470       4470.000    701.5603       73.131188       38.132607       34.998581       -0.029498       28.833551        2.519602        6.271441        0.237566        0.299945
      4471       4471.000    686.5988       72.536166       38.283968       34.252197       -0.016100       29.307283        4.971260        2.902125        0.491723        0.627677
      4472       4472.000    685.1842       72.402876       38.221247       34.181629        0.006846       29.880714        5.736310        0.775915        0.794115        1.027346
      4473       4473.000    686.2358       71.915944       37.681855       34.234089        0.044684       30.538435        4.240388        0.243333        1.130207        1.484808
      4474       4474.000    669.6343       71.855592       38.449697       33.405895        0.102032       31.233713        2.169734        1.465358        1.489037        1.989824
      4475       4475.000    606.5330       72.520024       42.262051       30.257973        0.179928       31.908947        1.406909        4.361645        1.865255        2.539368
      4476       4476.000    475.3932       72.415399       48.699565       23.715834        0.272027       32.505314        1.999229        8.537394        2.254269        3.131333
      4477       4477.000    351.6414       72.790192       55.247937       17.542255        0.359943       32.957588        2.495090       13.053994        2.638713        3.742609
      4478       4478.000    253.8634       72.591845       59.927418       12.664428        0.422405       33.232109        2.049934       16.849993        3.010878        4.362099
      4479       4479.000    206.4933       72.655002       62.353715       10.301287        0.440331       33.303898        1.352063       18.941294        3.354662        4.961468
      4480       4480.000    195.5542       72.910559       63.154989        9.755569        0.409347       33.173656        1.432008       18.936169        3.668933        5.534875
      4481       4481.000    191.3896       71.990971       62.443161        9.547811        0.340362       32.859421        2.261630       16.945673        3.955208        6.080867
      4482       4482.000    237.9175       71.695438       59.826503       11.868935        0.257734       32.419849        2.758031       13.623363        4.199969        6.567558
      4483       4483.000    336.0859       72.217048       55.450807       16.766241        0.176320       31.884470        2.341347        9.612302        4.418072        7.018296
      4484       4484.000    440.3674       72.658354       50.689844       21.968510        0.105141       31.275047        1.517533        5.717008        4.621183        7.453932
      4485       4485.000    504.5621       72.620702       47.449725       25.170977        0.049596       30.625977        1.090568        2.994359        4.811613        7.877613
      4486       4486.000    511.2155       72.170378       46.667490       25.502888        0.010112       29.970850        1.080140        2.334406        4.987861        8.284122
      4487       4487.000    492.6404       72.722300       48.146061       24.576239       -0.015840       29.339350        0.955538        4.058769        5.146152        8.662092
      4488       4488.000    421.3949       72.560023       51.537990       21.022034       -0.031981       28.745552        0.646818        7.886530        5.285436        9.005635
      4489       4489.000    329.7086       72.913503       56.465402       16.448101       -0.041028       28.229448        0.682945       12.902018        5.398746        9.293273
      4490       4490.000    211.2078       72.664509       62.128031       10.536478       -0.045664       27.815859        1.286568       18.075281        5.483211        9.512776
      4491       4491.000    127.5783       73.166313       66.801846        6.364468       -0.047701       27.540491        1.860638       22.269215        5.533518        9.645685
      4492       4492.000     78.9252       73.269885       69.332560        3.937325       -0.048450       27.403446        1.822849       24.916670        5.549579        9.688466
      4493       4493.000     77.1603       73.266619       69.417343        3.849276       -0.048447       27.407457        1.472942       25.423656        5.528741        9.632994
      4494       4494.000    109.2132       73.180659       67.732366        5.448293       -0.047789       27.535200        1.724310       23.570667        5.470505        9.479473
      4495       4495.000    167.7677       73.154957       64.785566        8.369391       -0.046265       27.757954        2.850641       19.607082        5.377471        9.238683
      4496       4496.000    249.7295       72.981843       60.523643       12.458200       -0.043483       28.048433        4.054372       14.280907        5.254647        8.928766
      4497       4497.000    341.7203       72.387128       55.339806       17.047321       -0.038947       28.385038        4.534301        8.773718        5.110310        8.575386
      4498       4498.000    438.0183       72.641843       50.790523       21.851320       -0.032020       28.755688        4.624901        4.285137        4.953377        8.203440
      4499       4499.000    497.5709       73.376906       48.554701       24.822205       -0.021423       29.169693        5.297904        1.504748        4.785404        7.818375
      4500       4500.000    495.5024       73.715693       48.996680       24.719013       -0.005199       29.634714        6.605095        0.733453        4.606571        7.422047
      4501       4501.000    461.7794       73.593726       50.557044       23.036682        0.018938       30.143957        7.146029        1.818397        4.415931        7.013791
      4502       4502.000    448.2889       73.834911       51.471225       22.363686        0.052707       30.673609        5.697665        4.250823        4.209504        6.586917
      4503       4503.000    445.0522       73.986910       51.784693       22.202217        0.096102       31.190199        2.968800        7.425590        3.978210        6.125792
      4504       4504.000    445.0688       75.057290       52.854241       22.203049        0.144127       31.640005        1.077178       10.653900        3.716002        5.623028
      4505       4505.000    408.3402       75.527100       55.156323       20.370777        0.187591       31.976912        1.226324       13.283292        3.414152        5.068053
      4506       4506.000    355.5559       74.775854       57.038316       17.737537        0.213660       32.153996        2.478621       14.633337        3.079370        4.479334
      4507       4507.000    365.3737       74.662583       56.435265       18.227318        0.213787       32.149582        3.095859       14.350526        2.731360        3.894151
      4508       4508.000    439.0970       75.470809       53.565675       21.905134        0.188751       31.969587        3.100844       12.612460        2.374488        3.319545
      4509       4509.000    496.6270       75.550543       50.775427       24.775116        0.145939       31.629576        4.294134        9.936387        2.011079        2.758313
      4510       4510.000    516.6794       75.779676       50.004209       25.775467        0.097817       31.173555        7.786058        7.060401        1.655721        2.230656
      4511       4511.000    514.7992       76.059356       50.377685       25.681671        0.054309       30.653532       12.047935        4.570248        1.312511        1.739151
      4512       4512.000    539.1979       76.439749       49.540907       26.898842        0.020277       30.121220       14.235251        2.895139        0.984421        1.284599
      4513       4513.000    584.3430       75.864982       46.713996       29.150986       -0.004083       29.612146       13.228768        2.332510        0.675449        0.869205
      4514       4514.000    639.7809       75.588616       43.672009       31.916607       -0.020442       29.151501       10.602942        3.027675        0.400773        0.509562
      4515       4515.000    688.5035       76.730321       42.383103       34.347218       -0.031278       28.739061        8.413300        4.859505        0.178152        0.224363
      4516       4516.000    689.1956       77.112116       42.730371       34.381744       -0.038522       28.362896        6.907576        7.421535        0.034145        0.042742
      4517       4517.000    661.7748       75.908441       42.894632       33.013809       -0.043217       28.025030        4.987726        9.913946        0.004953        0.006193
      4518       4518.000    675.8975       75.646105       41.927760       33.718346       -0.046079       27.736349        2.521317       11.476341        0.106328        0.133503
      4519       4519.000    695.7955       75.722325       41.011334       34.710991       -0.047724       27.504116        1.095798       11.713207        0.328966        0.416971
      4520       4520.000    657.6047       74.581297       41.775518       32.805779       -0.048548       27.346514        2.304494       10.693363        0.647495        0.832200
      4521       4521.000    607.4248       74.368538       44.066075       30.302464       -0.048808       27.286268        5.627142        8.841646        1.022796        1.337031
      4522       4522.000    579.7425       75.275404       46.353922       28.921482       -0.048616       27.333250        9.100111        6.626214        1.433080        1.909884
      4523       4523.000    560.2527       75.935306       47.986106       27.949200       -0.047871       27.484137       11.679657        4.449900        1.871544        2.548740
      4524       4524.000    522.2501       76.056329       50.002957       26.053371       -0.046328       27.716173       14.041815        2.716074        2.328298        3.246925
      4525       4525.000    459.3798       76.504721       53.587744       22.916977       -0.043815       27.989594       17.094604        1.764859        2.790578        3.991924
      4526       4526.000    353.6339       75.887642       58.245987       17.641655       -0.040438       28.262960       20.220886        1.775843        3.250247        4.776489
      4527       4527.000    280.3897       75.863643       61.875906       13.987738       -0.036857       28.490911       21.525549        2.657872        3.681005        5.557425
      4528       4528.000    250.3881       75.689853       63.198798       12.491055       -0.033811       28.653416       20.126978        4.050415        4.078396        6.323405
      4529       4529.000    269.5013       75.989047       62.544493       13.444553       -0.031961       28.741001       16.894224        5.456256        4.433706        7.051267
      4530       4530.000    313.6953       76.554018       60.904774       15.649244       -0.031510       28.759556       13.223204        6.462178        4.750775        7.740570
      4531       4531.000    363.8604       76.755799       58.603976       18.151823       -0.032271       28.722399        9.692762        6.801237        5.031880        8.387968
      4532       4532.000    439.0869       77.316400       55.411770       21.904631       -0.033824       28.646593        6.141953        6.395615        5.276975        8.984458
      4533       4533.000    505.0172       76.957147       51.763467       25.193680       -0.035821       28.543650        2.873270        5.349193        5.493458        9.539718
      4534       4534.000    543.5213       76.479517       49.364994       27.114523       -0.038030       28.419258        1.313253        3.939075        5.682386       10.049052
      4535       4535.000    549.4340       77.107106       49.697616       27.409491       -0.040363       28.270964        2.574528        2.530612        5.847205       10.514670
      4536       4536.000    489.9857       77.216963       52.773159       24.443804       -0.042756       28.092133        6.295311        1.492160        5.992558       10.943754
      4537       4537.000    395.0397       76.943004       57.235745       19.707258       -0.044995       27.886280       10.822330        1.131523        6.116321       11.324286
      4538       4538.000    304.1512       76.947435       61.774313       15.173121       -0.046841       27.667322       14.797831        1.499175        6.215734       11.641093
      4539       4539.000    216.8131       76.876759       66.060654       10.816105       -0.048156       27.456846       18.075533        2.401656        6.289995       11.884779
      4540       4540.000    142.7609       76.940566       69.818686        7.121880       -0.048925       27.287163       20.683067        3.514397        6.337831       12.045154
      4541       4541.000     97.9385       76.849372       71.963536        4.885836       -0.049262       27.189943       21.824318        4.522541        6.358997       12.116999
      4542       4542.000    114.0547       76.797510       71.107691        5.689819       -0.049271       27.189709       20.351034        5.166432        6.353046       12.096741
      4543       4543.000    199.9846       77.117820       67.141232        9.976587       -0.048935       27.292648       16.289934        5.304095        6.319642       11.983848
      4544       4544.000    308.1816       76.875404       61.501217       15.374187       -0.048042       27.491459       11.155224        4.871171        6.256690       11.774716
      4545       4545.000    412.5252       76.817332       56.237782       20.579550       -0.046306       27.756344        6.962679        3.923625        6.164599       11.476840
      4546       4546.000    498.0534       76.970899       52.124623       24.846275       -0.043465       28.056606        4.317318        2.653581        6.043124       11.097459
      4547       4547.000    546.6809       76.364363       49.092219       27.272144       -0.039405       28.365627        2.845436        1.377381        5.893581       10.649597
      4548       4548.000    586.2827       76.784447       47.536697       29.247749       -0.034215       28.662832        2.587743        0.441716        5.721357       10.157264
      4549       4549.000    553.0757       76.147499       48.556335       27.591164       -0.027770       28.951284        4.444355        0.034492        5.526617        9.627356
      4550       4550.000    477.9183       76.448219       52.606418       23.841801       -0.019918       29.233688        8.824814        0.173562        5.314805        9.079467
      4551       4551.000    355.3708       76.033964       58.305660       17.728304       -0.009988       29.525963       14.488155        0.713248        5.081677        8.506604
      4552       4552.000    252.7052       75.603983       62.997334       12.606649        0.002405       29.827368       18.994932        1.428043        4.828544        7.916041
      4553       4553.000    203.2784       75.241785       65.100882       10.140903        0.017210       30.127779       21.002464        2.098055        4.551884        7.303489
      4554       4554.000    218.8619       75.863696       64.945383       10.918313        0.033362       30.405249       21.040300        2.558609        4.246186        6.661676
      4555       4555.000    250.4572       75.938026       63.443528       12.494498        0.049320       30.642019       20.166830        2.732505        3.892891        5.959963
      4556       4556.000    308.1107       75.948101       60.577450       15.370651        0.061531       30.802292       18.377132        2.604326        3.503091        5.229078
      4557       4557.000    404.7452       75.800589       55.609154       20.191435        0.067506       30.871302       14.817737        2.273792        3.086763        4.492054
      4558       4558.000    513.1087       74.603779       49.006443       25.597336        0.066790       30.853258        9.733153        1.919984        2.658472        3.774786
      4559       4559.000    616.8384       73.893866       43.121786       30.772079        0.061132       30.770554        5.215294        1.725403        2.240093        3.109310
      4560       4560.000    679.0054       73.945677       40.072287       33.873390        0.053422       30.656713        3.231779        1.794276        1.837706        2.498390
      4561       4561.000    679.8837       73.925538       40.008332       33.917206        0.046503       30.549410        3.866370        2.152664        1.453862        1.939522
      4562       4562.000    640.3297       73.253176       41.309193       31.943983        0.042495       30.482950        5.509781        2.745619        1.093800        1.434549
      4563       4563.000    600.8724       72.620782       42.645196       29.975586        0.042475       30.477926        6.934353        3.435945        0.765475        0.989022
      4564       4564.000    582.6293       73.397285       44.331786       29.065498        0.046626       30.536659        8.635420        4.028318        0.476683        0.608080
      4565       4565.000    506.9902       72.536473       47.244370       25.292103        0.054767       30.649977       11.698058        4.305305        0.237018        0.299245
      4566       4566.000    429.5423       72.037109       50.608631       21.428478        0.066148       30.798267       15.505094        4.070723        0.074714        0.093685
      4567       4567.000    408.9326       72.822102       52.421776       20.400326        0.080323       30.967682       18.056622        3.310007        0.003175        0.003969
      4568       4568.000    413.1999       72.280022       51.666813       20.613209        0.097443       31.153620       18.147673        2.208995        0.026243        0.032839
      4569       4569.000    458.1619       72.292982       49.436765       22.856216        0.116768       31.344194       16.499912        1.171552        0.134837        0.169501
      4570       4570.000    501.4427       72.564162       47.548806       25.015356        0.138308       31.538271       14.624981        0.541999        0.311154        0.394092
      4571       4571.000    521.3289       72.458393       46.450981       26.007412        0.161731       31.732866       12.797418        0.531808        0.538440        0.688717
      4572       4572.000    556.8582       72.843853       45.063995       27.779858        0.185688       31.918634        9.965045        1.154097        0.802263        1.038268
      4573       4573.000    588.8717       72.220939       42.844032       29.376907        0.207622       32.080479        5.747142        2.267608        1.099195        1.441986
      4574       4574.000    621.7344       72.217072       41.200753       31.016319        0.222225       32.188110        1.878227        3.594769        1.422542        1.894880
      4575       4575.000    615.8814       72.757648       42.033313       30.724335        0.223638       32.209484        0.602086        4.819386        1.774257        2.404463
      4576       4576.000    540.9199       72.469382       45.484631       26.984751        0.207467       32.114456        2.423506        5.610917        2.153203        2.975082
      4577       4577.000    443.3409       71.533332       49.416486       22.116846        0.174206       31.886578        5.523322        5.700673        2.543339        3.588369
      4578       4578.000    397.2440       71.624407       51.807186       19.817221        0.129878       31.529449        7.967712        5.042960        2.923370        4.213817
      4579       4579.000    358.5021       70.838570       52.954058       17.884512        0.081898       31.051163        9.874448        3.814324        3.288419        4.843806
      4580       4580.000    323.3153       70.453535       54.324377       16.129158        0.039394       30.497801       12.338961        2.381526        3.620988        5.445708
      4581       4581.000    284.3145       70.408127       56.224593       14.183534        0.006590       29.914762       15.274030        1.093920        3.920979        6.014312
      4582       4582.000    271.4904       70.723566       57.179788       13.543778       -0.016008       29.348869       16.838413        0.262718        4.192791        6.553005
      4583       4583.000    300.3241       70.861180       55.878980       14.982200       -0.030437       28.829885       15.401372        0.156580        4.445462        7.076118
      4584       4584.000    334.9783       69.844822       53.133835       16.710987       -0.039135       28.375153       11.521200        0.998813        4.684564        7.593241
      4585       4585.000    384.5017       70.478997       51.297446       19.181551       -0.044123       27.993504        7.543958        2.801242        4.907012        8.095853
      4586       4586.000    373.7984       70.323375       51.675781       18.647594       -0.047104       27.651672        4.877416        5.462035        5.123805        8.607957
      4587       4587.000    349.2481       70.910683       53.487820       17.422863       -0.048789       27.342554        3.307848        8.451873        5.326169        9.108165
      4588       4588.000    315.1137       70.745073       55.025066       15.720007       -0.049638       27.053812        1.805454       11.119776        5.510635        9.585027
      4589       4589.000    291.7908       70.265852       55.709353       14.556499       -0.049903       26.799044        0.550898       12.741340        5.665490       10.002484
      4590       4590.000    280.3349       70.363178       56.378176       13.985003       -0.049844       26.600536        0.749900       12.957689        5.784595       10.335299
      4591       4591.000    256.6708       70.493845       57.689367       12.804478       -0.049717       26.481918        2.990645       11.819552        5.869030       10.577938
      4592       4592.000    231.5684       70.503019       58.950819       11.552200       -0.049708       26.469532        6.234378        9.650333        5.919750       10.726534
      4593       4593.000    236.2572       70.686868       58.900756       11.786112       -0.049841       26.578062        8.726371        6.925377        5.938565       10.782222
      4594       4594.000    254.2382       70.075551       57.392428       12.683124       -0.049889       26.806425        9.822977        4.136065        5.927479       10.749371
      4595       4595.000    288.2679       70.053229       55.672472       14.380757       -0.049387       27.127535       10.176662        1.895224        5.888300       10.634138
      4596       4596.000    305.9663       70.151422       54.887751       15.263671       -0.047725       27.515419       10.489343        0.668400        5.821544       10.440770
      4597       4597.000    295.3249       69.845639       55.112834       14.732805       -0.044335       27.934090       10.449305        0.868044        5.728504       10.177227
      4598       4598.000    281.4810       69.702870       55.660690       14.042180       -0.039029       28.344017        9.337132        2.548472        5.612456        9.857642
      4599       4599.000    265.8313       69.537431       56.275966       13.261465       -0.031984       28.722830        7.292669        5.328261        5.474433        9.489757
      4600       4600.000    256.3400       70.076387       57.288413       12.787974       -0.023807       29.054253        5.346782        8.516308        5.314978        9.079900
      4601       4601.000    230.2074       70.202287       58.717985       11.484303       -0.015145       29.336330        4.198109       11.451412        5.128345        8.618934
      4602       4602.000    208.6175       70.019882       59.612626       10.407255       -0.007253       29.555071        3.582801       13.454649        4.914410        8.112948
      4603       4603.000    221.7826       69.943009       58.878992       11.064016       -0.001527       29.698721        2.840870       14.105006        4.671511        7.564412
      4604       4604.000    268.1944       69.859690       56.480337       13.379353        0.000859       29.758226        2.068383       13.295778        4.392508        6.964582
      4605       4605.000    326.0186       69.593518       53.329504       16.264013       -0.000873       29.723183        2.013628       11.209363        4.072506        6.311698
      4606       4606.000    392.2572       69.721407       50.152960       19.568447       -0.006592       29.588238        2.874595        8.368362        3.712295        5.616062
      4607       4607.000    443.7775       69.042134       46.903506       22.138628       -0.015156       29.356062        3.843558        5.522497        3.311631        4.884913
      4608       4608.000    516.4697       69.478175       43.713168       25.765007       -0.024536       29.048050        4.122406        3.529225        2.886384        4.151639
      4609       4609.000    567.5732       69.824450       41.510054       28.314396       -0.033120       28.687042        4.097404        2.900167        2.438202        3.420358
      4610       4610.000    569.9545       70.004815       41.571625       28.433189       -0.039682       28.315779        4.793200        3.806908        1.981619        2.713801
      4611       4611.000    525.1190       69.952191       43.755698       26.196493       -0.043923       27.983946        6.228374        6.003569        1.532092        2.051640
      4612       4612.000    458.0058       69.043068       46.194638       22.848431       -0.046239       27.736586        6.963269        8.985088        1.105396        1.450537
      4613       4613.000    446.9375       69.376313       47.080040       22.296272       -0.047216       27.604645        5.785820       12.081417        0.723002        0.932372
      4614       4614.000    450.8190       68.999392       46.509490       22.489902       -0.047323       27.590136        3.353411       14.720684        0.393031        0.499552
      4615       4615.000    474.0041       69.366464       45.719930       23.646534       -0.046694       27.681587        1.575766       16.174988        0.148058        0.186225
      4616       4616.000    493.2900       69.623232       45.014585       24.608646       -0.045217       27.858358        1.282281       15.883713        0.015750        0.019700
      4617       4617.000    532.6996       69.828078       43.253415       26.574663       -0.042636       28.097490        1.480613       13.674601        0.019257        0.024090
      4618       4618.000    621.7186       70.730070       39.714533       31.015537       -0.038537       28.384106        0.971482       10.047930        0.154796        0.194756
      4619       4619.000    709.0305       71.256021       35.884779       35.371243       -0.032154       28.718628        0.304493        5.993797        0.396272        0.503742
      4620       4620.000    726.7778       70.817430       34.560831       36.256599       -0.022289       29.104961        1.219728        2.647290        0.704018        0.907122
      4621       4621.000    691.8546       71.151270       36.636877       34.514393       -0.007189       29.546019        3.938815        0.759839        1.039492        1.359902
      4622       4622.000    617.6610       70.900474       40.087360       30.813114        0.015905       30.047350        6.263638        0.533941        1.384988        1.841538
      4623       4623.000    561.4460       70.553677       42.544947       28.008730        0.049466       30.588846        5.968081        1.873217        1.728387        2.336950
      4624       4624.000    529.5297       70.685263       44.268738       26.416525        0.094237       31.132980        3.640187        4.489524        2.067637        2.844172
      4625       4625.000    454.8212       70.310131       47.620567       22.689564        0.147055       31.631239        2.062088        8.002769        2.406815        3.370602
      4626       4626.000    344.1031       70.700192       53.533999       17.166193        0.197771       32.021420        2.913765       11.750542        2.740804        3.909698
      4627       4627.000    236.5549       71.659456       59.858496       11.800960        0.234375       32.266491        4.877945       14.947213        3.069719        4.462753
      4628       4628.000    173.8600       72.049428       63.376115        8.673313        0.246985       32.345974        5.535491       16.822926        3.393602        5.031137
      4629       4629.000    181.6021       71.904121       62.844580        9.059541        0.231013       32.247559        4.260078       16.818836        3.697949        5.589145
      4630       4630.000    231.2084       71.740087       60.205846       11.534241        0.191394       31.981335        2.962732       14.993133        3.969159        6.108095
      4631       4631.000    284.7750       72.058384       57.851879       14.206505        0.139690       31.577215        3.453355       11.899193        4.204887        6.577539
      4632       4632.000    324.0971       72.158678       55.990520       16.168158        0.088027       31.078560        5.151595        8.261656        4.409798        7.000885
      4633       4633.000    376.6891       72.017855       53.226051       18.791803        0.045298       30.546370        5.774251        4.896843        4.585993        7.377296
      4634       4634.000    457.0910       72.017551       49.214755       22.802795        0.013826       30.028101        4.196302        2.526188        4.738105        7.712233
      4635       4635.000    529.8298       72.369808       45.938308       26.431499       -0.008128       29.544697        1.742360        1.773215        4.871663        8.014501
      4636       4636.000    527.9623       72.248061       45.909728       26.338333       -0.023134       29.099260        0.417154        3.138231        4.989721        8.288496
      4637       4637.000    469.3879       72.923634       49.507386       23.416248       -0.033175       28.693739        0.549036        6.682353        5.089670        8.525763
      4638       4638.000    358.4142       72.808278       54.928151       17.880127       -0.039876       28.320551        0.880323       11.883059        5.168236        8.715858
      4639       4639.000    261.9506       73.202110       60.134243       13.067867       -0.044072       27.994110        0.673897       17.455868        5.217558        8.836882
      4640       4640.000    178.3881       73.514694       64.615489        8.899204       -0.046523       27.727953        0.679256       22.146511        5.233070        8.875221
      4641       4641.000    104.0935       73.520330       68.327443        5.192887       -0.047727       27.552338        1.849747       24.938402        5.211857        8.822826
      4642       4642.000     61.9939       73.432822       70.340148        3.092675       -0.048013       27.503262        3.750746       25.295666        5.154965        8.683522
      4643       4643.000     74.3618       73.104594       69.394924        3.709670       -0.047436       27.601419        5.018446       23.284267        5.066917        8.471310
      4644       4644.000    147.2048       72.852266       65.508693        7.343573       -0.045602       27.844254        5.165367       19.388191        4.953277        8.203207
      4645       4645.000    255.3463       72.793130       60.054729       12.738401       -0.041467       28.220808        4.996007       14.181469        4.814272        7.883640
      4646       4646.000    360.7405       72.702833       54.706653       17.996180       -0.033359       28.705254        5.291028        8.569654        4.652193        7.521885
      4647       4647.000    433.6748       71.957177       50.322541       21.634636       -0.019221       29.259436        5.710458        3.766227        4.472394        7.133248
      4648       4648.000    499.4105       72.101951       47.187977       24.913975        0.002773       29.839960        5.433667        0.892340        4.282694        6.736543
      4649       4649.000    516.1896       71.613939       45.862909       25.751030        0.035027       30.432314        4.562999        0.416515        4.083164        6.332890
      4650       4650.000    487.2102       71.423500       47.118156       24.305344        0.078743       31.010283        4.051544        2.169255        3.877688        5.930645
      4651       4651.000    418.3843       71.334443       50.462602       20.871841        0.134302       31.558788        4.180306        5.400239        3.663754        5.525212
      4652       4652.000    364.6237       72.134463       53.944563       18.189899        0.199048       32.054901        3.985919        9.157010        3.437519        5.110167
      4653       4653.000    314.1580       71.548816       55.876489       15.672327        0.267222       32.477707        2.625769       12.648985        3.188492        4.668314
      4654       4654.000    297.1776       70.936264       56.111033       14.825232        0.322655       32.770729        0.876374       15.008526        2.921717        4.211031
      4655       4655.000    309.2997       71.156978       55.727012       15.429966        0.349531       32.898918        0.386629       15.719530        2.635317        3.737087
      4656       4656.000    310.7179       70.616511       55.115799       15.500711        0.339019       32.844814        1.781321       14.586855        2.323846        3.239944
      4657       4657.000    345.1435       70.520456       53.302362       17.218094        0.294279       32.611778        3.777130       11.870687        2.002759        2.745729
      4658       4658.000    426.2047       70.758296       49.496321       21.261974        0.227923       32.218426        4.875343        8.232678        1.678321        2.263629
      4659       4659.000    511.8372       70.476369       44.942461       25.533909        0.155471       31.693291        5.350763        4.578989        1.359085        1.804862
      4660       4660.000    556.9308       70.050291       42.266810       27.783482        0.090926       31.086283        6.870288        1.774875        1.058480        1.385958
      4661       4661.000    539.1312       69.397003       42.501486       26.895517        0.041359       30.454885        9.936776        0.270916        0.783893        1.013657
      4662       4662.000    508.5754       69.167017       43.795832       25.371185        0.007601       29.859705       12.556090        0.140409        0.540549        0.691478
      4663       4663.000    519.5721       69.576149       43.656372       25.919777       -0.013722       29.340069       12.354782        1.226212        0.330320        0.418712
      4664       4664.000    551.4008       69.420421       41.912815       27.507607       -0.026714       28.910540        9.383595        3.287897        0.158301        0.199196
      4665       4665.000    565.7955       68.909454       40.683741       28.225714       -0.034412       28.575745        6.145723        5.903955        0.041174        0.051556
      4666       4666.000    554.7238       69.079199       41.405821       27.673378       -0.038984       28.324032        4.672432        8.448160        0.000081        0.000101
      4667       4667.000    537.5970       69.796458       42.977477       26.818981       -0.041797       28.134787        4.522744       10.237251        0.055259        0.069234
      4668       4668.000    517.5199       69.129890       43.312491       25.817398       -0.043581       27.992371        4.137907       10.731161        0.218713        0.275920
      4669       4669.000    536.6471       68.921717       42.150125       26.771591       -0.044637       27.895329        3.397138        9.822173        0.474668        0.605456
      4670       4670.000    548.8145       68.870561       41.491979       27.378582       -0.045103       27.848656        3.951401        7.911302        0.795936        1.029787
      4671       4671.000    535.1395       69.732282       43.035902       26.696381       -0.044934       27.867214        6.906243        5.637513        1.153211        1.516655
      4672       4672.000    494.1643       70.722326       46.070064       24.652262       -0.043926       27.967850       11.000089        3.564724        1.531106        2.050221
      4673       4673.000    450.6189       70.890223       48.410302       22.479921       -0.041696       28.158840       13.642298        2.108141        1.920623        2.622095
      4674       4674.000    441.4591       71.160033       49.137061       22.022972       -0.037804       28.426657       13.706111        1.506554        2.312838        3.222705
      4675       4675.000    431.3259       71.227442       49.709984       21.517458       -0.031944       28.740986       12.613926        1.819197        2.709530        3.858290
      4676       4676.000    405.6326       72.021741       51.786039       20.235703       -0.024519       29.053722       12.140765        2.981483        3.107242        4.527345
      4677       4677.000    336.1520       71.647842       54.878303       16.769539       -0.016747       29.320015       12.035484        4.798010        3.506411        5.235130
      4678       4678.000    303.3573       71.769128       56.635614       15.133514       -0.010929       29.491575       10.534461        6.795430        3.883409        5.941667
      4679       4679.000    323.4731       72.073494       55.936463       16.137032       -0.008712       29.551016        7.028266        8.497373        4.233254        6.635265
      4680       4680.000    356.0872       71.856446       54.092404       17.764042       -0.010606       29.497484        3.238045        9.516155        4.550603        7.300723
      4681       4681.000    379.2070       72.107508       53.190095       18.917414       -0.015637       29.349676        1.467160        9.650009        4.826803        7.912083
      4682       4682.000    380.9197       72.637290       53.634437       19.002853       -0.022107       29.137718        2.048000        8.937517        5.065466        8.467843
      4683       4683.000    372.1776       72.805185       54.238447       18.566738       -0.028502       28.894314        3.558850        7.571679        5.271451        8.970654
      4684       4684.000    369.8676       72.734258       54.282756       18.451502       -0.033968       28.646242        4.927315        5.873220        5.448339        9.421609
      4685       4685.000    355.1850       72.507669       54.788636       17.719032       -0.038376       28.403606        6.765533        4.229793        5.601126        9.826954
      4686       4686.000    291.9627       71.720326       57.155251       14.565075       -0.041899       28.163414       10.069488        3.039458        5.733521       10.191269
      4687       4687.000    219.8770       71.888221       60.919268       10.968953       -0.044671       27.922386       14.096974        2.593984        5.844305       10.506289
      4688       4688.000    151.2577       71.704734       64.158973        7.545761       -0.046850       27.669199       16.904459        2.922276        5.935818       10.774071
      4689       4689.000    124.0327       71.437808       65.250217        6.187592       -0.048380       27.415268       17.102764        3.799436        6.003702       10.977427
      4690       4690.000    141.1730       71.455707       64.413040        7.042667       -0.049291       27.179665       15.309142        4.823270        6.045504       11.104752
      4691       4691.000    166.9646       71.062839       62.733512        8.329327       -0.049724       26.985035       12.932629        5.653368        6.060713       11.151491
      4692       4692.000    220.3645       71.555378       60.562104       10.993274       -0.049859       26.868322       10.543532        6.038523        6.048289       11.113296
      4693       4693.000    277.5717       71.062039       57.214883       13.847157       -0.049872       26.849178        7.511436        5.908910        6.007204       10.988028
      4694       4694.000    367.2859       71.133069       52.810362       18.322706       -0.049790       26.938059        3.916160        5.286689        5.938178       10.781066
      4695       4695.000    442.7656       70.787109       48.698963       22.088146       -0.049439       27.127218        1.041743        4.251038        5.838594       10.489809
      4696       4696.000    478.8169       70.659807       46.773176       23.886631       -0.048515       27.389936        0.628214        2.974822        5.708178       10.120541
      4697       4697.000    473.8164       71.130826       47.493654       23.637173       -0.046707       27.694067        2.928232        1.691547        5.546435        9.680079
      4698       4698.000    432.8872       71.428697       49.833352       21.595345       -0.043810       28.012306        6.672625        0.661679        5.353373        9.177179
      4699       4699.000    365.3720       70.941394       52.714164       18.227230       -0.039800       28.322815       10.564752        0.101792        5.133410        8.631195
      4700       4700.000    311.4694       71.522971       55.984768       15.538202       -0.034819       28.612123       14.385138        0.058166        4.895308        8.068852
      4701       4701.000    236.7887       71.737929       59.925307       11.812622       -0.028642       28.893408       18.537018        0.406138        4.634444        7.482942
      4702       4702.000    167.2573       71.848469       63.504544        8.343925       -0.021043       29.172569       22.176483        0.936708        4.354553        6.885273
      4703       4703.000    138.6924       71.558407       64.639492        6.918914       -0.011707       29.454758       23.435907        1.428015        4.055183        6.277335
      4704       4704.000    192.8366       71.786334       62.166339        9.619995       -0.000790       29.730675       21.323336        1.706862        3.739323        5.666934
      4705       4705.000    298.6136       71.866655       56.969784       14.896871        0.011633       29.997095       16.842049        1.705937        3.389426        5.023645
      4706       4706.000    406.5988       71.414931       51.131032       20.283899        0.024151       30.228888       12.084907        1.432990        3.006114        4.353982
      4707       4707.000    520.3212       71.797110       45.839965       25.957146        0.034653       30.401039        8.135318        0.990285        2.599573        3.679097
      4708       4708.000    613.2839       71.459972       40.865219       30.594753        0.041708       30.505400        4.604186        0.532056        2.174307        3.007563
      4709       4709.000    691.8079       70.978075       36.466013       34.512062        0.044722       30.543783        1.524317        0.227436        1.752846        2.372909
      4710       4710.000    744.7379       71.263004       34.110435       37.152569        0.044555       30.533777        0.213386        0.167780        1.353696        1.797242
      4711       4711.000    723.7336       71.406428       35.301692       36.104736        0.043048       30.503681        2.127838        0.349852        0.987912        1.289361
      4712       4712.000    634.7823       71.287347       39.620103       31.667244        0.042425       30.487581        6.866599        0.697298        0.667512        0.858688
      4713       4713.000    529.0157       70.999472       44.608584       26.390888        0.044667       30.516186       12.043428        1.093087        0.401157        0.510059
      4714       4714.000    466.9231       71.390793       48.097508       23.293285        0.051114       30.606644       15.586581        1.410692        0.195758        0.246719
      4715       4715.000    440.2547       71.990847       50.027960       21.962887        0.062481       30.759783       17.538071        1.537855        0.057599        0.072172
      4716       4716.000    412.3863       72.008243       51.435623       20.572620        0.078719       30.960760       19.002600        1.392150        0.000620        0.000775
      4717       4717.000    402.3878       72.403179       52.329354       20.073826        0.098644       31.182543       19.974480        0.987033        0.038478        0.048175
      4718       4718.000    421.2542       72.504633       51.489620       21.015013        0.120791       31.402924       19.099342        0.471935        0.174675        0.219952
      4719       4719.000    466.2429       71.687314       48.427960       23.259354        0.142956       31.601252       15.674435        0.105496        0.397933        0.505890
      4720       4720.000    537.8486       71.582610       44.751079       26.831532        0.162576       31.761723       11.156709        0.113521        0.680564        0.875986
      4721       4721.000    576.3042       71.352367       42.602409       28.749958        0.178171       31.881250        7.666009        0.566999        1.001740        1.308240
      4722       4722.000    574.3156       71.177362       42.526612       28.650749        0.188591       31.959011        5.879231        1.377068        1.341996        1.780715
      4723       4723.000    560.2274       71.114200       43.166265       27.947935        0.193172       31.995649        4.655585        2.348915        1.690912        2.282032
      4724       4724.000    540.7195       70.454297       43.479547       26.974751        0.190847       31.985832        3.185954        3.259695        2.045983        2.811235
      4725       4725.000    540.0172       71.193408       44.253697       26.939711        0.179884       31.914858        2.496185        3.892414        2.404081        3.366276
      4726       4726.000    486.0135       71.242692       46.997047       24.245646        0.158463       31.759655        4.233694        4.103248        2.775321        3.966666
      4727       4727.000    404.2674       71.630948       51.463351       20.167597        0.127359       31.503769        8.258568        3.818263        3.151481        4.603911
      4728       4728.000    323.3617       71.564688       55.433217       16.131472        0.089849       31.138502       12.296140        3.110699        3.526404        5.271623
      4729       4729.000    285.8356       71.335465       57.076049       14.259416        0.051743       30.676504       14.304031        2.217347        3.883869        5.942555
      4730       4730.000    280.1215       71.019696       57.045340       13.974356        0.018249       30.144228       14.638215        1.438734        4.212635        6.593279
      4731       4731.000    274.5238       70.979024       57.283919       13.695106       -0.007446       29.583977       14.966339        1.027946        4.506695        7.206409
      4732       4732.000    263.0359       71.443476       58.321466       13.122009       -0.024928       29.043446       15.623964        1.133118        4.767588        7.778279
      4733       4733.000    246.3549       70.948044       58.658192       12.289852       -0.035715       28.562790       14.984768        1.826120        5.002254        8.317975
      4734       4734.000    298.3881       71.811774       56.926156       14.885618       -0.041614       28.188629       11.706422        3.054943        5.206975        8.810802
      4735       4735.000    350.6114       71.615402       54.124530       17.490871       -0.044875       27.904482        6.780261        4.796735        5.397599        9.290328
      4736       4736.000    368.1468       71.358355       52.992701       18.365654       -0.046623       27.703863        3.230834        6.793208        5.569539        9.741879
      4737       4737.000    328.8643       70.929151       54.523171       16.405979       -0.047621       27.559307        2.492441        8.645299        5.720071       10.153674
      4738       4738.000    287.7591       71.249495       56.894120       14.355374       -0.048255       27.446129        3.308405        9.843832        5.842610       10.501399
      4739       4739.000    261.1214       70.895552       57.869046       13.026505       -0.048701       27.348377        3.845199       10.019768        5.934435       10.769968
      4740       4740.000    272.9148       70.892219       57.277380       13.614839       -0.048987       27.272013        4.049832        9.074565        5.990975       10.938983
      4741       4741.000    274.5908       70.579622       56.881174       13.698448       -0.049097       27.235729        5.423854        7.246754        6.014320       11.009613
      4742       4742.000    263.0601       70.905479       57.782262       13.123217       -0.048957       27.269314        8.545871        5.019693        6.007480       10.988862
      4743       4743.000    253.3317       71.522098       58.884195       12.637902       -0.048373       27.400999       11.829165        2.841974        5.973622       10.886807
      4744       4744.000    256.9496       71.167887       58.349502       12.818384       -0.046875       27.648026       12.995421        1.129205        5.914038       10.709688
      4745       4745.000    309.1699       71.472143       56.048655       15.423489       -0.043741       27.995317       11.534862        0.263644        5.830905       10.467668
      4746       4746.000    350.6259       71.348882       53.857285       17.491596       -0.037910       28.423082        9.137560        0.457400        5.720970       10.156183
      4747       4747.000    351.6846       71.120597       53.576187       17.544411       -0.028749       28.879747        7.513626        1.844531        5.584619        9.782413
      4748       4748.000    334.6616       71.479570       54.784384       16.695187       -0.016639       29.311890        6.422537        4.289415        5.422535        9.354646
      4749       4749.000    309.5865       71.266177       55.821905       15.444272       -0.002989       29.683025        4.630734        7.402318        5.233222        8.875595
      4750       4750.000    312.9456       71.561007       55.949162       15.611845        0.009416       29.957846        2.132166       10.465196        5.021394        8.363145
      4751       4751.000    311.6234       71.545728       55.999843       15.545885        0.018178       30.126890        0.407465       12.847738        4.784111        7.815460
      4752       4752.000    289.8403       71.208672       56.749474       14.459198        0.021548       30.186766        0.734719       14.041620        4.523151        7.241670
      4753       4753.000    277.0571       71.204101       57.382617       13.821484        0.019361       30.146667        2.477673       13.851212        4.239562        6.648142
      4754       4754.000    298.8000       71.272575       56.366409       14.906166        0.012668       30.020678        3.999176       12.382128        3.926580        6.025179
      4755       4755.000    365.7072       71.593918       53.349968       18.243950        0.002931       29.819715        4.605797        9.976242        3.578348        5.366934
      4756       4756.000    437.5780       71.433489       49.604136       21.829353       -0.008435       29.548540        5.009106        7.197621        3.188673        4.668631
      4757       4757.000    498.4669       71.492883       46.625978       24.866905       -0.019858       29.216219        5.867061        4.851133        2.763800        3.947623
      4758       4758.000    555.7271       72.372779       44.649350       27.723429       -0.030107       28.831892        6.628624        3.690069        2.310237        3.218634
      4759       4759.000    572.3605       71.819464       43.266246       28.553219       -0.038338       28.408581        6.365940        4.196227        1.836797        2.497039
      4760       4760.000    579.1000       71.634741       42.745310       28.889431       -0.043950       27.986229        5.310286        6.285427        1.377042        1.830276
      4761       4761.000    552.3481       71.352605       43.797739       27.554867       -0.047245       27.600143        4.692305        9.360810        0.951693        1.240032
      4762       4762.000    520.2029       72.130181       46.178935       25.951246       -0.048843       27.292616        4.994536       12.607461        0.584292        0.748873
      4763       4763.000    487.5510       72.564218       48.241870       24.322348       -0.049465       27.093718        5.213066       15.329618        0.289108        0.365825
      4764       4764.000    486.9196       72.581296       48.290450       24.290846       -0.049606       27.026922        4.223143       16.889614        0.088872        0.111504
      4765       4765.000    537.3478       73.132279       46.325733       26.806545       -0.049444       27.095440        2.445831       16.828375        0.002458        0.003073
      4766       4766.000    604.3412       73.894688       43.746052       30.148636       -0.048813       27.285959        1.470804       14.942468        0.042462        0.053172
      4767       4767.000    644.4750       73.717225       41.566445       32.150780       -0.047265       27.574759        2.113075       11.444912        0.212700        0.268265
      4768       4768.000    687.6115       73.929680       39.626961       34.302719       -0.044205       27.930506        3.420727        7.200109        0.491907        0.627917
      4769       4769.000    695.4772       72.592676       37.897562       34.695114       -0.038873       28.334000        4.274611        3.386878        0.845110        1.095836
      4770       4770.000    692.6226       72.312153       37.759445       34.552708       -0.030555       28.762972        5.065177        1.120808        1.224811        1.616232
      4771       4771.000    631.0490       72.160195       40.679200       31.480995       -0.018184       29.215290        6.907996        0.808026        1.606688        2.159384
      4772       4772.000    523.1406       72.215967       46.118172       26.097795       -0.000719       29.682465        9.444333        2.313291        1.974993        2.703809
      4773       4773.000    427.6227       72.852137       51.519423       21.332714        0.022466       30.150061       10.651837        5.128131        2.325068        3.241860
      4774       4774.000    350.4733       72.498785       55.014801       17.483984        0.051004       30.598043        9.254902        8.665795        2.662957        3.782099
      4775       4775.000    293.6991       71.734072       57.082372       14.651700        0.080845       30.978664        6.551063       12.168824        2.984963        4.318013
      4776       4776.000    260.1933       72.328729       59.348524       12.980205        0.105181       31.246870        4.997357       14.863256        3.289732        4.846127
      4777       4777.000    212.9375       72.601120       61.978354       10.622766        0.118109       31.381365        5.302912       16.194311        3.591140        5.390517
      4778       4778.000    197.4196       72.545892       62.697266        9.848626        0.114924       31.358957        5.728073       15.681602        3.879526        5.934185
      4779       4779.000    266.0262       72.810269       59.539082       13.271187        0.096229       31.177588        4.288263       13.382534        4.142645        6.451824
      4780       4780.000    371.5043       72.201532       53.668382       18.533150        0.066838       30.846445        1.588996        9.852254        4.378531        6.935318
      4781       4781.000    457.6677       71.671946       48.840380       22.831566        0.035083       30.406458        0.397024        6.065686        4.577423        7.358706
      4782       4782.000    494.5799       71.921396       47.248401       24.672995        0.007507       29.911436        2.049980        2.822335        4.740211        7.716933
      4783       4783.000    503.1156       72.802727       47.703913       25.098814       -0.012970       29.418688        4.740196        0.669736        4.872301        8.015963
      4784       4784.000    505.0729       73.016217       47.819762       25.196455       -0.026518       28.976851        5.606049        0.018535        4.979750        8.265096
      4785       4785.000    516.9049       73.189647       47.402930       25.786716       -0.034709       28.620272        4.112738        1.169411        5.066031        8.469188
      4786       4786.000    483.3320       73.027116       48.915242       24.111874       -0.039542       28.348970        2.627353        4.209679        5.134630        8.634151
      4787       4787.000    376.6115       73.000059       54.212125       18.787933       -0.042459       28.145489        3.335903        8.829701        5.185477        8.758014
      4788       4788.000    238.2388       73.628588       61.743625       11.884963       -0.044356       27.984703        5.576574       14.180050        5.215312        8.831342
      4789       4789.000    116.2203       73.815031       68.017177        5.797853       -0.045711       27.846024        7.047938       19.108904        5.219168        8.840855
      4790       4790.000     66.2067       73.945286       70.642449        3.302836       -0.046646       27.731140        6.703915       22.287373        5.192192        8.774476
      4791       4791.000     63.3771       73.478712       70.317033        3.161679       -0.047157       27.657179        5.899106       23.046612        5.132443        8.628850
      4792       4792.000     91.9111       73.370915       68.785768        4.585147       -0.047082       27.663580        6.296594       21.399372        5.047725        8.425579
      4793       4793.000    145.9613       73.578248       66.296708        7.281541       -0.046125       27.784985        7.530594       17.918568        4.938914        8.169772
      4794       4794.000    239.3198       73.871783       61.932891       11.938892       -0.043490       28.051720        7.911679       13.340421        4.806509        7.866053
      4795       4795.000    378.0990       74.423003       55.560864       18.862139       -0.037490       28.475117        6.443884        8.510160        4.650666        7.518527
      4796       4796.000    508.7407       74.277689       48.898256       25.379433       -0.025036       29.046036        3.994264        4.286751        4.469387        7.126854
      4797       4797.000    607.2193       74.743210       44.450998       30.292212       -0.001922       29.720541        2.159199        1.608200        4.264929        6.700052
      4798       4798.000    647.7758       75.563795       43.248350       32.315445        0.037334       30.457800        1.350646        1.126882        4.036099        6.239589
      4799       4799.000    598.8441       74.690864       44.816467       29.874397        0.098103       31.212503        0.879826        3.088264        3.784791        5.752981
      4800       4800.000    537.1766       74.985523       48.187517       26.798006        0.180500       31.919655        0.391983        6.909419        3.522136        5.263824
      4801       4801.000    444.7285       75.031663       52.845593       22.186069        0.282086       32.554695        0.431404       11.559949        3.246885        4.770575
      4802       4802.000    347.6560       75.317869       57.974432       17.343437        0.390719       33.078281        1.446346       15.815418        2.962965        4.280703
      4803       4803.000    262.4951       75.129161       62.034126       13.095036        0.486771       33.458504        2.905690       18.721252        2.669360        3.792548
      4804       4804.000    232.7469       75.064177       63.453186       11.610991        0.544728       33.659832        3.916241       19.650219        2.369881        3.312285
      4805       4805.000    255.4475       74.784431       62.040980       12.743451        0.547756       33.666058        4.485390       18.446012        2.061277        2.834488
      4806       4806.000    310.1714       74.299875       58.826421       15.473454        0.495104       33.476505        5.387754       15.358501        1.745888        2.362669
      4807       4807.000    382.9066       73.892179       54.790204       19.101974        0.403759       33.111866        6.868185       11.072124        1.429494        1.904777
      4808       4808.000    471.3603       73.693987       50.179342       23.514645        0.297802       32.605629        8.110616        6.576490        1.119205        1.469601
      4809       4809.000    570.4363       73.803297       45.346073       28.457224        0.197619       31.996563        8.341754        2.917355        0.824571        1.068211
      4810       4810.000    653.1822       74.167091       41.581940       32.585152        0.115227       31.326662        8.021503        0.849080        0.556753        0.712714
      4811       4811.000    669.3143       73.718566       40.328635       33.389931        0.054775       30.644812        8.275255        0.610219        0.327932        0.415642
      4812       4812.000    635.2349       73.044258       41.354441       31.689817        0.015113       30.014008        9.058089        1.923260        0.152333        0.191638
      4813       4813.000    621.8489       73.552895       42.530861       31.022034       -0.008824       29.483341        8.754859        4.211729        0.039855        0.049902
      4814       4814.000    611.0140       72.673871       42.192354       30.481518       -0.022675       29.070923        6.224843        6.919220        0.000019        0.000023
      4815       4815.000    639.8032       72.793130       40.875417       31.917713       -0.030141       28.790276        2.612449        9.395461        0.047668        0.059704
      4816       4816.000    649.3154       72.793410       40.401160       32.392250       -0.034017       28.620932        0.268094       11.098761        0.197921        0.249469
      4817       4817.000    620.2905       72.435139       41.490849       30.944290       -0.035846       28.536364        0.406779       11.536489        0.460301        0.586763
      4818       4818.000    625.1967       74.035813       42.846766       31.189047       -0.036519       28.508007        1.963552       10.518916        0.824583        1.068228
      4819       4819.000    618.6620       74.082306       43.219254       30.863052       -0.036539       28.512957        3.489174        8.288212        1.276666        1.688784
      4820       4820.000    623.1139       74.416006       43.330864       31.085142       -0.036089       28.541128        5.066303        5.595600        1.768278        2.395644
      4821       4821.000    571.2057       73.694484       45.198875       28.495609       -0.035095       28.595835        7.993561        3.228880        2.266042        3.149651
      4822       4822.000    499.6770       74.205711       49.278436       24.927275       -0.033290       28.687775       12.212226        1.766736        2.738721        3.906269
      4823       4823.000    415.3582       74.338023       53.617140       20.720882       -0.030251       28.829214       15.605949        1.356718        3.188020        4.667490
      4824       4824.000    373.9097       74.507856       55.854708       18.653149       -0.025712       29.016621       15.898369        1.928656        3.610495        5.426279
      4825       4825.000    373.5712       74.615104       55.978843       18.636261       -0.019818       29.228388       13.309133        3.258908        4.011374        6.190858
      4826       4826.000    376.3450       74.801353       56.026718       18.774635       -0.013587       29.423914       10.204488        5.051089        4.393710        6.967104
      4827       4827.000    341.2278       74.307360       57.284605       17.022755       -0.008952       29.554989        8.288282        6.938760        4.757003        7.754523
      4828       4828.000    300.5464       73.516724       58.523437       14.993287       -0.008056       29.579124        6.890073        8.451530        5.088297        8.522469
      4829       4829.000    319.1006       73.742218       57.823319       15.918900       -0.011702       29.478510        4.536773        9.203018        5.377629        9.239091
      4830       4830.000    355.9008       73.094423       55.339683       17.754740       -0.019051       29.253618        1.511470        9.055361        5.630792        9.907495
      4831       4831.000    388.3463       72.780834       53.407490       19.373344       -0.027758       28.934063        0.068946        8.096226        5.840553       10.495461
      4832       4832.000    371.5294       72.321480       53.787077       18.534403       -0.035712       28.558355        1.666534        6.587153        6.011052       10.999694
      4833       4833.000    335.7209       72.591043       55.843010       16.748034       -0.041650       28.175718        5.273174        4.874340        6.145434       11.415994
      4834       4834.000    301.6960       72.743142       57.692504       15.050638       -0.045545       27.817312        8.648191        3.264953        6.251130       11.756461
      4835       4835.000    286.1677       72.914575       58.638594       14.275982       -0.047829       27.504124       10.737909        2.085358        6.332361       12.026670
      4836       4836.000    254.5873       72.547934       59.847395       12.700539       -0.049071       27.235964       12.423286        1.612395        6.392601       12.232220
      4837       4837.000    209.4413       72.780406       62.332056       10.448350       -0.049675       27.006088       14.574165        2.001410        6.431754       12.368314
      4838       4838.000    151.2131       72.795646       65.252112        7.543534       -0.049898       26.794493       16.439009        3.188341        6.449501       12.430666
      4839       4839.000    121.3115       72.550460       66.498623        6.051837       -0.049851       26.595751       16.275505        4.826758        6.442931       12.407529
      4840       4840.000    139.9181       72.116547       65.136487        6.980061       -0.049624       26.416460       13.687426        6.380229        6.409899       12.292097
      4841       4841.000    194.3631       71.992455       62.296309        9.696146       -0.049331       26.273230       10.230291        7.406927        6.349728       12.085464
      4842       4842.000    244.6970       71.743127       59.535982       12.207145       -0.049117       26.188862        7.630752        7.714210        6.261324       11.789951
      4843       4843.000    297.1077       72.071991       57.250248       14.821743       -0.049127       26.192234        6.242977        7.300619        6.145942       11.417603
      4844       4844.000    345.2267       71.939779       54.717535       17.222244       -0.049402       26.303989        5.197339        6.294669        6.001171       10.969769
      4845       4845.000    390.6541       71.391707       51.903235       19.488472       -0.049782       26.527899        4.229527        4.909535        5.827675       10.458382
      4846       4846.000    425.2925       71.260044       50.043573       21.216471       -0.049874       26.847935        4.335962        3.391734        5.625294        9.892523
      4847       4847.000    421.9823       71.436820       50.385485       21.051334       -0.049116       27.238464        6.542215        1.989995        5.390876        9.273051
      4848       4848.000    385.4260       71.939520       52.711863       19.227657       -0.046911       27.665903       10.386693        0.973703        5.124014        8.608461
      4849       4849.000    331.1623       72.007614       55.486996       16.520618       -0.042811       28.100176       14.140779        0.550988        4.826490        7.911374
      4850       4850.000    287.1398       71.756878       57.432401       14.324477       -0.036725       28.513000       16.473715        0.766402        4.507620        7.208388
      4851       4851.000    260.8708       71.535365       58.521365       13.014001       -0.028863       28.889912       17.526634        1.437874        4.176257        6.519552
      4852       4852.000    247.8334       71.411184       59.047573       12.363610       -0.019464       29.231050       17.888037        2.262002        3.835775        5.850173
      4853       4853.000    261.9393       71.445756       58.378450       13.067307       -0.008690       29.542103       17.217178        2.943422        3.486162        5.198274
      4854       4854.000    334.2859       72.053389       55.376942       16.676447        0.003336       29.828466       14.587090        3.279001        3.123543        4.555506
      4855       4855.000    464.1878       73.103304       49.946475       23.156830        0.016402       30.092148       10.010558        3.184277        2.738003        3.905087
      4856       4856.000    593.3083       73.356945       43.758709       29.598236        0.029536       30.322052        5.152461        2.685158        2.326070        3.243432
      4857       4857.000    679.6871       72.958403       39.051005       33.907398        0.040750       30.496675        2.086412        1.935290        1.900262        2.591616
      4858       4858.000    723.6671       72.714851       36.613437       36.101414        0.048181       30.601946        1.344538        1.167303        1.477773        1.973696
      4859       4859.000    740.4985       72.866423       35.925345       36.941078        0.051041       30.637236        2.146748        0.602048        1.076939        1.411333
      4860       4860.000    712.7668       72.276799       36.719166       35.557632        0.049881       30.614468        4.041884        0.370015        0.717658        0.925260
      4861       4861.000    653.9313       72.090569       39.468045       32.622524        0.046386       30.557266        7.437242        0.467437        0.422291        0.537423
      4862       4862.000    569.3930       72.614838       44.209660       28.405178        0.042742       30.496574       12.436763        0.778893        0.201134        0.253554
      4863       4863.000    469.0362       72.874586       49.475885       23.398701        0.040986       30.464277       17.681309        1.156176        0.059091        0.074046
      4864       4864.000    383.0550       71.988165       52.878790       19.109375        0.042694       30.486107       20.890892        1.456265        0.001259        0.001574
      4865       4865.000    392.0460       72.689689       53.131778       19.557911        0.048672       30.571938       20.879539        1.567631        0.028425        0.035573
      4866       4866.000    423.6275       72.215097       51.081688       21.133410        0.059357       30.719042       18.534208        1.447010        0.142667        0.179404
      4867       4867.000    483.6185       72.457703       48.331536       24.126167        0.073883       30.903559       15.447090        1.133967        0.340821        0.432217
      4868       4868.000    544.9820       72.640875       45.453482       27.187393        0.091158       31.102720       12.076139        0.773833        0.617300        0.792332
      4869       4869.000    606.8229       72.578985       42.306550       30.272434        0.109243       31.291613        8.105174        0.600755        0.955100        1.244666
      4870       4870.000    669.7027       72.832180       39.422874       33.409306        0.125836       31.450306        3.930138        0.824727        1.329201        1.762665
      4871       4871.000    698.0092       73.223700       38.402278       34.821423        0.138919       31.567276        1.137526        1.518919        1.717973        2.321666
      4872       4872.000    654.4520       73.131143       40.482644       32.648499        0.147028       31.637470        1.105176        2.587860        2.104576        2.900533
      4873       4873.000    563.1808       73.059149       44.963877       28.095272        0.149532       31.661175        3.390360        3.804452        2.476709        3.481649
      4874       4874.000    449.2575       72.276634       49.864628       22.412006        0.146398       31.640265        6.271966        4.912868        2.832147        4.060985
      4875       4875.000    338.8008       70.795024       53.893344       16.901680        0.137530       31.571978        8.711694        5.672141        3.167776        4.632226
      4876       4876.000    274.1420       70.913676       57.237615       13.676061        0.122828       31.448732       11.081513        5.919990        3.479103        5.185449
      4877       4877.000    205.5649       70.804398       60.549430       10.254968        0.101696       31.252012       14.032732        5.633203        3.782037        5.747750
      4878       4878.000    147.2087       70.381848       63.038083        7.343765        0.075728       30.974596       16.686464        4.923689        4.070297        6.307308
      4879       4879.000    152.6489       70.763995       63.148833        7.615162        0.048305       30.625664       17.244253        4.063827        4.330825        6.835958
      4880       4880.000    208.9057       71.086116       60.664484       10.421632        0.021334       30.199402       15.193955        3.328583        4.572711        7.348499
      4881       4881.000    256.5046       70.108864       57.312678       12.796186       -0.001695       29.726973       11.953876        3.015457        4.789794        7.828273
      4882       4882.000    306.3555       70.437085       55.153996       15.283089       -0.018166       29.276922        9.440152        3.246066        4.969029        8.239992
      4883       4883.000    326.7279       70.485753       54.186353       16.299400       -0.029173       28.875641        7.633795        3.988729        5.119589        8.597773
      4884       4884.000    344.9258       70.436636       53.229402       17.207233       -0.035700       28.565540        5.432253        5.129483        5.241562        8.896263
      4885       4885.000    377.8150       70.653678       51.805707       18.847971       -0.039152       28.363876        2.527442        6.482609        5.336531        9.134399
      4886       4886.000    381.5898       70.234434       51.198152       19.036282       -0.040685       28.262838        0.454660        7.804471        5.405696        9.311172
      4887       4887.000    342.0713       69.901930       52.837095       17.064835       -0.041032       28.240574        1.041455        8.733097        5.446410        9.416591
      4888       4888.000    274.4617       69.770162       56.078154       13.692008       -0.040690       28.266586        4.042334        8.911509        5.456233        9.442183
      4889       4889.000    217.3350       69.435112       58.592968       10.842144       -0.039970       28.315937        7.367477        8.132054        5.433756        9.383714
      4890       4890.000    203.2382       68.959138       58.820238       10.138900       -0.038999       28.376944        9.354826        6.499778        5.380711        9.246979
      4891       4891.000    224.1400       68.737241       57.555621       11.181620       -0.037661       28.454544       10.371853        4.418969        5.301631        9.046286
      4892       4892.000    240.5343       68.622132       56.622652       11.999480       -0.035551       28.567842       11.704803        2.390616        5.200374        8.794567
      4893       4893.000    242.9909       68.650111       56.528079       12.122032       -0.031994       28.739674       13.355485        0.881584        5.080219        8.503111
      4894       4894.000    250.3783       68.415427       55.924862       12.490565       -0.026043       28.986511       13.665908        0.180938        4.941581        8.175967
      4895       4895.000    301.4601       68.674524       53.635655       15.038869       -0.016698       29.304684       11.356226        0.392905        4.783794        7.814744
      4896       4896.000    354.4793       68.175117       50.491287       17.683830       -0.002933       29.678274        7.310422        1.498614        4.599739        7.407171
      4897       4897.000    392.6371       68.283130       48.695736       19.587395        0.014620       30.056826        3.945751        3.329779        4.389818        6.958942
      4898       4898.000    389.2874       68.564332       49.144040       19.420292        0.033885       30.394775        2.495325        5.605822        4.149209        6.465024
      4899       4899.000    379.2617       69.505739       50.585598       18.920141        0.050794       30.646328        2.204783        7.872468        3.878677        5.932548
      4900       4900.000    379.4866       70.130077       51.198713       18.931364        0.061085       30.782734        1.780743        9.630359        3.577824        5.365968
      4901       4901.000    387.1080       69.964403       50.652835       19.311567        0.061599       30.786009        1.342180       10.422842        3.255129        4.785076
      4902       4902.000    394.2761       69.804663       50.135500       19.669163        0.052274       30.657364        2.228201       10.060788        2.923254        4.213619
      4903       4903.000    384.0063       69.500790       50.343956       19.156834        0.036056       30.415209        4.968934        8.679215        2.586535        3.658007
      4904       4904.000    398.5943       70.211010       50.326428       19.884583        0.017258       30.090855        8.208914        6.639063        2.248294        3.122045
      4905       4905.000    423.4045       69.827369       48.705087       21.122282       -0.001007       29.707575       10.132861        4.375101        1.899733        2.590823
      4906       4906.000    495.2019       70.286172       45.582151       24.704021       -0.016284       29.300922       10.165110        2.505111        1.549943        2.077349
      4907       4907.000    563.2622       70.652296       42.552963       28.099333       -0.028293       28.879990        9.359673        1.571154        1.195315        1.575126
      4908       4908.000    599.5151       71.102343       41.194470       29.907873       -0.037078       28.457352        8.762906        2.065578        0.847142        1.098570
      4909       4909.000    590.7224       71.021776       41.552542       29.469234       -0.043049       28.043680        8.224019        4.132062        0.524870        0.670960
      4910       4910.000    574.3279       71.361973       42.710605       28.651367       -0.046706       27.657263        7.162870        7.351520        0.258716        0.326943
      4911       4911.000    547.8428       71.564826       44.234717       27.330109       -0.048678       27.315485        5.892000       10.904519        0.076040        0.095352
      4912       4912.000    500.4307       71.246037       46.281166       24.964870       -0.049542       27.045231        5.438941       13.844086        0.001089        0.001362
      4913       4913.000    457.3445       71.260177       48.444736       22.815441       -0.049814       26.877022        6.073490       15.445055        0.043947        0.055035
      4914       4914.000    445.4919       71.671370       49.447219       22.224152       -0.049854       26.831909        6.793670       15.418970        0.200181        0.252343
      4915       4915.000    449.0136       70.700447       48.300608       22.399839       -0.049755       26.920042        6.572348       13.811729        0.459944        0.586300
      4916       4916.000    511.2204       71.031231       45.528095       25.503136       -0.049299       27.132660        5.587873       11.029469        0.796650        1.030744
      4917       4917.000    584.3627       71.800989       42.649019       29.151970       -0.047943       27.455070        4.836551        7.629096        1.197741        1.578504
      4918       4918.000    617.5183       71.746626       40.940630       30.805996       -0.044889       27.860014        4.789391        4.478452        1.644030        2.213632
      4919       4919.000    640.3104       72.607986       40.664970       31.943016       -0.039347       28.308243        4.800155        2.591103        2.104460        2.900356
      4920       4920.000    603.8723       71.909033       41.783796       30.125237       -0.030548       28.775684        4.221524        2.633878        2.563090        3.620167
      4921       4921.000    548.7837       72.025293       44.648246       27.377047       -0.018474       29.225451        3.452568        4.666232        2.992186        4.330285
      4922       4922.000    452.5830       71.994947       49.417044       22.577904       -0.003413       29.643234        3.232793        8.133539        3.388644        5.022245
      4923       4923.000    352.4240       72.560736       54.979439       17.581297        0.013365       30.009514        3.393629       12.131729        3.747962        5.683239
      4924       4924.000    261.0471       72.534746       59.511952       13.022795        0.030001       30.311563        2.973108       15.800842        4.076602        6.319835
      4925       4925.000    229.3114       73.254068       61.814463       11.439605        0.043192       30.523420        1.658864       18.294735        4.372190        6.922062
      4926       4926.000    205.7945       72.679414       62.412991       10.266422        0.049942       30.628788        0.451264       19.118189        4.649294        7.515514
      4927       4927.000    226.8889       73.452520       62.133764       11.318756        0.047333       30.600805        0.578252       17.946453        4.894327        8.066593
      4928       4928.000    273.4214       74.450740       60.810629       13.640112        0.035103       30.426094        1.767365       14.854557        5.122560        8.604949
      4929       4929.000    340.0247       74.598833       57.636099       16.962734        0.015948       30.102745        2.584247       10.476125        5.332598        9.124436
      4930       4930.000    431.0998       74.541561       53.035385       21.506176       -0.004811       29.659079        2.253452        6.013130        5.515813        9.598722
      4931       4931.000    491.6642       73.840426       49.312887       24.527538       -0.022728       29.136381        1.978689        2.532143        5.670935       10.017467
      4932       4932.000    501.4152       73.784169       48.770184       25.013985       -0.035356       28.598110        3.317174        0.720490        5.797565       10.372201
      4933       4933.000    453.2603       73.778647       51.166953       22.611694       -0.042926       28.100632        5.787845        0.751507        5.900376       10.669518
      4934       4934.000    395.4906       73.875354       54.145603       19.729752       -0.046788       27.696293        7.064312        2.533620        5.983049       10.915117
      4935       4935.000    349.1683       73.503882       56.085004       17.418879       -0.048501       27.411411        5.763464        5.794024        6.049032       11.115574
      4936       4936.000    315.6625       73.595507       57.848123       15.747384       -0.049163       27.247822        3.256523       10.024235        6.098895       11.269811
      4937       4937.000    242.3553       73.323345       61.233020       12.090325       -0.049376       27.180101        2.033605       14.565192        6.131501       11.371997
      4938       4938.000    151.7266       73.360225       65.791076        7.569149       -0.049393       27.175961        2.761047       18.359325        6.141281       11.402855
      4939       4939.000     97.9089       73.519330       68.634972        4.884357       -0.049309       27.205362        3.587411       20.425955        6.122350       11.343204
      4940       4940.000    117.1732       73.308688       67.463296        5.845392       -0.049145       27.254429        2.780291       20.223341        6.071038       11.183343
      4941       4941.000    199.8673       73.130598       63.159863        9.970736       -0.048850       27.329256        1.035617       17.920282        5.989381       10.934176
      4942       4942.000    286.9816       73.116890       58.800307       14.316584       -0.048233       27.456686        0.646111       14.252311        5.880902       10.612529
      4943       4943.000    345.2699       73.636571       56.412171       17.224400       -0.046836       27.673840        2.631463       10.167708        5.749599       10.236397
      4944       4944.000    367.8507       73.463031       55.112144       18.350887       -0.043615       28.018267        5.268450        6.461400        5.595605        9.812037
      4945       4945.000    403.5918       73.058660       52.924766       20.133894       -0.036615       28.501633        5.905834        3.784943        5.420245        9.348725
      4946       4946.000    466.9920       73.122986       49.826264       23.296722       -0.022488       29.114508        4.198179        2.474395        5.219643        8.842027
      4947       4947.000    497.5666       72.970788       48.148798       24.821991        0.003827       29.830412        2.317375        2.731101        4.986096        8.279986
      4948       4948.000    469.9983       73.270509       49.823812       23.446697        0.047456       30.590471        2.191821        4.609958        4.717597        7.666509
      4949       4949.000    385.6089       73.213615       53.976833       19.236782        0.111885       31.338516        3.268476        7.837006        4.413106        7.007845
      4950       4950.000    319.8663       73.875522       57.918423       15.957099        0.194484       32.013203        3.660534       11.639009        4.081539        6.329655
      4951       4951.000    281.0235       74.166957       60.147601       14.019356        0.288922       32.589371        2.806712       15.100273        3.724088        5.638236
      4952       4952.000    259.5149       73.982895       61.036533       12.946362        0.379929       33.030930        2.017819       17.298052        3.352390        4.957414
      4953       4953.000    258.9227       74.158066       61.241249       12.916818        0.446888       33.307423        2.499448       17.701263        2.978755        4.307472
      4954       4954.000    303.3633       75.268614       60.134798       15.133816        0.474522       33.410423        3.681229       16.286932        2.600726        3.680965
      4955       4955.000    386.0139       75.765238       56.508249       19.256989        0.457137       33.341091        4.135340       13.312687        2.205806        3.056188
      4956       4956.000    504.8675       75.743759       50.557552       25.186207        0.400780       33.110306        3.394622        9.404781        1.801842        2.445221
      4957       4957.000    640.6702       76.138533       44.177565       31.960968        0.321132       32.742321        2.482385        5.378105        1.396192        1.857431
      4958       4958.000    739.1872       76.152146       39.276482       36.875664        0.234777       32.263309        2.388448        2.091855        0.996716        1.301377
      4959       4959.000    796.8703       76.247610       36.494322       39.753288        0.155804       31.709917        2.849112        0.347184        0.627076        0.805228
      4960       4960.000    805.9423       75.698922       35.493058       40.205864        0.091543       31.118402        3.090172        0.474576        0.316898        0.401467
      4961       4961.000    786.2856       75.439467       36.214217       39.225250        0.044283       30.532497        3.241404        2.169104        0.100621        0.126307
      4962       4962.000    739.9706       75.681822       38.767077       36.914745        0.012129       29.991510        4.081073        4.674357        0.003558        0.004448
      4963       4963.000    664.5675       75.483381       42.330252       33.153130       -0.008233       29.532619        5.541089        7.169816        0.042163        0.052797
      4964       4964.000    605.7686       75.206813       44.986976       30.219837       -0.020038       29.190376        6.332171        8.983017        0.221712        0.279738
      4965       4965.000    602.8953       75.487878       45.411378       30.076500       -0.026153       28.978201        5.515948        9.719788        0.536898        0.686697
      4966       4966.000    620.4701       75.158291       44.205039       30.953253       -0.028638       28.885643        3.858916        9.229315        0.980521        1.279281
      4967       4967.000    648.5150       75.432615       43.080294       32.352322       -0.028769       28.886972        3.045611        7.601197        1.528628        2.046655
      4968       4968.000    656.7801       75.684570       42.919929       32.764641       -0.027475       28.945515        3.669850        5.203506        2.153301        2.975232
      4969       4969.000    656.4114       76.048093       43.301847       32.746246       -0.025531       29.024765        4.764269        2.701643        2.810960        4.025740
      4970       4970.000    635.2408       75.560036       43.869920       31.690117       -0.023591       29.097385        5.348788        0.840754        3.458497        5.148087
      4971       4971.000    611.9796       75.915065       45.385375       30.529690       -0.022107       29.148684        5.787164        0.140509        4.054717        6.276410
      4972       4972.000    537.3252       75.569674       48.764253       26.805422       -0.021176       29.178312        6.966358        0.661464        4.591040        7.388254
      4973       4973.000    436.5277       75.036010       53.259052       21.776958       -0.020708       29.191870        8.479141        2.101477        5.057774        8.449498
      4974       4974.000    380.4085       75.716960       56.739608       18.977352       -0.020624       29.193598        8.700918        3.957703        5.458892        9.449121
      4975       4975.000    347.5443       75.452943       58.115079       17.337864       -0.021129       29.177002        6.909285        5.808466        5.816151       10.425304
      4976       4976.000    327.8019       74.639580       58.286600       16.352980       -0.022744       29.122845        4.493538        7.197108        6.129659       11.366195
      4977       4977.000    318.6666       74.755071       58.857823       15.897247       -0.025960       29.006598        3.434616        7.778790        6.401344       12.262436
      4978       4978.000    298.0175       74.871218       60.004087       14.867130       -0.030907       28.803434        4.051396        7.405845        6.641158       13.133161
      4979       4979.000    291.0016       74.896230       60.379096       14.517134       -0.036866       28.503679        4.946708        6.155609        6.848173       13.961794
      4980       4980.000    326.6604       75.502434       59.206402       16.296032       -0.042577       28.115656        5.011436        4.376034        7.021191       14.724663
      4981       4981.000    349.8216       75.291859       57.840389       17.451469       -0.046937       27.656952        5.119452        2.530749        7.163999       15.416175
      4982       4982.000    338.7516       75.430543       58.531318       16.899225       -0.049281       27.181309        6.996177        1.124328        7.275185       16.003601
      4983       4983.000    278.3427       75.467965       61.582344       13.885621       -0.049908       26.735882       10.623451        0.429856        7.359346       16.483717
      4984       4984.000    219.4003       75.784257       64.839087       10.945170       -0.049529       26.368332       13.679435        0.569018        7.419901       16.851931
      4985       4985.000    177.6164       75.123870       66.263159        8.860711       -0.048834       26.099850       14.084189        1.552580        7.460987       17.114388
      4986       4986.000    178.3545       74.997033       66.099504        8.897529       -0.048277       25.941982       12.246990        3.213932        7.483286       17.261591
      4987       4987.000    163.0468       74.373767       66.239890        8.133877       -0.047968       25.868023       10.284487        5.349906        7.488554       17.296888
      4988       4988.000    148.0840       74.707044       67.319611        7.387433       -0.047867       25.848663        9.349341        7.479452        7.476122       17.213900
      4989       4989.000    138.1610       74.670698       67.778292        6.892406       -0.047863       25.852833        8.323986        9.201735        7.443872       17.003729
      4990       4990.000    176.4899       74.571614       65.767102        8.804512       -0.047888       25.862316        5.845256       10.040157        7.391376       16.675884
      4991       4991.000    259.3265       74.608183       61.671218       12.936965       -0.047941       25.877270        2.428506        9.847429        7.318649       16.247305
      4992       4992.000    327.5843       74.307538       57.965415       16.342123       -0.048094       25.916332        0.333012        8.797896        7.226398       15.739871
      4993       4993.000    345.2337       73.852420       56.629825       17.222595       -0.048441       26.009096        1.081631        7.286502        7.117430       15.183607
      4994       4994.000    332.7398       73.647249       57.047931       16.599318       -0.049009       26.184385        3.606467        5.718920        6.992805       14.594363
      4995       4995.000    341.7705       74.422460       57.372632       17.049828       -0.049641       26.459831        5.760767        4.383452        6.849760       13.968462
      4996       4996.000    343.3923       74.285755       57.155021       17.130733       -0.049893       26.842081        6.945323        3.459629        6.679029       13.278853
      4997       4997.000    331.2765       74.226230       57.699914       16.526316       -0.049005       27.296991        8.309358        3.129493        6.478738       12.534339
      4998       4998.000    286.5068       74.206302       59.913401       14.292901       -0.046221       27.781906       10.749015        3.454166        6.243398       11.731137
      4999       4999.000    237.7474       74.502929       62.642480       11.860449       -0.041239       28.247021       13.230814        4.356091        5.970962       10.878831
      5000       5000.000    234.0147       75.390567       63.716330       11.674237       -0.034443       28.656954       13.861039        5.587064        5.659553        9.986163
