2026-03-09 19:29:11,688 INFO     [input_parser.py:67] <constructor> Coordinate file './output.h5' parsed successfully.
2026-03-09 19:29:11,739 WARNING  [config.py:515] <_parse_type_lj> Ignoring LJ_type_param entries with unknown particle names not present in the current coordinates: Br, CB, CC, CD, CI, CE, CK, CM, ...
2026-03-09 19:29:12,726 INFO     [config.py:939] <get_config> Config file './options.toml' parse successfully.
2026-03-09 19:29:12,726 INFO     [input_parser.py:81] <constructor> Amber-like atomistic mode enabled (ensemble=NVT, combining_rule=lorentz-berthelot, coulomb14_scale=0.8333333333, lj14_scale=0.5, constrain_xh_bonds=False).
2026-03-09 19:29:12,859 INFO     [topology.py:63] <get_topol> Topology file './topol.toml' parsed successfully.
2026-03-09 19:29:12,860 INFO     [mdrun.py:139] <main> 

	Simulation parameters: 
	--------------------------------------------------
	box_size: [2.5 2.5 2.5]
	volume: 15.625
	volume_per_cell: 7.233796350192279e-05
	n_steps: 10000
	n_particles: 21
	n_types: 11
	dielectric_const: 1.0
	particle_per_type: {np.int32(0): 1, np.int32(1): 3, np.int32(2): 6, np.int32(3): 2, np.int32(4): 1, np.int32(5): 1, np.int32(6): 2, np.int32(7): 2, np.int32(8): 1, np.int32(9): 1, np.int32(10): 1}
	range_types: [ 0  1  2  3  4  5  6  7  8  9 10]
	unique_types: (np.int32(0), np.int32(1), np.int32(2), np.int32(3), np.int32(4), np.int32(5), np.int32(6), np.int32(7), np.int32(8), np.int32(9), np.int32(10))
	inner_ts: 0.0005
	outer_ts: 0.0005
	n_mesh_cells: 216000
	fft_shape: (60, 60, 31)
	self_energy: 331.90509033203125
	mesh_size: [60 60 60]
	rho0: 8.86
	kappa: 0.05
	sigma: 0.5
	rv: 1.1
	rc: 0.9
	rlj: 0.9
	ns_nlist: 10
	nrexcl: 3
	epsilon_rf: 80
	skin: 0.2
	ff_family: amber_like
	combining_rule: lorentz-berthelot
	lj_input_source: mixing
	coulomb14_scale: 0.8333333333
	lj14_scale: 0.5
	constrain_xh_bonds: False
	unwrap_output: True
	ensemble: NVT
	thermostat: no
	respa_inner: 1
	n_print: 10
	n_flush: 1
	R: 0.00831446261815324
	mass: [[12.01 ]
 [ 1.008]
 [ 1.008]
 [ 1.008]
 [12.01 ]
 [ 1.008]
 [12.01 ]
 [ 1.008]
 [12.01 ]
 [ 1.008]
 [12.01 ]
 [ 1.008]
 [12.01 ]
 [16.   ]
 [16.   ]
 [12.01 ]
 [12.01 ]
 [12.01 ]
 [16.   ]
 [16.   ]
 [ 1.008]]
	cancel_com_momentum: True
	coulombtype: 1
	elec_conversion: 138.935458
	tau_t: 0.5
	start_temperature: 300.0
	target_temperature: 300.0
	a: 9.21
	pressure: False
	barostat: 0
	barostat_type: None
	tau_p: None
	n_b: 1
	beta: 3.6e-05
	target_pressure: None
	p_conv: 16.605390666
	LJ parameters:
		0	0	0.3398	0.451
		0	1	0.291	0.19808331580423424
		0	2	0.33565	0.43179092162758587
		0	3	0.30115000000000003	0.17434850157084805
		0	4	0.29669999999999996	0.17434850157084805
		0	5	0.29225	0.17434850157084805
		0	6	0.33565	0.43179092162758587
		0	7	0.32230000000000003	0.5254113626483539
		0	8	0.3277	0.37015375183834087
		0	9	0.33204999999999996	0.4189082238390648
		0	10	0.1968	0.0942586866023498
		1	1	0.2422	0.087
		1	2	0.28685	0.1896465132819478
		1	3	0.25235	0.07657545298592755
		1	4	0.2479	0.07657545298592755
		1	5	0.24345	0.07657545298592755
		1	6	0.28685	0.1896465132819478
		1	7	0.2735	0.2307654653538956
		1	8	0.2789	0.16257490581267453
		1	9	0.28325	0.18398831484635103
		1	10	0.148	0.04139927535597694
		2	2	0.3315	0.4134
		2	3	0.29700000000000004	0.16692261680191814
		2	4	0.29255	0.16692261680191814
		2	5	0.2881	0.16692261680191814
		2	6	0.3315	0.4134
		2	7	0.31815000000000004	0.5030329412672693
		2	8	0.32355	0.35438809235074475
		2	9	0.32789999999999997	0.40106600454289315
		2	10	0.19265000000000002	0.09024400257080799
		3	3	0.2625	0.0674
		3	4	0.25805	0.0674
		3	5	0.2536	0.0674
		3	6	0.29700000000000004	0.16692261680191814
		3	7	0.28365	0.20311459819520605
		3	8	0.28905000000000003	0.1430947937557478
		3	9	0.2934	0.16194239716639988
		3	10	0.15815	0.03643871567440323
		4	4	0.2536	0.0674
		4	5	0.24914999999999998	0.0674
		4	6	0.29255	0.16692261680191814
		4	7	0.2792	0.20311459819520605
		4	8	0.28459999999999996	0.1430947937557478
		4	9	0.28895	0.16194239716639988
		4	10	0.1537	0.03643871567440323
		5	5	0.2447	0.0674
		5	6	0.2881	0.16692261680191814
		5	7	0.27475	0.20311459819520605
		5	8	0.28015	0.1430947937557478
		5	9	0.2845	0.16194239716639988
		5	10	0.14925	0.03643871567440323
		6	6	0.3315	0.4134
		6	7	0.31815000000000004	0.5030329412672693
		6	8	0.32355	0.35438809235074475
		6	9	0.32789999999999997	0.40106600454289315
		6	10	0.19265000000000002	0.09024400257080799
		7	7	0.3048	0.6121
		7	8	0.31020000000000003	0.4312261355715815
		7	9	0.31455	0.4880247022436467
		7	10	0.17930000000000001	0.10981060968777105
		8	8	0.3156	0.3038
		8	9	0.31994999999999996	0.34381474662963485
		8	10	0.1847	0.07736187691621758
		9	9	0.3243	0.3891
		9	10	0.18905	0.08755152768512951
		10	10	0.0538	0.0197

2026-03-09 19:29:17,429 INFO     [file_io.py:572] <store_static> Whole-molecule unwrapping enabled for output (0 small + 1 large molecules, 21 bonds).
2026-03-09 19:29:17,463 INFO     [file_io.py:759] <store_data> 
         step         time         temp        tot E        kin E        pot E         LJ E       Elec E       bond E        ang E        dih E           Px           Py           Pz
            0            0          300      -240.69       78.572      -319.26       28.992      -438.25       14.194       40.911       34.893  -1.6093e-06   1.0729e-06   4.7684e-07
2026-03-09 19:29:25,271 INFO     [file_io.py:759] <store_data> 
         step         time         temp        tot E        kin E        pot E         LJ E       Elec E       bond E        ang E        dih E           Px           Py           Pz
           10        0.005        355.1      -240.68       93.003      -333.69       29.832      -451.24        14.75       46.299       26.668   1.1921e-06   7.3016e-07  -2.6226e-06
2026-03-09 19:29:25,272 INFO     [mdrun.py:1002] <main> Step       10/10000    | Elapsed 0-00:00:07 |    0.067 ns/day |  357.281 h/ns |    1.555 step/s
2026-03-09 19:29:25,272 INFO     [mdrun.py:1003] <main> Thermo | T=  355.1024 K | P=    0.0000 bar | Ekin=   93.003288 | Eb=   14.749694 | Ea=   46.299149 | Ed=   26.668337 | ELJ=   29.832115 | Eelec= -451.237305
2026-03-09 19:29:32,645 INFO     [file_io.py:759] <store_data> 
         step         time         temp        tot E        kin E        pot E         LJ E       Elec E       bond E        ang E        dih E           Px           Py           Pz
           20         0.01       288.22      -240.65       75.488      -316.13       30.306      -456.99       20.188       64.812        25.55   8.9407e-07  -6.7055e-07  -4.7684e-07
2026-03-09 19:29:32,646 INFO     [mdrun.py:1002] <main> Step       20/10000    | Elapsed 0-00:00:14 |    0.063 ns/day |  380.351 h/ns |    1.461 step/s
2026-03-09 19:29:32,646 INFO     [mdrun.py:1003] <main> Thermo | T=  288.2249 K | P=    0.0000 bar | Ekin=   75.487709 | Eb=   20.187780 | Ea=   64.811798 | Ed=   25.550459 | ELJ=   30.305737 | Eelec= -456.989380
2026-03-09 19:29:39,980 INFO     [file_io.py:759] <store_data> 
         step         time         temp        tot E        kin E        pot E         LJ E       Elec E       bond E        ang E        dih E           Px           Py           Pz
           30        0.015       230.65      -240.66        60.41      -301.07       31.679         -457       28.762       61.014       34.477  -1.3113e-06  -7.1526e-07   4.7684e-07
2026-03-09 19:29:39,981 INFO     [mdrun.py:1002] <main> Step       30/10000    | Elapsed 0-00:00:21 |    0.062 ns/day |  390.242 h/ns |    1.424 step/s
2026-03-09 19:29:39,981 INFO     [mdrun.py:1003] <main> Thermo | T=  230.6539 K | P=    0.0000 bar | Ekin=   60.409550 | Eb=   28.761929 | Ea=   61.014282 | Ed=   34.476955 | ELJ=   31.678568 | Eelec= -456.999786
2026-03-09 19:29:47,337 INFO     [file_io.py:759] <store_data> 
         step         time         temp        tot E        kin E        pot E         LJ E       Elec E       bond E        ang E        dih E           Px           Py           Pz
           40         0.02       239.28      -240.68       62.668      -303.34       32.436      -452.85       35.528       45.024       36.513   5.3644e-07  -1.3113e-06   1.6391e-06
2026-03-09 19:29:47,337 INFO     [mdrun.py:1002] <main> Step       40/10000    | Elapsed 0-00:00:29 |    0.061 ns/day |  394.730 h/ns |    1.407 step/s
2026-03-09 19:29:47,338 INFO     [mdrun.py:1003] <main> Thermo | T=  239.2757 K | P=    0.0000 bar | Ekin=   62.667629 | Eb=   35.527683 | Ea=   45.024406 | Ed=   36.513382 | ELJ=   32.435677 | Eelec= -452.845856
2026-03-09 19:29:54,829 INFO     [file_io.py:759] <store_data> 
         step         time         temp        tot E        kin E        pot E         LJ E       Elec E       bond E        ang E        dih E           Px           Py           Pz
           50        0.025       247.98      -240.67       64.946      -305.61       34.138      -449.95       31.058       43.884        35.26   1.1921e-07   9.5367e-07  -1.1921e-06
2026-03-09 19:29:54,829 INFO     [mdrun.py:1002] <main> Step       50/10000    | Elapsed 0-00:00:36 |    0.060 ns/day |  398.889 h/ns |    1.393 step/s
2026-03-09 19:29:54,829 INFO     [mdrun.py:1003] <main> Thermo | T=  247.9756 K | P=    0.0000 bar | Ekin=   64.946198 | Eb=   31.058495 | Ea=   43.884438 | Ed=   35.259720 | ELJ=   34.137558 | Eelec= -449.951691
2026-03-09 19:30:02,687 INFO     [file_io.py:759] <store_data> 
         step         time         temp        tot E        kin E        pot E         LJ E       Elec E       bond E        ang E        dih E           Px           Py           Pz
           60         0.03       267.92      -240.67       70.171      -310.84       34.251      -448.52       27.635       40.627       35.164   1.1921e-07   8.4937e-07  -2.3842e-07
2026-03-09 19:30:02,687 INFO     [mdrun.py:1002] <main> Step       60/10000    | Elapsed 0-00:00:44 |    0.059 ns/day |  404.820 h/ns |    1.372 step/s
2026-03-09 19:30:02,688 INFO     [mdrun.py:1003] <main> Thermo | T=  267.9236 K | P=    0.0000 bar | Ekin=   70.170677 | Eb=   27.634800 | Ea=   40.627007 | Ed=   35.163960 | ELJ=   34.251030 | Eelec= -448.520233
2026-03-09 19:30:10,544 INFO     [file_io.py:759] <store_data> 
         step         time         temp        tot E        kin E        pot E         LJ E       Elec E       bond E        ang E        dih E           Px           Py           Pz
           70        0.035       283.15      -240.67       74.158      -314.83       32.579      -447.72       34.388       35.143       30.787  -3.5763e-07  -5.9605e-07   4.7684e-07
2026-03-09 19:30:10,545 INFO     [mdrun.py:1002] <main> Step       70/10000    | Elapsed 0-00:00:52 |    0.059 ns/day |  407.960 h/ns |    1.362 step/s
2026-03-09 19:30:10,545 INFO     [mdrun.py:1003] <main> Thermo | T=  283.1496 K | P=    0.0000 bar | Ekin=   74.158455 | Eb=   34.387634 | Ea=   35.142662 | Ed=   30.786585 | ELJ=   32.578506 | Eelec= -447.724884
2026-03-09 19:30:19,205 INFO     [file_io.py:759] <store_data> 
         step         time         temp        tot E        kin E        pot E         LJ E       Elec E       bond E        ang E        dih E           Px           Py           Pz
           80         0.04       301.66      -240.66       79.006      -319.67       32.223      -445.43       30.306       34.503       28.728   2.0266e-06   8.9407e-07  -1.4305e-06
2026-03-09 19:30:19,206 INFO     [mdrun.py:1002] <main> Step       80/10000    | Elapsed 0-00:01:00 |    0.057 ns/day |  417.494 h/ns |    1.331 step/s
2026-03-09 19:30:19,206 INFO     [mdrun.py:1003] <main> Thermo | T=  301.6584 K | P=    0.0000 bar | Ekin=   79.006027 | Eb=   30.305975 | Ea=   34.503399 | Ed=   28.727774 | ELJ=   32.222622 | Eelec= -445.429382
2026-03-09 19:30:27,971 INFO     [file_io.py:759] <store_data> 
         step         time         temp        tot E        kin E        pot E         LJ E       Elec E       bond E        ang E        dih E           Px           Py           Pz
           90        0.045        299.1      -240.68       78.336      -319.02       34.312      -440.46       17.172       37.243       32.713  -7.1526e-07  -1.3411e-07            0
2026-03-09 19:30:27,972 INFO     [mdrun.py:1002] <main> Step       90/10000    | Elapsed 0-00:01:09 |    0.056 ns/day |  425.063 h/ns |    1.307 step/s
2026-03-09 19:30:27,972 INFO     [mdrun.py:1003] <main> Thermo | T=  299.0988 K | P=    0.0000 bar | Ekin=   78.335632 | Eb=   17.172150 | Ea=   37.243454 | Ed=   32.712727 | ELJ=   34.312138 | Eelec= -440.455688
2026-03-09 19:30:36,794 INFO     [file_io.py:759] <store_data> 
         step         time         temp        tot E        kin E        pot E         LJ E       Elec E       bond E        ang E        dih E           Px           Py           Pz
          100         0.05       251.52      -240.68       65.874      -306.55       36.706      -444.67       20.371       45.515       35.523   5.3644e-07   9.5367e-07  -8.3447e-07
2026-03-09 19:30:36,795 INFO     [mdrun.py:1002] <main> Step      100/10000    | Elapsed 0-00:01:18 |    0.056 ns/day |  431.408 h/ns |    1.288 step/s
2026-03-09 19:30:36,795 INFO     [mdrun.py:1003] <main> Thermo | T=  251.5199 K | P=    0.0000 bar | Ekin=   65.874474 | Eb=   20.370766 | Ea=   45.514610 | Ed=   35.523388 | ELJ=   36.705963 | Eelec= -444.667236
2026-03-09 19:30:45,344 INFO     [file_io.py:759] <store_data> 
         step         time         temp        tot E        kin E        pot E         LJ E       Elec E       bond E        ang E        dih E           Px           Py           Pz
          110        0.055       278.49      -240.67       72.937      -313.61       37.833       -449.4        25.46        39.73       32.772  -2.9802e-06  -2.8312e-07   9.5367e-07
2026-03-09 19:30:45,344 INFO     [mdrun.py:1002] <main> Step      110/10000    | Elapsed 0-00:01:27 |    0.055 ns/day |  435.623 h/ns |    1.275 step/s
2026-03-09 19:30:45,344 INFO     [mdrun.py:1003] <main> Thermo | T=  278.4866 K | P=    0.0000 bar | Ekin=   72.937202 | Eb=   25.460220 | Ea=   39.729820 | Ed=   32.772102 | ELJ=   37.833275 | Eelec= -449.403198
2026-03-09 19:30:53,790 INFO     [file_io.py:759] <store_data> 
         step         time         temp        tot E        kin E        pot E         LJ E       Elec E       bond E        ang E        dih E           Px           Py           Pz
          120         0.06       351.45      -240.68       92.047      -332.73       35.617      -442.67       16.578       25.482       32.262  -1.0729e-06   2.6822e-07  -4.7684e-07
2026-03-09 19:30:53,790 INFO     [mdrun.py:1002] <main> Step      120/10000    | Elapsed 0-00:01:35 |    0.055 ns/day |  438.502 h/ns |    1.267 step/s
2026-03-09 19:30:53,790 INFO     [mdrun.py:1003] <main> Thermo | T=  351.4518 K | P=    0.0000 bar | Ekin=   92.047180 | Eb=   16.578217 | Ea=   25.481865 | Ed=   32.261974 | ELJ=   35.617462 | Eelec= -442.668945
2026-03-09 19:31:02,887 INFO     [file_io.py:759] <store_data> 
         step         time         temp        tot E        kin E        pot E         LJ E       Elec E       bond E        ang E        dih E           Px           Py           Pz
          130        0.065       333.57      -240.68       87.364      -328.05       27.728      -438.02        25.85       21.521       34.876   8.9407e-07   1.2517e-06   1.7881e-06
2026-03-09 19:31:02,887 INFO     [mdrun.py:1002] <main> Step      130/10000    | Elapsed 0-00:01:44 |    0.054 ns/day |  443.421 h/ns |    1.253 step/s
2026-03-09 19:31:02,887 INFO     [mdrun.py:1003] <main> Thermo | T=  333.5713 K | P=    0.0000 bar | Ekin=   87.364166 | Eb=   25.850208 | Ea=   21.520981 | Ed=   34.876049 | ELJ=   27.727987 | Eelec= -438.023682
2026-03-09 19:31:11,703 INFO     [file_io.py:759] <store_data> 
         step         time         temp        tot E        kin E        pot E         LJ E       Elec E       bond E        ang E        dih E           Px           Py           Pz
          140         0.07       298.86      -240.66       78.273      -318.93       20.851      -433.35       28.153       29.674       35.734   5.9605e-07   5.9605e-07  -3.5763e-07
2026-03-09 19:31:11,703 INFO     [mdrun.py:1002] <main> Step      140/10000    | Elapsed 0-00:01:53 |    0.054 ns/day |  446.545 h/ns |    1.244 step/s
2026-03-09 19:31:11,703 INFO     [mdrun.py:1003] <main> Thermo | T=  298.8594 K | P=    0.0000 bar | Ekin=   78.272934 | Eb=   28.153076 | Ea=   29.674065 | Ed=   35.733791 | ELJ=   20.851425 | Eelec= -433.345398
2026-03-09 19:31:20,767 INFO     [file_io.py:759] <store_data> 
         step         time         temp        tot E        kin E        pot E         LJ E       Elec E       bond E        ang E        dih E           Px           Py           Pz
          150        0.075       357.25      -240.71       93.566      -334.27       18.466      -432.47       14.171       31.149       34.411   4.7684e-07  -8.3447e-07  -2.3842e-07
2026-03-09 19:31:20,767 INFO     [mdrun.py:1002] <main> Step      150/10000    | Elapsed 0-00:02:02 |    0.053 ns/day |  450.129 h/ns |    1.234 step/s
2026-03-09 19:31:20,767 INFO     [mdrun.py:1003] <main> Thermo | T=  357.2496 K | P=    0.0000 bar | Ekin=   93.565651 | Eb=   14.170692 | Ea=   31.148575 | Ed=   34.410961 | ELJ=   18.466076 | Eelec= -432.471039
2026-03-09 19:31:30,270 INFO     [file_io.py:759] <store_data> 
         step         time         temp        tot E        kin E        pot E         LJ E       Elec E       bond E        ang E        dih E           Px           Py           Pz
          160         0.08       336.83      -240.67       88.219      -328.89       19.503      -438.09       26.524        30.72       32.451   4.7684e-07   1.4305e-06   1.4305e-06
2026-03-09 19:31:30,270 INFO     [mdrun.py:1002] <main> Step      160/10000    | Elapsed 0-00:02:11 |    0.053 ns/day |  454.921 h/ns |    1.221 step/s
2026-03-09 19:31:30,270 INFO     [mdrun.py:1003] <main> Thermo | T=  336.8335 K | P=    0.0000 bar | Ekin=   88.218575 | Eb=   26.523680 | Ea=   30.720160 | Ed=   32.450649 | ELJ=   19.502823 | Eelec= -438.090057
2026-03-09 19:31:39,954 INFO     [file_io.py:759] <store_data> 
         step         time         temp        tot E        kin E        pot E         LJ E       Elec E       bond E        ang E        dih E           Px           Py           Pz
          170        0.085       299.35      -240.68       78.402      -319.08       21.821      -440.47        31.91       38.338       29.324   7.1526e-07   8.3447e-07   4.7684e-07
2026-03-09 19:31:39,955 INFO     [mdrun.py:1002] <main> Step      170/10000    | Elapsed 0-00:02:21 |    0.052 ns/day |  460.127 h/ns |    1.207 step/s
2026-03-09 19:31:39,955 INFO     [mdrun.py:1003] <main> Thermo | T=  299.3513 K | P=    0.0000 bar | Ekin=   78.401764 | Eb=   31.909807 | Ea=   38.337875 | Ed=   29.324390 | ELJ=   21.820559 | Eelec= -440.471863
2026-03-09 19:31:49,706 INFO     [file_io.py:759] <store_data> 
         step         time         temp        tot E        kin E        pot E         LJ E       Elec E       bond E        ang E        dih E           Px           Py           Pz
          180         0.09       250.85      -240.68       65.698      -306.38       21.362      -438.12       36.135       43.255       30.995   2.9802e-07   5.9605e-08   1.6689e-06
2026-03-09 19:31:49,706 INFO     [mdrun.py:1002] <main> Step      180/10000    | Elapsed 0-00:02:31 |    0.052 ns/day |  464.706 h/ns |    1.195 step/s
2026-03-09 19:31:49,706 INFO     [mdrun.py:1003] <main> Thermo | T=  250.8462 K | P=    0.0000 bar | Ekin=   65.698013 | Eb=   36.134624 | Ea=   43.254814 | Ed=   30.994619 | ELJ=   21.361616 | Eelec= -438.122498
2026-03-09 19:31:58,349 INFO     [file_io.py:759] <store_data> 
         step         time         temp        tot E        kin E        pot E         LJ E       Elec E       bond E        ang E        dih E           Px           Py           Pz
          190        0.095       241.94      -240.65       63.365      -304.01       18.366      -433.98       40.071       36.661       34.872  -1.1921e-07   2.3842e-07   5.9605e-07
2026-03-09 19:31:58,349 INFO     [mdrun.py:1002] <main> Step      190/10000    | Elapsed 0-00:02:39 |    0.052 ns/day |  465.358 h/ns |    1.194 step/s
2026-03-09 19:31:58,349 INFO     [mdrun.py:1003] <main> Thermo | T=  241.9402 K | P=    0.0000 bar | Ekin=   63.365494 | Eb=   40.071159 | Ea=   36.660671 | Ed=   34.871571 | ELJ=   18.365574 | Eelec= -433.982727
2026-03-09 19:32:06,878 INFO     [file_io.py:759] <store_data> 
         step         time         temp        tot E        kin E        pot E         LJ E       Elec E       bond E        ang E        dih E           Px           Py           Pz
          200          0.1       341.49      -240.71       89.438      -330.15        15.43         -430       24.985       30.926       28.514   4.7684e-07   7.1526e-07   -2.265e-06
2026-03-09 19:32:06,879 INFO     [mdrun.py:1002] <main> Step      200/10000    | Elapsed 0-00:02:48 |    0.052 ns/day |  465.727 h/ns |    1.193 step/s
2026-03-09 19:32:06,879 INFO     [mdrun.py:1003] <main> Thermo | T=  341.4885 K | P=    0.0000 bar | Ekin=   89.437744 | Eb=   24.985086 | Ea=   30.925564 | Ed=   28.513758 | ELJ=   15.430143 | Eelec= -430.003052
2026-03-09 19:32:15,536 INFO     [file_io.py:759] <store_data> 
         step         time         temp        tot E        kin E        pot E         LJ E       Elec E       bond E        ang E        dih E           Px           Py           Pz
          210        0.105       344.22      -240.71       90.153      -330.87       15.751      -428.96       28.492       31.595       22.259   8.3447e-07  -2.8014e-06  -4.7684e-07
2026-03-09 19:32:15,537 INFO     [mdrun.py:1002] <main> Step      210/10000    | Elapsed 0-00:02:57 |    0.051 ns/day |  466.615 h/ns |    1.191 step/s
2026-03-09 19:32:15,537 INFO     [mdrun.py:1003] <main> Thermo | T=  344.2182 K | P=    0.0000 bar | Ekin=   90.152657 | Eb=   28.491699 | Ea=   31.595186 | Ed=   22.259346 | ELJ=   15.751249 | Eelec= -428.962860
2026-03-09 19:32:24,170 INFO     [file_io.py:759] <store_data> 
         step         time         temp        tot E        kin E        pot E         LJ E       Elec E       bond E        ang E        dih E           Px           Py           Pz
          220         0.11       236.83      -240.64       62.028      -302.67         18.7      -429.82       52.999       27.776       27.671  -1.7732e-06   3.5763e-07  -9.5367e-07
2026-03-09 19:32:24,170 INFO     [mdrun.py:1002] <main> Step      220/10000    | Elapsed 0-00:03:05 |    0.051 ns/day |  467.213 h/ns |    1.189 step/s
2026-03-09 19:32:24,170 INFO     [mdrun.py:1003] <main> Thermo | T=  236.8346 K | P=    0.0000 bar | Ekin=   62.028290 | Eb=   52.998699 | Ea=   27.775654 | Ed=   27.671114 | ELJ=   18.700256 | Eelec= -429.818909
2026-03-09 19:32:32,610 INFO     [file_io.py:759] <store_data> 
         step         time         temp        tot E        kin E        pot E         LJ E       Elec E       bond E        ang E        dih E           Px           Py           Pz
          230        0.115        220.6      -240.66       57.776      -298.44       23.309      -433.06       48.471       30.467       32.371   1.1921e-06   1.5497e-06  -9.5367e-07
2026-03-09 19:32:32,611 INFO     [mdrun.py:1002] <main> Step      230/10000    | Elapsed 0-00:03:14 |    0.051 ns/day |  467.325 h/ns |    1.189 step/s
2026-03-09 19:32:32,611 INFO     [mdrun.py:1003] <main> Thermo | T=  220.5996 K | P=    0.0000 bar | Ekin=   57.776260 | Eb=   48.471386 | Ea=   30.467022 | Ed=   32.371136 | ELJ=   23.309160 | Eelec= -433.057312
2026-03-09 19:32:41,128 INFO     [file_io.py:759] <store_data> 
         step         time         temp        tot E        kin E        pot E         LJ E       Elec E       bond E        ang E        dih E           Px           Py           Pz
          240         0.12       291.13      -240.71       76.249      -316.95       24.434      -433.75       28.643       32.445       31.272  -4.7684e-07   1.1921e-06  -1.3113e-06
2026-03-09 19:32:41,128 INFO     [mdrun.py:1002] <main> Step      240/10000    | Elapsed 0-00:03:22 |    0.051 ns/day |  467.572 h/ns |    1.188 step/s
2026-03-09 19:32:41,128 INFO     [mdrun.py:1003] <main> Thermo | T=  291.1305 K | P=    0.0000 bar | Ekin=   76.248711 | Eb=   28.643044 | Ea=   32.444870 | Ed=   31.271646 | ELJ=   24.434143 | Eelec= -433.747620
2026-03-09 19:32:49,650 INFO     [file_io.py:759] <store_data> 
         step         time         temp        tot E        kin E        pot E         LJ E       Elec E       bond E        ang E        dih E           Px           Py           Pz
          250        0.125       296.67      -240.68         77.7      -318.38       22.843      -435.87       31.901       29.752       32.991  -2.0862e-06   1.0729e-06   1.6689e-06
2026-03-09 19:32:49,650 INFO     [mdrun.py:1002] <main> Step      250/10000    | Elapsed 0-00:03:31 |    0.051 ns/day |  467.622 h/ns |    1.188 step/s
2026-03-09 19:32:49,650 INFO     [mdrun.py:1003] <main> Thermo | T=  296.6724 K | P=    0.0000 bar | Ekin=   77.700157 | Eb=   31.900736 | Ea=   29.752419 | Ed=   32.990746 | ELJ=   22.843475 | Eelec= -435.865051
2026-03-09 19:32:58,691 INFO     [file_io.py:759] <store_data> 
         step         time         temp        tot E        kin E        pot E         LJ E       Elec E       bond E        ang E        dih E           Px           Py           Pz
          260         0.13       284.24      -240.66       74.444       -315.1       23.132      -434.26       34.621         28.2       33.206   2.3544e-06   2.3842e-07   9.5367e-07
2026-03-09 19:32:58,692 INFO     [mdrun.py:1002] <main> Step      260/10000    | Elapsed 0-00:03:40 |    0.051 ns/day |  469.061 h/ns |    1.184 step/s
2026-03-09 19:32:58,692 INFO     [mdrun.py:1003] <main> Thermo | T=  284.2397 K | P=    0.0000 bar | Ekin=   74.443962 | Eb=   34.620522 | Ea=   28.200359 | Ed=   33.206181 | ELJ=   23.132032 | Eelec= -434.259979
2026-03-09 19:33:07,374 INFO     [file_io.py:759] <store_data> 
         step         time         temp        tot E        kin E        pot E         LJ E       Elec E       bond E        ang E        dih E           Px           Py           Pz
          270        0.135          343       -240.7       89.833      -330.53       23.059      -426.78       23.215       20.915       29.057  -5.9605e-08  -1.4305e-06  -2.3842e-07
2026-03-09 19:33:07,374 INFO     [mdrun.py:1002] <main> Step      270/10000    | Elapsed 0-00:03:49 |    0.051 ns/day |  469.505 h/ns |    1.183 step/s
2026-03-09 19:33:07,374 INFO     [mdrun.py:1003] <main> Thermo | T=  342.9973 K | P=    0.0000 bar | Ekin=   89.832901 | Eb=   23.215185 | Ea=   20.915073 | Ed=   29.057007 | ELJ=   23.059055 | Eelec= -426.777557
2026-03-09 19:33:15,944 INFO     [file_io.py:759] <store_data> 
         step         time         temp        tot E        kin E        pot E         LJ E       Elec E       bond E        ang E        dih E           Px           Py           Pz
          280         0.14       321.13      -240.67       84.105      -324.77       22.841      -426.03       24.137       22.611       31.666   2.3842e-07  -1.5497e-06  -1.1921e-07
2026-03-09 19:33:15,945 INFO     [mdrun.py:1002] <main> Step      280/10000    | Elapsed 0-00:03:57 |    0.051 ns/day |  469.792 h/ns |    1.183 step/s
2026-03-09 19:33:15,945 INFO     [mdrun.py:1003] <main> Thermo | T=  321.1262 K | P=    0.0000 bar | Ekin=   84.104736 | Eb=   24.137379 | Ea=   22.611393 | Ed=   31.665808 | ELJ=   22.840597 | Eelec= -426.025879
2026-03-09 19:33:24,687 INFO     [file_io.py:759] <store_data> 
         step         time         temp        tot E        kin E        pot E         LJ E       Elec E       bond E        ang E        dih E           Px           Py           Pz
          290        0.145       293.24      -240.67         76.8      -317.47       20.513      -429.63       26.946       29.187       35.511   2.3842e-07  -1.4901e-06  -6.5565e-07
2026-03-09 19:33:24,687 INFO     [mdrun.py:1002] <main> Step      290/10000    | Elapsed 0-00:04:06 |    0.051 ns/day |  470.256 h/ns |    1.181 step/s
2026-03-09 19:33:24,687 INFO     [mdrun.py:1003] <main> Thermo | T=  293.2363 K | P=    0.0000 bar | Ekin=   76.800224 | Eb=   26.945621 | Ea=   29.187408 | Ed=   35.510818 | ELJ=   20.513023 | Eelec= -429.627014
2026-03-09 19:33:34,441 INFO     [file_io.py:759] <store_data> 
         step         time         temp        tot E        kin E        pot E         LJ E       Elec E       bond E        ang E        dih E           Px           Py           Pz
          300         0.15       314.39       -240.7        82.34      -323.04        19.88      -437.16         29.2       33.269       31.771  -8.6427e-07            0            0
2026-03-09 19:33:34,441 INFO     [mdrun.py:1002] <main> Step      300/10000    | Elapsed 0-00:04:15 |    0.051 ns/day |  472.125 h/ns |    1.177 step/s
2026-03-09 19:33:34,443 INFO     [mdrun.py:1003] <main> Thermo | T=  314.3896 K | P=    0.0000 bar | Ekin=   82.340378 | Eb=   29.199919 | Ea=   33.269482 | Ed=   31.771072 | ELJ=   19.880167 | Eelec= -437.161316
2026-03-09 19:33:44,983 INFO     [file_io.py:759] <store_data> 
         step         time         temp        tot E        kin E        pot E         LJ E       Elec E       bond E        ang E        dih E           Px           Py           Pz
          310        0.155       320.09      -240.67       83.832       -324.5        24.14      -446.59       31.849       36.441       29.651   8.3447e-07  -1.0729e-06   1.1921e-06
2026-03-09 19:33:44,983 INFO     [mdrun.py:1002] <main> Step      310/10000    | Elapsed 0-00:04:26 |    0.050 ns/day |  476.090 h/ns |    1.167 step/s
2026-03-09 19:33:44,983 INFO     [mdrun.py:1003] <main> Thermo | T=  320.0863 K | P=    0.0000 bar | Ekin=   83.832382 | Eb=   31.848900 | Ea=   36.441452 | Ed=   29.650919 | ELJ=   24.140110 | Eelec= -446.586182
2026-03-09 19:33:56,491 INFO     [file_io.py:759] <store_data> 
         step         time         temp        tot E        kin E        pot E         LJ E       Elec E       bond E        ang E        dih E           Px           Py           Pz
          320         0.16        319.9      -240.69       83.783      -324.47       28.912      -449.89       30.553       33.821       32.135  -5.6624e-07   4.7684e-07  -1.1921e-06
2026-03-09 19:33:56,491 INFO     [mdrun.py:1002] <main> Step      320/10000    | Elapsed 0-00:04:37 |    0.050 ns/day |  480.841 h/ns |    1.155 step/s
2026-03-09 19:33:56,491 INFO     [mdrun.py:1003] <main> Thermo | T=  319.8968 K | P=    0.0000 bar | Ekin=   83.782753 | Eb=   30.553417 | Ea=   33.820793 | Ed=   32.135147 | ELJ=   28.911766 | Eelec= -449.889679
2026-03-09 19:34:05,252 INFO     [file_io.py:759] <store_data> 
         step         time         temp        tot E        kin E        pot E         LJ E       Elec E       bond E        ang E        dih E           Px           Py           Pz
          330        0.165       279.48      -240.69       73.197      -313.88       32.689      -448.78       34.464       37.989       29.755            0   3.0398e-06   2.6226e-06
2026-03-09 19:34:05,252 INFO     [mdrun.py:1002] <main> Step      330/10000    | Elapsed 0-00:04:46 |    0.050 ns/day |  481.596 h/ns |    1.154 step/s
2026-03-09 19:34:05,252 INFO     [mdrun.py:1003] <main> Thermo | T=  279.4772 K | P=    0.0000 bar | Ekin=   73.196640 | Eb=   34.464260 | Ea=   37.989067 | Ed=   29.755449 | ELJ=   32.688557 | Eelec= -448.780457
2026-03-09 19:34:13,749 INFO     [file_io.py:759] <store_data> 
         step         time         temp        tot E        kin E        pot E         LJ E       Elec E       bond E        ang E        dih E           Px           Py           Pz
          340         0.17       283.28      -240.67       74.194      -314.86       35.429      -443.86       28.105       38.132        27.33  -4.7684e-07  -3.5763e-07   6.5565e-07
2026-03-09 19:34:13,749 INFO     [mdrun.py:1002] <main> Step      340/10000    | Elapsed 0-00:04:55 |    0.050 ns/day |  481.323 h/ns |    1.154 step/s
2026-03-09 19:34:13,749 INFO     [mdrun.py:1003] <main> Thermo | T=  283.2845 K | P=    0.0000 bar | Ekin=   74.193787 | Eb=   28.104599 | Ea=   38.132488 | Ed=   27.330126 | ELJ=   35.428673 | Eelec= -443.857819
2026-03-09 19:34:22,459 INFO     [file_io.py:759] <store_data> 
         step         time         temp        tot E        kin E        pot E         LJ E       Elec E       bond E        ang E        dih E           Px           Py           Pz
          350        0.175       340.99       -240.7       89.308      -330.01       33.989      -436.72        20.56       21.827       30.335   2.3842e-07   2.8312e-07   4.7684e-07
2026-03-09 19:34:22,459 INFO     [mdrun.py:1002] <main> Step      350/10000    | Elapsed 0-00:05:04 |    0.050 ns/day |  481.356 h/ns |    1.154 step/s
2026-03-09 19:34:22,460 INFO     [mdrun.py:1003] <main> Thermo | T=  340.9933 K | P=    0.0000 bar | Ekin=   89.308029 | Eb=   20.559700 | Ea=   21.826641 | Ed=   30.335405 | ELJ=   33.989239 | Eelec= -436.720154
2026-03-09 19:34:31,108 INFO     [file_io.py:759] <store_data> 
         step         time         temp        tot E        kin E        pot E         LJ E       Elec E       bond E        ang E        dih E           Px           Py           Pz
          360         0.18       284.52      -240.69       74.516      -315.21       35.897      -434.31        24.05       24.093       35.057  -1.1362e-06   1.1921e-06  -1.1921e-06
2026-03-09 19:34:31,108 INFO     [mdrun.py:1002] <main> Step      360/10000    | Elapsed 0-00:05:12 |    0.050 ns/day |  481.366 h/ns |    1.154 step/s
2026-03-09 19:34:31,109 INFO     [mdrun.py:1003] <main> Thermo | T=  284.5154 K | P=    0.0000 bar | Ekin=   74.516182 | Eb=   24.049513 | Ea=   24.093390 | Ed=   35.056973 | ELJ=   35.897125 | Eelec= -434.305878
2026-03-09 19:34:39,821 INFO     [file_io.py:759] <store_data> 
         step         time         temp        tot E        kin E        pot E         LJ E       Elec E       bond E        ang E        dih E           Px           Py           Pz
          370        0.185       214.59      -240.65       56.202      -296.86       39.578      -435.85       29.199       31.088       39.123   1.6689e-06   5.5879e-07   3.5763e-07
2026-03-09 19:34:39,821 INFO     [mdrun.py:1002] <main> Step      370/10000    | Elapsed 0-00:05:21 |    0.050 ns/day |  481.375 h/ns |    1.154 step/s
2026-03-09 19:34:39,823 INFO     [mdrun.py:1003] <main> Thermo | T=  214.5905 K | P=    0.0000 bar | Ekin=   56.202435 | Eb=   29.199062 | Ea=   31.088375 | Ed=   39.123013 | ELJ=   39.578453 | Eelec= -435.845642
2026-03-09 19:34:48,925 INFO     [file_io.py:759] <store_data> 
         step         time         temp        tot E        kin E        pot E         LJ E       Elec E       bond E        ang E        dih E           Px           Py           Pz
          380         0.19       252.62      -240.66       66.163      -306.82       43.516      -443.55        25.05        31.29       36.878  -8.3447e-07   1.4305e-06  -7.7486e-07
2026-03-09 19:34:48,925 INFO     [mdrun.py:1002] <main> Step      380/10000    | Elapsed 0-00:05:30 |    0.050 ns/day |  482.040 h/ns |    1.153 step/s
2026-03-09 19:34:48,925 INFO     [mdrun.py:1003] <main> Thermo | T=  252.6219 K | P=    0.0000 bar | Ekin=   66.163086 | Eb=   25.050459 | Ea=   31.290312 | Ed=   36.878445 | ELJ=   43.515999 | Eelec= -443.553864
2026-03-09 19:34:57,722 INFO     [file_io.py:759] <store_data> 
         step         time         temp        tot E        kin E        pot E         LJ E       Elec E       bond E        ang E        dih E           Px           Py           Pz
          390        0.195       333.36      -240.72       87.308      -328.02       45.047      -453.09       15.514       36.262       28.244  -2.3842e-07   -1.803e-06  -1.0729e-06
2026-03-09 19:34:57,722 INFO     [mdrun.py:1002] <main> Step      390/10000    | Elapsed 0-00:05:39 |    0.050 ns/day |  482.229 h/ns |    1.152 step/s
2026-03-09 19:34:57,723 INFO     [mdrun.py:1003] <main> Thermo | T=  333.3580 K | P=    0.0000 bar | Ekin=   87.308327 | Eb=   15.514249 | Ea=   36.262413 | Ed=   28.243696 | ELJ=   45.046562 | Eelec= -453.091827
2026-03-09 19:35:06,376 INFO     [file_io.py:759] <store_data> 
         step         time         temp        tot E        kin E        pot E         LJ E       Elec E       bond E        ang E        dih E           Px           Py           Pz
          400          0.2       301.08      -240.69       78.855      -319.55       43.468      -460.98       26.495       42.067       29.407   7.7486e-07  -7.1526e-07  -1.9073e-06
2026-03-09 19:35:06,376 INFO     [mdrun.py:1002] <main> Step      400/10000    | Elapsed 0-00:05:48 |    0.050 ns/day |  482.185 h/ns |    1.152 step/s
2026-03-09 19:35:06,377 INFO     [mdrun.py:1003] <main> Thermo | T=  301.0829 K | P=    0.0000 bar | Ekin=   78.855270 | Eb=   26.495165 | Ea=   42.067101 | Ed=   29.407419 | ELJ=   43.468143 | Eelec= -460.983917
2026-03-09 19:35:15,019 INFO     [file_io.py:759] <store_data> 
         step         time         temp        tot E        kin E        pot E         LJ E       Elec E       bond E        ang E        dih E           Px           Py           Pz
          410        0.205       240.41      -240.65       62.965      -303.61       39.431      -463.35       42.394       39.969       37.941  -5.9605e-07            0   2.3842e-07
2026-03-09 19:35:15,019 INFO     [mdrun.py:1002] <main> Step      410/10000    | Elapsed 0-00:05:56 |    0.050 ns/day |  482.100 h/ns |    1.152 step/s
2026-03-09 19:35:15,019 INFO     [mdrun.py:1003] <main> Thermo | T=  240.4111 K | P=    0.0000 bar | Ekin=   62.965000 | Eb=   42.394108 | Ea=   39.969452 | Ed=   37.940731 | ELJ=   39.431015 | Eelec= -463.348328
2026-03-09 19:35:23,970 INFO     [file_io.py:759] <store_data> 
         step         time         temp        tot E        kin E        pot E         LJ E       Elec E       bond E        ang E        dih E           Px           Py           Pz
          420         0.21       286.19      -240.68       74.955      -315.64       35.716      -459.45       32.539       38.273       37.285  -2.3842e-07   1.1921e-07  -8.9407e-07
2026-03-09 19:35:23,970 INFO     [mdrun.py:1002] <main> Step      420/10000    | Elapsed 0-00:06:05 |    0.050 ns/day |  482.499 h/ns |    1.151 step/s
2026-03-09 19:35:23,970 INFO     [mdrun.py:1003] <main> Thermo | T=  286.1910 K | P=    0.0000 bar | Ekin=   74.955017 | Eb=   32.539009 | Ea=   38.273136 | Ed=   37.285427 | ELJ=   35.716469 | Eelec= -459.452087
2026-03-09 19:35:33,217 INFO     [file_io.py:759] <store_data> 
         step         time         temp        tot E        kin E        pot E         LJ E       Elec E       bond E        ang E        dih E           Px           Py           Pz
          430        0.215       323.66      -240.69       84.767      -325.46        32.99      -454.84       28.496       36.617       31.275  -1.9073e-06  -2.6822e-06   2.2054e-06
2026-03-09 19:35:33,218 INFO     [mdrun.py:1002] <main> Step      430/10000    | Elapsed 0-00:06:14 |    0.050 ns/day |  483.187 h/ns |    1.150 step/s
2026-03-09 19:35:33,218 INFO     [mdrun.py:1003] <main> Thermo | T=  323.6566 K | P=    0.0000 bar | Ekin=   84.767456 | Eb=   28.496067 | Ea=   36.616928 | Ed=   31.275145 | ELJ=   32.990211 | Eelec= -454.838928
2026-03-09 19:35:42,571 INFO     [file_io.py:759] <store_data> 
         step         time         temp        tot E        kin E        pot E         LJ E       Elec E       bond E        ang E        dih E           Px           Py           Pz
          440         0.22       323.68      -240.68       84.772      -325.45       28.364      -444.91       26.458       31.456       33.185  -3.0696e-06   8.3447e-07   7.1526e-07
2026-03-09 19:35:42,571 INFO     [mdrun.py:1002] <main> Step      440/10000    | Elapsed 0-00:06:24 |    0.050 ns/day |  483.965 h/ns |    1.148 step/s
2026-03-09 19:35:42,572 INFO     [mdrun.py:1003] <main> Thermo | T=  323.6756 K | P=    0.0000 bar | Ekin=   84.772438 | Eb=   26.458063 | Ea=   31.455990 | Ed=   33.185307 | ELJ=   28.364428 | Eelec= -444.914368
2026-03-09 19:35:52,244 INFO     [file_io.py:759] <store_data> 
         step         time         temp        tot E        kin E        pot E         LJ E       Elec E       bond E        ang E        dih E           Px           Py           Pz
          450        0.225       331.52      -240.69       86.826      -327.52       23.872      -438.59       23.126       25.621       38.455  -2.4438e-06  -1.8477e-06  -4.7684e-07
2026-03-09 19:35:52,245 INFO     [mdrun.py:1002] <main> Step      450/10000    | Elapsed 0-00:06:33 |    0.049 ns/day |  484.993 h/ns |    1.145 step/s
2026-03-09 19:35:52,245 INFO     [mdrun.py:1003] <main> Thermo | T=  331.5175 K | P=    0.0000 bar | Ekin=   86.826279 | Eb=   23.125931 | Ea=   25.621380 | Ed=   38.455013 | ELJ=   23.871887 | Eelec= -438.592743
2026-03-09 19:36:01,856 INFO     [file_io.py:759] <store_data> 
         step         time         temp        tot E        kin E        pot E         LJ E       Elec E       bond E        ang E        dih E           Px           Py           Pz
          460         0.23       280.87      -240.67       73.562      -314.23       22.121      -435.89       29.763        31.89       37.885  -1.9073e-06  -2.0862e-06   2.1458e-06
2026-03-09 19:36:01,856 INFO     [mdrun.py:1002] <main> Step      460/10000    | Elapsed 0-00:06:43 |    0.049 ns/day |  486.190 h/ns |    1.143 step/s
2026-03-09 19:36:01,856 INFO     [mdrun.py:1003] <main> Thermo | T=  280.8713 K | P=    0.0000 bar | Ekin=   73.561752 | Eb=   29.763155 | Ea=   31.889921 | Ed=   37.884674 | ELJ=   22.120693 | Eelec= -435.887817
2026-03-09 19:36:10,555 INFO     [file_io.py:759] <store_data> 
         step         time         temp        tot E        kin E        pot E         LJ E       Elec E       bond E        ang E        dih E           Px           Py           Pz
          470        0.235       281.41      -240.66       73.703      -314.36       21.394      -432.08       31.298       31.026       33.995  -2.3842e-07  -7.1526e-07   5.8115e-07
2026-03-09 19:36:10,555 INFO     [mdrun.py:1002] <main> Step      470/10000    | Elapsed 0-00:06:52 |    0.049 ns/day |  486.209 h/ns |    1.143 step/s
2026-03-09 19:36:10,555 INFO     [mdrun.py:1003] <main> Thermo | T=  281.4120 K | P=    0.0000 bar | Ekin=   73.703377 | Eb=   31.297546 | Ea=   31.025608 | Ed=   33.995449 | ELJ=   21.393923 | Eelec= -432.075867
2026-03-09 19:36:19,273 INFO     [file_io.py:759] <store_data> 
         step         time         temp        tot E        kin E        pot E         LJ E       Elec E       bond E        ang E        dih E           Px           Py           Pz
          480         0.24       335.37      -240.69       87.836      -328.52       20.423      -434.27       29.555       24.599       31.168   1.4454e-06   2.5034e-06   -1.803e-06
2026-03-09 19:36:19,273 INFO     [mdrun.py:1002] <main> Step      480/10000    | Elapsed 0-00:07:00 |    0.049 ns/day |  486.183 h/ns |    1.143 step/s
2026-03-09 19:36:19,273 INFO     [mdrun.py:1003] <main> Thermo | T=  335.3716 K | P=    0.0000 bar | Ekin=   87.835693 | Eb=   29.554543 | Ea=   24.598930 | Ed=   31.168049 | ELJ=   20.422962 | Eelec= -434.266815
2026-03-09 19:36:30,368 INFO     [file_io.py:759] <store_data> 
         step         time         temp        tot E        kin E        pot E         LJ E       Elec E       bond E        ang E        dih E           Px           Py           Pz
          490        0.245       314.24      -240.68       82.302      -322.98       20.278      -435.48       37.887       23.361       30.971  -1.1325e-06  -3.2187e-06   2.3842e-07
2026-03-09 19:36:30,369 INFO     [mdrun.py:1002] <main> Step      490/10000    | Elapsed 0-00:07:11 |    0.049 ns/day |  488.783 h/ns |    1.137 step/s
2026-03-09 19:36:30,369 INFO     [mdrun.py:1003] <main> Thermo | T=  314.2433 K | P=    0.0000 bar | Ekin=   82.302063 | Eb=   37.886742 | Ea=   23.361153 | Ed=   30.971149 | ELJ=   20.277515 | Eelec= -435.479919
2026-03-09 19:36:39,966 INFO     [file_io.py:759] <store_data> 
         step         time         temp        tot E        kin E        pot E         LJ E       Elec E       bond E        ang E        dih E           Px           Py           Pz
          500         0.25       308.06      -240.68       80.682      -321.36       18.298      -432.54        33.93       20.654       38.296   1.1921e-07   2.9802e-07  -5.3644e-07
2026-03-09 19:36:39,966 INFO     [mdrun.py:1002] <main> Step      500/10000    | Elapsed 0-00:07:21 |    0.049 ns/day |  489.625 h/ns |    1.135 step/s
2026-03-09 19:36:39,966 INFO     [mdrun.py:1003] <main> Thermo | T=  308.0577 K | P=    0.0000 bar | Ekin=   80.682022 | Eb=   33.929737 | Ea=   20.653795 | Ed=   38.296043 | ELJ=   18.297516 | Eelec= -432.539276
2026-03-09 19:36:49,257 INFO     [file_io.py:759] <store_data> 
         step         time         temp        tot E        kin E        pot E         LJ E       Elec E       bond E        ang E        dih E           Px           Py           Pz
          510        0.255       286.39      -240.68       75.007      -315.69       17.286      -430.87       25.021       25.087       47.783  -7.3761e-07  -1.4901e-07  -1.7881e-07
2026-03-09 19:36:49,257 INFO     [mdrun.py:1002] <main> Step      510/10000    | Elapsed 0-00:07:30 |    0.049 ns/day |  490.161 h/ns |    1.133 step/s
2026-03-09 19:36:49,257 INFO     [mdrun.py:1003] <main> Thermo | T=  286.3878 K | P=    0.0000 bar | Ekin=   75.006554 | Eb=   25.021109 | Ea=   25.086670 | Ed=   47.782597 | ELJ=   17.286278 | Eelec= -430.866791
2026-03-09 19:36:58,492 INFO     [file_io.py:759] <store_data> 
         step         time         temp        tot E        kin E        pot E         LJ E       Elec E       bond E        ang E        dih E           Px           Py           Pz
          520         0.26       226.68      -240.66       59.369      -300.03       18.564      -430.51       31.307       35.374        45.24   1.1921e-07   1.3411e-06  -4.4703e-07
2026-03-09 19:36:58,492 INFO     [mdrun.py:1002] <main> Step      520/10000    | Elapsed 0-00:07:40 |    0.049 ns/day |  490.623 h/ns |    1.132 step/s
2026-03-09 19:36:58,493 INFO     [mdrun.py:1003] <main> Thermo | T=  226.6827 K | P=    0.0000 bar | Ekin=   59.369453 | Eb=   31.306927 | Ea=   35.374443 | Ed=   45.240002 | ELJ=   18.564455 | Eelec= -430.510864
2026-03-09 19:37:07,752 INFO     [file_io.py:759] <store_data> 
         step         time         temp        tot E        kin E        pot E         LJ E       Elec E       bond E        ang E        dih E           Px           Py           Pz
          530        0.265       307.47       -240.7       80.528      -321.22       21.269       -435.1       25.894       33.063       33.647  -7.1526e-07  -2.1458e-06   4.1723e-07
2026-03-09 19:37:07,752 INFO     [mdrun.py:1002] <main> Step      530/10000    | Elapsed 0-00:07:49 |    0.049 ns/day |  491.071 h/ns |    1.131 step/s
2026-03-09 19:37:07,752 INFO     [mdrun.py:1003] <main> Thermo | T=  307.4691 K | P=    0.0000 bar | Ekin=   80.527878 | Eb=   25.893772 | Ea=   33.063057 | Ed=   33.646915 | ELJ=   21.268518 | Eelec= -435.095856
2026-03-09 19:37:17,349 INFO     [file_io.py:759] <store_data> 
         step         time         temp        tot E        kin E        pot E         LJ E       Elec E       bond E        ang E        dih E           Px           Py           Pz
          540         0.27       332.12      -240.71       86.984       -327.7       25.355      -440.56       15.434        38.74       33.334  -7.1526e-07  -1.1921e-07   8.9407e-08
2026-03-09 19:37:17,349 INFO     [mdrun.py:1002] <main> Step      540/10000    | Elapsed 0-00:07:58 |    0.049 ns/day |  491.842 h/ns |    1.130 step/s
2026-03-09 19:37:17,350 INFO     [mdrun.py:1003] <main> Thermo | T=  332.1188 K | P=    0.0000 bar | Ekin=   86.983772 | Eb=   15.433700 | Ea=   38.739510 | Ed=   33.334263 | ELJ=   25.354900 | Eelec= -440.559814
2026-03-09 19:37:26,605 INFO     [file_io.py:759] <store_data> 
         step         time         temp        tot E        kin E        pot E         LJ E       Elec E       bond E        ang E        dih E           Px           Py           Pz
          550        0.275       244.87      -240.68       64.132      -304.81       27.117      -441.44       19.899       45.806       43.809  -5.9605e-08  -1.4678e-06  -7.1526e-07
2026-03-09 19:37:26,606 INFO     [mdrun.py:1002] <main> Step      550/10000    | Elapsed 0-00:08:08 |    0.049 ns/day |  492.259 h/ns |    1.129 step/s
2026-03-09 19:37:26,606 INFO     [mdrun.py:1003] <main> Thermo | T=  244.8685 K | P=    0.0000 bar | Ekin=   64.132439 | Eb=   19.898792 | Ea=   45.806320 | Ed=   43.808876 | ELJ=   27.117481 | Eelec= -441.443420
2026-03-09 19:37:35,907 INFO     [file_io.py:759] <store_data> 
         step         time         temp        tot E        kin E        pot E         LJ E       Elec E       bond E        ang E        dih E           Px           Py           Pz
          560         0.28       228.36      -240.67       59.808      -300.48       26.334      -439.34       28.833       35.309       48.382   2.7418e-06   4.7684e-07  -2.3842e-07
2026-03-09 19:37:35,907 INFO     [mdrun.py:1002] <main> Step      560/10000    | Elapsed 0-00:08:17 |    0.049 ns/day |  492.691 h/ns |    1.128 step/s
2026-03-09 19:37:35,907 INFO     [mdrun.py:1003] <main> Thermo | T=  228.3569 K | P=    0.0000 bar | Ekin=   59.807957 | Eb=   28.833256 | Ea=   35.309238 | Ed=   48.381584 | ELJ=   26.334475 | Eelec= -439.337708
2026-03-09 19:37:45,353 INFO     [file_io.py:759] <store_data> 
         step         time         temp        tot E        kin E        pot E         LJ E       Elec E       bond E        ang E        dih E           Px           Py           Pz
          570        0.285        260.1      -240.68       68.121       -308.8        23.77      -436.55       29.399        28.76       45.821  -2.3842e-07   5.9605e-07  -1.9446e-06
2026-03-09 19:37:45,353 INFO     [mdrun.py:1002] <main> Step      570/10000    | Elapsed 0-00:08:26 |    0.049 ns/day |  493.228 h/ns |    1.126 step/s
2026-03-09 19:37:45,353 INFO     [mdrun.py:1003] <main> Thermo | T=  260.0975 K | P=    0.0000 bar | Ekin=   68.120987 | Eb=   29.398727 | Ea=   28.759605 | Ed=   45.821365 | ELJ=   23.770195 | Eelec= -436.550293
2026-03-09 19:37:54,651 INFO     [file_io.py:759] <store_data> 
         step         time         temp        tot E        kin E        pot E         LJ E       Elec E       bond E        ang E        dih E           Px           Py           Pz
          580         0.29       312.04      -240.69       81.726      -322.42       21.523      -436.52       26.896       23.834       41.841    7.391e-06   1.1623e-06   4.1723e-07
2026-03-09 19:37:54,651 INFO     [mdrun.py:1002] <main> Step      580/10000    | Elapsed 0-00:08:36 |    0.049 ns/day |  493.642 h/ns |    1.125 step/s
2026-03-09 19:37:54,651 INFO     [mdrun.py:1003] <main> Thermo | T=  312.0445 K | P=    0.0000 bar | Ekin=   81.726196 | Eb=   26.896374 | Ea=   23.834475 | Ed=   41.840790 | ELJ=   21.523300 | Eelec= -436.515350
2026-03-09 19:38:04,069 INFO     [file_io.py:759] <store_data> 
         step         time         temp        tot E        kin E        pot E         LJ E       Elec E       bond E        ang E        dih E           Px           Py           Pz
          590        0.295       340.31       -240.7       89.129      -329.83       21.775      -438.66       21.528       24.958       40.569   2.3842e-07   4.1723e-07            0
2026-03-09 19:38:04,069 INFO     [mdrun.py:1002] <main> Step      590/10000    | Elapsed 0-00:08:45 |    0.049 ns/day |  494.152 h/ns |    1.124 step/s
2026-03-09 19:38:04,069 INFO     [mdrun.py:1003] <main> Thermo | T=  340.3095 K | P=    0.0000 bar | Ekin=   89.128967 | Eb=   21.528318 | Ea=   24.957870 | Ed=   40.569233 | ELJ=   21.775238 | Eelec= -438.663055
2026-03-09 19:38:14,065 INFO     [file_io.py:759] <store_data> 
         step         time         temp        tot E        kin E        pot E         LJ E       Elec E       bond E        ang E        dih E           Px           Py           Pz
          600          0.3        308.7      -240.68       80.851      -321.53       21.485      -442.89       29.474       26.176       44.218  -6.2585e-07   1.4305e-06   2.5705e-06
2026-03-09 19:38:14,065 INFO     [mdrun.py:1002] <main> Step      600/10000    | Elapsed 0-00:08:55 |    0.048 ns/day |  495.087 h/ns |    1.122 step/s
2026-03-09 19:38:14,065 INFO     [mdrun.py:1003] <main> Thermo | T=  308.7039 K | P=    0.0000 bar | Ekin=   80.851280 | Eb=   29.474457 | Ea=   26.176094 | Ed=   44.217808 | ELJ=   21.484570 | Eelec= -442.886871
2026-03-09 19:38:24,784 INFO     [file_io.py:759] <store_data> 
         step         time         temp        tot E        kin E        pot E         LJ E       Elec E       bond E        ang E        dih E           Px           Py           Pz
          610        0.305       290.48      -240.68        76.08      -316.76       19.576      -446.73       44.156       23.271       42.974   7.7486e-07  -7.1526e-07  -6.2585e-07
2026-03-09 19:38:24,784 INFO     [mdrun.py:1002] <main> Step      610/10000    | Elapsed 0-00:09:06 |    0.048 ns/day |  496.642 h/ns |    1.119 step/s
2026-03-09 19:38:24,784 INFO     [mdrun.py:1003] <main> Thermo | T=  290.4849 K | P=    0.0000 bar | Ekin=   76.079620 | Eb=   44.156387 | Ea=   23.271461 | Ed=   42.973698 | ELJ=   19.576027 | Eelec= -446.734650
2026-03-09 19:38:34,691 INFO     [file_io.py:759] <store_data> 
         step         time         temp        tot E        kin E        pot E         LJ E       Elec E       bond E        ang E        dih E           Px           Py           Pz
          620         0.31       293.75      -240.69       76.935      -317.62       19.046      -447.62       41.095       34.301       35.558   2.7418e-06  -9.0897e-07  -1.1027e-06
2026-03-09 19:38:34,691 INFO     [mdrun.py:1002] <main> Step      620/10000    | Elapsed 0-00:09:16 |    0.048 ns/day |  497.606 h/ns |    1.116 step/s
2026-03-09 19:38:34,691 INFO     [mdrun.py:1003] <main> Thermo | T=  293.7502 K | P=    0.0000 bar | Ekin=   76.934822 | Eb=   41.094753 | Ea=   34.301365 | Ed=   35.558422 | ELJ=   19.046040 | Eelec= -447.621338
2026-03-09 19:38:44,752 INFO     [file_io.py:759] <store_data> 
         step         time         temp        tot E        kin E        pot E         LJ E       Elec E       bond E        ang E        dih E           Px           Py           Pz
          630        0.315       319.24      -240.69       83.611       -324.3       19.625      -447.99       26.885       41.644       35.534  -3.2485e-06  -3.5763e-07   2.1458e-06
2026-03-09 19:38:44,752 INFO     [mdrun.py:1002] <main> Step      630/10000    | Elapsed 0-00:09:26 |    0.048 ns/day |  498.595 h/ns |    1.114 step/s
2026-03-09 19:38:44,752 INFO     [mdrun.py:1003] <main> Thermo | T=  319.2428 K | P=    0.0000 bar | Ekin=   83.611458 | Eb=   26.885118 | Ea=   41.643776 | Ed=   35.534103 | ELJ=   19.625191 | Eelec= -447.987915
2026-03-09 19:38:54,805 INFO     [file_io.py:759] <store_data> 
         step         time         temp        tot E        kin E        pot E         LJ E       Elec E       bond E        ang E        dih E           Px           Py           Pz
          640         0.32       340.57      -240.69       89.196      -329.89       21.452      -443.38       14.651       37.298       40.088  -5.9605e-08  -1.6689e-06   1.2815e-06
2026-03-09 19:38:54,805 INFO     [mdrun.py:1002] <main> Step      640/10000    | Elapsed 0-00:09:36 |    0.048 ns/day |  499.407 h/ns |    1.112 step/s
2026-03-09 19:38:54,805 INFO     [mdrun.py:1003] <main> Thermo | T=  340.5653 K | P=    0.0000 bar | Ekin=   89.195953 | Eb=   14.650744 | Ea=   37.298294 | Ed=   40.088051 | ELJ=   21.451763 | Eelec= -443.379639
2026-03-09 19:39:04,898 INFO     [file_io.py:759] <store_data> 
         step         time         temp        tot E        kin E        pot E         LJ E       Elec E       bond E        ang E        dih E           Px           Py           Pz
          650        0.325       304.77      -240.69       79.822      -320.51       26.698      -437.16       18.337       33.569       38.046   1.3113e-06  -9.5367e-07   4.7684e-07
2026-03-09 19:39:04,898 INFO     [mdrun.py:1002] <main> Step      650/10000    | Elapsed 0-00:09:46 |    0.048 ns/day |  500.437 h/ns |    1.110 step/s
2026-03-09 19:39:04,898 INFO     [mdrun.py:1003] <main> Thermo | T=  304.7737 K | P=    0.0000 bar | Ekin=   79.821922 | Eb=   18.337341 | Ea=   33.569473 | Ed=   38.045555 | ELJ=   26.698465 | Eelec= -437.162262
2026-03-09 19:39:14,622 INFO     [file_io.py:759] <store_data> 
         step         time         temp        tot E        kin E        pot E         LJ E       Elec E       bond E        ang E        dih E           Px           Py           Pz
          660         0.33       258.17      -240.66       67.617      -308.27        33.29      -435.71       27.894       30.519       35.734  -1.7881e-07  -3.4273e-07   7.4506e-08
2026-03-09 19:39:14,622 INFO     [mdrun.py:1002] <main> Step      660/10000    | Elapsed 0-00:09:56 |    0.048 ns/day |  501.072 h/ns |    1.109 step/s
2026-03-09 19:39:14,622 INFO     [mdrun.py:1003] <main> Thermo | T=  258.1744 K | P=    0.0000 bar | Ekin=   67.617325 | Eb=   27.894087 | Ea=   30.518728 | Ed=   35.733776 | ELJ=   33.290009 | Eelec= -435.710052
2026-03-09 19:39:24,465 INFO     [file_io.py:759] <store_data> 
         step         time         temp        tot E        kin E        pot E         LJ E       Elec E       bond E        ang E        dih E           Px           Py           Pz
          670        0.335       282.09      -240.68       73.882      -314.56       38.443      -436.06       21.671       24.795       36.589  -1.6689e-06   1.0952e-06  -1.5497e-06
2026-03-09 19:39:24,465 INFO     [mdrun.py:1002] <main> Step      670/10000    | Elapsed 0-00:10:06 |    0.048 ns/day |  501.771 h/ns |    1.107 step/s
2026-03-09 19:39:24,465 INFO     [mdrun.py:1003] <main> Thermo | T=  282.0935 K | P=    0.0000 bar | Ekin=   73.881851 | Eb=   21.670931 | Ea=   24.795052 | Ed=   36.588699 | ELJ=   38.442757 | Eelec= -436.059052
2026-03-09 19:39:34,207 INFO     [file_io.py:759] <store_data> 
         step         time         temp        tot E        kin E        pot E         LJ E       Elec E       bond E        ang E        dih E           Px           Py           Pz
          680         0.34       306.38       -240.7       80.242      -320.94       40.839      -446.18       19.072       30.932       34.391   2.0266e-06  -4.7684e-07  -2.5332e-07
2026-03-09 19:39:34,207 INFO     [mdrun.py:1002] <main> Step      680/10000    | Elapsed 0-00:10:15 |    0.048 ns/day |  502.337 h/ns |    1.106 step/s
2026-03-09 19:39:34,207 INFO     [mdrun.py:1003] <main> Thermo | T=  306.3779 K | P=    0.0000 bar | Ekin=   80.242073 | Eb=   19.072340 | Ea=   30.932135 | Ed=   34.390942 | ELJ=   40.839096 | Eelec= -446.175842
2026-03-09 19:39:44,110 INFO     [file_io.py:759] <store_data> 
         step         time         temp        tot E        kin E        pot E         LJ E       Elec E       bond E        ang E        dih E           Px           Py           Pz
          690        0.345        301.8      -240.69       79.044      -319.73       42.183      -458.41        21.31        39.98       35.208   7.1526e-07   9.9652e-07   3.5763e-07
2026-03-09 19:39:44,111 INFO     [mdrun.py:1002] <main> Step      690/10000    | Elapsed 0-00:10:25 |    0.048 ns/day |  503.017 h/ns |    1.104 step/s
2026-03-09 19:39:44,111 INFO     [mdrun.py:1003] <main> Thermo | T=  301.8038 K | P=    0.0000 bar | Ekin=   79.044106 | Eb=   21.310230 | Ea=   39.980240 | Ed=   35.207729 | ELJ=   42.183472 | Eelec= -458.411621
2026-03-09 19:39:54,048 INFO     [file_io.py:759] <store_data> 
         step         time         temp        tot E        kin E        pot E         LJ E       Elec E       bond E        ang E        dih E           Px           Py           Pz
          700         0.35       296.01       -240.7       77.528      -318.22       36.668      -462.47       32.779       30.994       43.808  -2.6226e-06  -1.1921e-06   2.2948e-06
2026-03-09 19:39:54,048 INFO     [mdrun.py:1002] <main> Step      700/10000    | Elapsed 0-00:10:35 |    0.048 ns/day |  503.735 h/ns |    1.103 step/s
2026-03-09 19:39:54,049 INFO     [mdrun.py:1003] <main> Thermo | T=  296.0138 K | P=    0.0000 bar | Ekin=   77.527664 | Eb=   32.779484 | Ea=   30.993561 | Ed=   43.807930 | ELJ=   36.668312 | Eelec= -462.472626
2026-03-09 19:40:03,926 INFO     [file_io.py:759] <store_data> 
         step         time         temp        tot E        kin E        pot E         LJ E       Elec E       bond E        ang E        dih E           Px           Py           Pz
          710        0.355       253.96      -240.67       66.513      -307.18       29.223      -462.03       53.101       27.843        44.68  -1.0729e-06  -1.0431e-07   6.2585e-07
2026-03-09 19:40:03,926 INFO     [mdrun.py:1002] <main> Step      710/10000    | Elapsed 0-00:10:45 |    0.048 ns/day |  504.349 h/ns |    1.102 step/s
2026-03-09 19:40:03,926 INFO     [mdrun.py:1003] <main> Thermo | T=  253.9587 K | P=    0.0000 bar | Ekin=   66.513191 | Eb=   53.100895 | Ea=   27.843328 | Ed=   44.680428 | ELJ=   29.222651 | Eelec= -462.029663
2026-03-09 19:40:13,891 INFO     [file_io.py:759] <store_data> 
         step         time         temp        tot E        kin E        pot E         LJ E       Elec E       bond E        ang E        dih E           Px           Py           Pz
          720         0.36       245.69      -240.68       64.347      -305.02       24.393      -454.69       54.121       36.507       34.642  -1.5497e-06  -4.7684e-07   1.2219e-06
2026-03-09 19:40:13,891 INFO     [mdrun.py:1002] <main> Step      720/10000    | Elapsed 0-00:10:55 |    0.048 ns/day |  505.042 h/ns |    1.100 step/s
2026-03-09 19:40:13,891 INFO     [mdrun.py:1003] <main> Thermo | T=  245.6880 K | P=    0.0000 bar | Ekin=   64.347061 | Eb=   54.120728 | Ea=   36.507301 | Ed=   34.642246 | ELJ=   24.392818 | Eelec= -454.686157
2026-03-09 19:40:23,776 INFO     [file_io.py:759] <store_data> 
         step         time         temp        tot E        kin E        pot E         LJ E       Elec E       bond E        ang E        dih E           Px           Py           Pz
          730        0.365       295.26      -240.72        77.33      -318.05       22.275      -445.75       38.704       34.366       32.352   4.7684e-07   1.7509e-07  -1.0729e-06
2026-03-09 19:40:23,776 INFO     [mdrun.py:1002] <main> Step      730/10000    | Elapsed 0-00:11:05 |    0.047 ns/day |  505.632 h/ns |    1.099 step/s
2026-03-09 19:40:23,776 INFO     [mdrun.py:1003] <main> Thermo | T=  295.2607 K | P=    0.0000 bar | Ekin=   77.330421 | Eb=   38.703911 | Ea=   34.365799 | Ed=   32.351982 | ELJ=   22.275051 | Eelec= -445.747528
2026-03-09 19:40:33,616 INFO     [file_io.py:759] <store_data> 
         step         time         temp        tot E        kin E        pot E         LJ E       Elec E       bond E        ang E        dih E           Px           Py           Pz
          740         0.37       274.66      -240.68       71.935      -312.61        22.26      -438.16       31.693       32.086       39.513   1.4305e-06   4.7684e-07   1.4305e-06
2026-03-09 19:40:33,617 INFO     [mdrun.py:1002] <main> Step      740/10000    | Elapsed 0-00:11:15 |    0.047 ns/day |  506.182 h/ns |    1.098 step/s
2026-03-09 19:40:33,617 INFO     [mdrun.py:1003] <main> Thermo | T=  274.6619 K | P=    0.0000 bar | Ekin=   71.935478 | Eb=   31.692949 | Ea=   32.086418 | Ed=   39.512630 | ELJ=   22.259975 | Eelec= -438.164429
2026-03-09 19:40:43,830 INFO     [file_io.py:759] <store_data> 
         step         time         temp        tot E        kin E        pot E         LJ E       Elec E       bond E        ang E        dih E           Px           Py           Pz
          750        0.375       271.33      -240.68       71.062      -311.74       23.028       -433.9       29.022       28.528       41.575  -2.5034e-06  -1.0766e-06   6.2585e-07
2026-03-09 19:40:43,830 INFO     [mdrun.py:1002] <main> Step      750/10000    | Elapsed 0-00:11:25 |    0.047 ns/day |  507.003 h/ns |    1.096 step/s
2026-03-09 19:40:43,830 INFO     [mdrun.py:1003] <main> Thermo | T=  271.3282 K | P=    0.0000 bar | Ekin=   71.062378 | Eb=   29.022024 | Ea=   28.528280 | Ed=   41.575020 | ELJ=   23.028070 | Eelec= -433.896179
2026-03-09 19:40:54,776 INFO     [file_io.py:759] <store_data> 
         step         time         temp        tot E        kin E        pot E         LJ E       Elec E       bond E        ang E        dih E           Px           Py           Pz
          760         0.38       310.26      -240.71       81.258      -321.96       23.828      -433.83       25.586       24.589       37.865  -8.3447e-07   1.0133e-06  -1.1325e-06
2026-03-09 19:40:54,777 INFO     [mdrun.py:1002] <main> Step      760/10000    | Elapsed 0-00:11:36 |    0.047 ns/day |  508.264 h/ns |    1.093 step/s
2026-03-09 19:40:54,777 INFO     [mdrun.py:1003] <main> Thermo | T=  310.2553 K | P=    0.0000 bar | Ekin=   81.257607 | Eb=   25.585695 | Ea=   24.588543 | Ed=   37.865284 | ELJ=   23.827921 | Eelec= -433.830811
2026-03-09 19:41:06,654 INFO     [file_io.py:759] <store_data> 
         step         time         temp        tot E        kin E        pot E         LJ E       Elec E       bond E        ang E        dih E           Px           Py           Pz
          770        0.385       299.87      -240.66       78.537       -319.2       23.144      -435.38       22.681       33.837       36.515   7.1526e-07   9.9838e-07  -9.5367e-07
2026-03-09 19:41:06,655 INFO     [mdrun.py:1002] <main> Step      770/10000    | Elapsed 0-00:11:48 |    0.047 ns/day |  510.271 h/ns |    1.089 step/s
2026-03-09 19:41:06,655 INFO     [mdrun.py:1003] <main> Thermo | T=  299.8668 K | P=    0.0000 bar | Ekin=   78.536781 | Eb=   22.680683 | Ea=   33.836716 | Ed=   36.515419 | ELJ=   23.144020 | Eelec= -435.377655
2026-03-09 19:41:17,116 INFO     [file_io.py:759] <store_data> 
         step         time         temp        tot E        kin E        pot E         LJ E       Elec E       bond E        ang E        dih E           Px           Py           Pz
          780         0.39       312.58      -240.67       81.866      -322.54       21.066      -440.69       21.816       38.381       36.891  -1.4305e-06  -4.1723e-07   7.7486e-07
2026-03-09 19:41:17,117 INFO     [mdrun.py:1002] <main> Step      780/10000    | Elapsed 0-00:11:58 |    0.047 ns/day |  511.152 h/ns |    1.087 step/s
2026-03-09 19:41:17,117 INFO     [mdrun.py:1003] <main> Thermo | T=  312.5777 K | P=    0.0000 bar | Ekin=   81.865829 | Eb=   21.815641 | Ea=   38.380791 | Ed=   36.890846 | ELJ=   21.066442 | Eelec= -440.692810
2026-03-09 19:41:28,030 INFO     [file_io.py:759] <store_data> 
         step         time         temp        tot E        kin E        pot E         LJ E       Elec E       bond E        ang E        dih E           Px           Py           Pz
          790        0.395       369.63      -240.74       96.808      -337.55       20.217      -442.39       18.395       29.142       37.089  -2.1458e-06  -4.7684e-07   1.1325e-06
2026-03-09 19:41:28,030 INFO     [mdrun.py:1002] <main> Step      790/10000    | Elapsed 0-00:12:09 |    0.047 ns/day |  512.154 h/ns |    1.085 step/s
2026-03-09 19:41:28,031 INFO     [mdrun.py:1003] <main> Thermo | T=  369.6289 K | P=    0.0000 bar | Ekin=   96.807854 | Eb=   18.395414 | Ea=   29.141920 | Ed=   37.089424 | ELJ=   20.217365 | Eelec= -442.392578
2026-03-09 19:41:38,890 INFO     [file_io.py:759] <store_data> 
         step         time         temp        tot E        kin E        pot E         LJ E       Elec E       bond E        ang E        dih E           Px           Py           Pz
          800          0.4       291.34      -240.67       76.304      -316.97       22.269      -440.97        26.37       35.586       39.769   1.4007e-06  -1.1921e-06   7.1526e-07
2026-03-09 19:41:38,891 INFO     [mdrun.py:1002] <main> Step      800/10000    | Elapsed 0-00:12:20 |    0.047 ns/day |  513.507 h/ns |    1.082 step/s
2026-03-09 19:41:38,891 INFO     [mdrun.py:1003] <main> Thermo | T=  291.3416 K | P=    0.0000 bar | Ekin=   76.304001 | Eb=   26.369524 | Ea=   35.586132 | Ed=   39.768795 | ELJ=   22.269318 | Eelec= -440.966248
2026-03-09 19:41:51,457 INFO     [file_io.py:759] <store_data> 
         step         time         temp        tot E        kin E        pot E         LJ E       Elec E       bond E        ang E        dih E           Px           Py           Pz
          810        0.405       213.46      -240.63       55.905      -296.54       25.927      -438.62       33.174       38.482       44.505   1.1921e-07  -4.7684e-07   9.5367e-07
2026-03-09 19:41:51,457 INFO     [mdrun.py:1002] <main> Step      810/10000    | Elapsed 0-00:12:32 |    0.047 ns/day |  515.576 h/ns |    1.078 step/s
2026-03-09 19:41:51,457 INFO     [mdrun.py:1003] <main> Thermo | T=  213.4552 K | P=    0.0000 bar | Ekin=   55.905113 | Eb=   33.174049 | Ea=   38.482201 | Ed=   44.505295 | ELJ=   25.926750 | Eelec= -438.623322
2026-03-09 19:42:04,060 INFO     [file_io.py:759] <store_data> 
         step         time         temp        tot E        kin E        pot E         LJ E       Elec E       bond E        ang E        dih E           Px           Py           Pz
          820         0.41       300.94      -240.74       78.817      -319.56       24.402      -433.29       24.258       19.966       45.108   4.7684e-07   7.1526e-07   1.1921e-07
2026-03-09 19:42:04,061 INFO     [mdrun.py:1002] <main> Step      820/10000    | Elapsed 0-00:12:45 |    0.046 ns/day |  517.985 h/ns |    1.073 step/s
2026-03-09 19:42:04,061 INFO     [mdrun.py:1003] <main> Thermo | T=  300.9358 K | P=    0.0000 bar | Ekin=   78.816750 | Eb=   24.257692 | Ea=   19.966328 | Ed=   45.107864 | ELJ=   24.402267 | Eelec= -433.293060
2026-03-09 19:42:14,769 INFO     [file_io.py:759] <store_data> 
         step         time         temp        tot E        kin E        pot E         LJ E       Elec E       bond E        ang E        dih E           Px           Py           Pz
          830        0.415       328.74      -240.69       86.099      -326.79       21.889      -431.91       21.818        21.54       39.877  -1.6093e-06  -1.0729e-06  -6.2585e-07
2026-03-09 19:42:14,769 INFO     [mdrun.py:1002] <main> Step      830/10000    | Elapsed 0-00:12:56 |    0.046 ns/day |  518.966 h/ns |    1.071 step/s
2026-03-09 19:42:14,770 INFO     [mdrun.py:1003] <main> Thermo | T=  328.7401 K | P=    0.0000 bar | Ekin=   86.098862 | Eb=   21.818295 | Ea=   21.539755 | Ed=   39.876587 | ELJ=   21.889042 | Eelec= -431.909119
2026-03-09 19:42:25,484 INFO     [file_io.py:759] <store_data> 
         step         time         temp        tot E        kin E        pot E         LJ E       Elec E       bond E        ang E        dih E           Px           Py           Pz
          840         0.42       316.75      -240.68       82.959      -323.63       21.681      -436.47       22.665        33.47       35.018  -5.9605e-08  -1.9073e-06  -1.4305e-06
2026-03-09 19:42:25,484 INFO     [mdrun.py:1002] <main> Step      840/10000    | Elapsed 0-00:13:06 |    0.046 ns/day |  519.872 h/ns |    1.069 step/s
2026-03-09 19:42:25,484 INFO     [mdrun.py:1003] <main> Thermo | T=  316.7499 K | P=    0.0000 bar | Ekin=   82.958565 | Eb=   22.665266 | Ea=   33.469971 | Ed=   35.017769 | ELJ=   21.681061 | Eelec= -436.467712
2026-03-09 19:42:37,052 INFO     [file_io.py:759] <store_data> 
         step         time         temp        tot E        kin E        pot E         LJ E       Elec E       bond E        ang E        dih E           Px           Py           Pz
          850        0.425       292.48      -240.74       76.602      -317.34       23.734      -442.17       24.673       41.919       34.502   7.1526e-07  -9.5367e-07   7.1526e-07
2026-03-09 19:42:37,052 INFO     [mdrun.py:1002] <main> Step      850/10000    | Elapsed 0-00:13:18 |    0.046 ns/day |  521.212 h/ns |    1.066 step/s
2026-03-09 19:42:37,052 INFO     [mdrun.py:1003] <main> Thermo | T=  292.4792 K | P=    0.0000 bar | Ekin=   76.601929 | Eb=   24.673021 | Ea=   41.918526 | Ed=   34.502213 | ELJ=   23.733536 | Eelec= -442.167206
2026-03-09 19:42:48,019 INFO     [file_io.py:759] <store_data> 
         step         time         temp        tot E        kin E        pot E         LJ E       Elec E       bond E        ang E        dih E           Px           Py           Pz
          860         0.43        212.9      -240.65       55.759      -296.41       25.841      -446.72       38.567       49.674       36.224   8.9407e-08   3.5763e-07   4.2319e-06
2026-03-09 19:42:48,020 INFO     [mdrun.py:1002] <main> Step      860/10000    | Elapsed 0-00:13:29 |    0.046 ns/day |  522.315 h/ns |    1.064 step/s
2026-03-09 19:42:48,020 INFO     [mdrun.py:1003] <main> Thermo | T=  212.8971 K | P=    0.0000 bar | Ekin=   55.758926 | Eb=   38.567299 | Ea=   49.673851 | Ed=   36.224327 | ELJ=   25.840681 | Eelec= -446.715790
2026-03-09 19:42:59,190 INFO     [file_io.py:759] <store_data> 
         step         time         temp        tot E        kin E        pot E         LJ E       Elec E       bond E        ang E        dih E           Px           Py           Pz
          870        0.435       246.59      -240.66       64.583      -305.24       25.406      -445.43       35.557       42.461       36.766   1.7881e-06  -6.5565e-07  -3.7253e-08
2026-03-09 19:42:59,190 INFO     [mdrun.py:1002] <main> Step      870/10000    | Elapsed 0-00:13:40 |    0.046 ns/day |  523.433 h/ns |    1.061 step/s
2026-03-09 19:42:59,191 INFO     [mdrun.py:1003] <main> Thermo | T=  246.5874 K | P=    0.0000 bar | Ekin=   64.582626 | Eb=   35.556564 | Ea=   42.460625 | Ed=   36.766296 | ELJ=   25.405876 | Eelec= -445.427307
2026-03-09 19:43:10,663 INFO     [file_io.py:759] <store_data> 
         step         time         temp        tot E        kin E        pot E         LJ E       Elec E       bond E        ang E        dih E           Px           Py           Pz
          880         0.44       363.04      -240.77       95.082      -335.85       24.747      -440.89       17.739       28.676       33.875   2.3842e-07  -3.6377e-06   2.3842e-07
2026-03-09 19:43:10,663 INFO     [mdrun.py:1002] <main> Step      880/10000    | Elapsed 0-00:13:52 |    0.046 ns/day |  524.657 h/ns |    1.059 step/s
2026-03-09 19:43:10,663 INFO     [mdrun.py:1003] <main> Thermo | T=  363.0381 K | P=    0.0000 bar | Ekin=   95.081703 | Eb=   17.739016 | Ea=   28.676283 | Ed=   33.874554 | ELJ=   24.746948 | Eelec= -440.888855
2026-03-09 19:43:21,372 INFO     [file_io.py:759] <store_data> 
         step         time         temp        tot E        kin E        pot E         LJ E       Elec E       bond E        ang E        dih E           Px           Py           Pz
          890        0.445       319.89      -240.69       83.781      -324.47       26.192      -439.41       27.372       24.647       36.732  -7.1526e-07   3.6359e-06   1.1921e-07
2026-03-09 19:43:21,372 INFO     [mdrun.py:1002] <main> Step      890/10000    | Elapsed 0-00:14:02 |    0.046 ns/day |  525.530 h/ns |    1.057 step/s
2026-03-09 19:43:21,372 INFO     [mdrun.py:1003] <main> Thermo | T=  319.8913 K | P=    0.0000 bar | Ekin=   83.781303 | Eb=   27.372334 | Ea=   24.646860 | Ed=   36.732201 | ELJ=   26.191887 | Eelec= -439.411560
2026-03-09 19:43:32,106 INFO     [file_io.py:759] <store_data> 
         step         time         temp        tot E        kin E        pot E         LJ E       Elec E       bond E        ang E        dih E           Px           Py           Pz
          900         0.45       247.38      -240.64        64.79      -305.43       30.484      -441.36       44.677       21.107       39.658  -2.3842e-07  -1.3113e-06  -2.1458e-06
2026-03-09 19:43:32,107 INFO     [mdrun.py:1002] <main> Step      900/10000    | Elapsed 0-00:14:13 |    0.046 ns/day |  526.275 h/ns |    1.056 step/s
2026-03-09 19:43:32,107 INFO     [mdrun.py:1003] <main> Thermo | T=  247.3805 K | P=    0.0000 bar | Ekin=   64.790337 | Eb=   44.677349 | Ea=   21.107353 | Ed=   39.658184 | ELJ=   30.484463 | Eelec= -441.359711
2026-03-09 19:43:43,078 INFO     [file_io.py:759] <store_data> 
         step         time         temp        tot E        kin E        pot E         LJ E       Elec E       bond E        ang E        dih E           Px           Py           Pz
          910        0.455       297.23      -240.72       77.846      -318.57       32.258      -445.17        42.12       19.987       32.237  -4.7684e-07   4.7684e-07  -1.6391e-06
2026-03-09 19:43:43,078 INFO     [mdrun.py:1002] <main> Step      910/10000    | Elapsed 0-00:14:24 |    0.046 ns/day |  527.223 h/ns |    1.054 step/s
2026-03-09 19:43:43,078 INFO     [mdrun.py:1003] <main> Thermo | T=  297.2310 K | P=    0.0000 bar | Ekin=   77.846466 | Eb=   42.120159 | Ea=   19.986908 | Ed=   32.237038 | ELJ=   32.257507 | Eelec= -445.171417
2026-03-09 19:43:54,646 INFO     [file_io.py:759] <store_data> 
         step         time         temp        tot E        kin E        pot E         LJ E       Elec E       bond E        ang E        dih E           Px           Py           Pz
          920         0.46       332.83       -240.7       87.169      -327.87       27.934      -443.65       32.855       27.463       27.531  -7.1526e-07  -1.7881e-07  -1.4305e-06
2026-03-09 19:43:54,646 INFO     [mdrun.py:1002] <main> Step      920/10000    | Elapsed 0-00:14:36 |    0.045 ns/day |  528.476 h/ns |    1.051 step/s
2026-03-09 19:43:54,647 INFO     [mdrun.py:1003] <main> Thermo | T=  332.8259 K | P=    0.0000 bar | Ekin=   87.168953 | Eb=   32.854702 | Ea=   27.463013 | Ed=   27.530712 | ELJ=   27.934498 | Eelec= -443.654114
2026-03-09 19:44:06,106 INFO     [file_io.py:759] <store_data> 
         step         time         temp        tot E        kin E        pot E         LJ E       Elec E       bond E        ang E        dih E           Px           Py           Pz
          930        0.465       306.67      -240.67       80.318      -320.98       24.645      -442.49       22.275       39.735       34.852  -4.7684e-07   7.1526e-07   1.7285e-06
2026-03-09 19:44:06,106 INFO     [mdrun.py:1002] <main> Step      930/10000    | Elapsed 0-00:14:47 |    0.045 ns/day |  529.585 h/ns |    1.049 step/s
2026-03-09 19:44:06,106 INFO     [mdrun.py:1003] <main> Thermo | T=  306.6676 K | P=    0.0000 bar | Ekin=   80.317947 | Eb=   22.275314 | Ea=   39.735405 | Ed=   34.852020 | ELJ=   24.644686 | Eelec= -442.492035
2026-03-09 19:44:17,295 INFO     [file_io.py:759] <store_data> 
         step         time         temp        tot E        kin E        pot E         LJ E       Elec E       bond E        ang E        dih E           Px           Py           Pz
          940         0.47       315.17      -240.73       82.545      -323.28        22.99      -438.45        15.04       35.338         41.8   2.3842e-07   4.7684e-07   9.5367e-07
2026-03-09 19:44:17,296 INFO     [mdrun.py:1002] <main> Step      940/10000    | Elapsed 0-00:14:58 |    0.045 ns/day |  530.603 h/ns |    1.047 step/s
2026-03-09 19:44:17,296 INFO     [mdrun.py:1003] <main> Thermo | T=  315.1716 K | P=    0.0000 bar | Ekin=   82.545204 | Eb=   15.040279 | Ea=   35.338387 | Ed=   41.799763 | ELJ=   22.989849 | Eelec= -438.447296
2026-03-09 19:44:28,863 INFO     [file_io.py:759] <store_data> 
         step         time         temp        tot E        kin E        pot E         LJ E       Elec E       bond E        ang E        dih E           Px           Py           Pz
          950        0.475       278.29      -240.69       72.885      -313.57       22.378      -431.24        27.04       25.413       42.835  -1.1921e-06   9.5367e-07   1.5274e-06
2026-03-09 19:44:28,864 INFO     [mdrun.py:1002] <main> Step      950/10000    | Elapsed 0-00:15:10 |    0.045 ns/day |  531.781 h/ns |    1.045 step/s
2026-03-09 19:44:28,864 INFO     [mdrun.py:1003] <main> Thermo | T=  278.2855 K | P=    0.0000 bar | Ekin=   72.884514 | Eb=   27.039623 | Ea=   25.413273 | Ed=   42.835323 | ELJ=   22.378269 | Eelec= -431.238892
2026-03-09 19:44:39,923 INFO     [file_io.py:759] <store_data> 
         step         time         temp        tot E        kin E        pot E         LJ E       Elec E       bond E        ang E        dih E           Px           Py           Pz
          960         0.48       214.33      -240.63       56.134      -296.76       21.732      -427.02       33.965       26.711       47.849   5.9605e-07   1.1921e-07  -1.1921e-06
2026-03-09 19:44:39,923 INFO     [mdrun.py:1002] <main> Step      960/10000    | Elapsed 0-00:15:21 |    0.045 ns/day |  532.641 h/ns |    1.043 step/s
2026-03-09 19:44:39,923 INFO     [mdrun.py:1003] <main> Thermo | T=  214.3278 K | P=    0.0000 bar | Ekin=   56.133644 | Eb=   33.965073 | Ea=   26.710838 | Ed=   47.849106 | ELJ=   21.732149 | Eelec= -427.020416
2026-03-09 19:44:51,391 INFO     [file_io.py:759] <store_data> 
         step         time         temp        tot E        kin E        pot E         LJ E       Elec E       bond E        ang E        dih E           Px           Py           Pz
          970        0.485       278.26      -240.71       72.879      -313.59       19.747      -426.29       18.444        24.55       49.954   9.5367e-07   1.0133e-06  -5.8115e-07
2026-03-09 19:44:51,392 INFO     [mdrun.py:1002] <main> Step      970/10000    | Elapsed 0-00:15:32 |    0.045 ns/day |  533.693 h/ns |    1.041 step/s
2026-03-09 19:44:51,392 INFO     [mdrun.py:1003] <main> Thermo | T=  278.2639 K | P=    0.0000 bar | Ekin=   72.878876 | Eb=   18.444258 | Ea=   24.549877 | Ed=   49.954430 | ELJ=   19.746876 | Eelec= -426.288879
2026-03-09 19:45:02,532 INFO     [file_io.py:759] <store_data> 
         step         time         temp        tot E        kin E        pot E         LJ E       Elec E       bond E        ang E        dih E           Px           Py           Pz
          980         0.49       363.16      -240.71       95.113      -335.82       19.434       -433.3       18.312       20.885       38.847  -2.1458e-06   3.5763e-07   3.5763e-07
2026-03-09 19:45:02,532 INFO     [mdrun.py:1002] <main> Step      980/10000    | Elapsed 0-00:15:43 |    0.045 ns/day |  534.533 h/ns |    1.039 step/s
2026-03-09 19:45:02,533 INFO     [mdrun.py:1003] <main> Thermo | T=  363.1570 K | P=    0.0000 bar | Ekin=   95.112839 | Eb=   18.312399 | Ea=   20.884789 | Ed=   38.846909 | ELJ=   19.433838 | Eelec= -433.301971
2026-03-09 19:45:13,589 INFO     [file_io.py:759] <store_data> 
         step         time         temp        tot E        kin E        pot E         LJ E       Elec E       bond E        ang E        dih E           Px           Py           Pz
          990        0.495       329.03      -240.68       86.174      -326.85       22.117      -442.54       31.702       29.375       32.493  -9.5367e-07   5.2154e-07   5.9605e-07
2026-03-09 19:45:13,589 INFO     [mdrun.py:1002] <main> Step      990/10000    | Elapsed 0-00:15:54 |    0.045 ns/day |  535.361 h/ns |    1.038 step/s
2026-03-09 19:45:13,589 INFO     [mdrun.py:1003] <main> Thermo | T=  329.0285 K | P=    0.0000 bar | Ekin=   86.174385 | Eb=   31.701878 | Ea=   29.375198 | Ed=   32.492550 | ELJ=   22.116785 | Eelec= -442.540314
2026-03-09 19:45:24,649 INFO     [file_io.py:759] <store_data> 
         step         time         temp        tot E        kin E        pot E         LJ E       Elec E       bond E        ang E        dih E           Px           Py           Pz
         1000          0.5       230.63       -240.7       60.403       -301.1       24.277      -446.67       37.409        41.42       42.461   5.9605e-07  -2.3562e-07  -1.9372e-06
2026-03-09 19:45:24,649 INFO     [mdrun.py:1002] <main> Step     1000/10000    | Elapsed 0-00:16:06 |    0.045 ns/day |  536.171 h/ns |    1.036 step/s
2026-03-09 19:45:24,649 INFO     [mdrun.py:1003] <main> Thermo | T=  230.6292 K | P=    0.0000 bar | Ekin=   60.403072 | Eb=   37.408916 | Ea=   41.420242 | Ed=   42.461258 | ELJ=   24.276875 | Eelec= -446.666718
2026-03-09 19:45:36,194 INFO     [file_io.py:759] <store_data> 
         step         time         temp        tot E        kin E        pot E         LJ E       Elec E       bond E        ang E        dih E           Px           Py           Pz
         1010        0.505       205.43      -240.66       53.802      -294.46         25.5      -449.74       41.563        39.09        49.12  -1.5497e-06  -7.5996e-07  -2.3246e-06
2026-03-09 19:45:36,194 INFO     [mdrun.py:1002] <main> Step     1010/10000    | Elapsed 0-00:16:17 |    0.045 ns/day |  537.174 h/ns |    1.034 step/s
2026-03-09 19:45:36,194 INFO     [mdrun.py:1003] <main> Thermo | T=  205.4265 K | P=    0.0000 bar | Ekin=   53.802341 | Eb=   41.562691 | Ea=   39.090355 | Ed=   49.120434 | ELJ=   25.499634 | Eelec= -449.735382
2026-03-09 19:45:48,040 INFO     [file_io.py:759] <store_data> 
         step         time         temp        tot E        kin E        pot E         LJ E       Elec E       bond E        ang E        dih E           Px           Py           Pz
         1020         0.51       288.56      -240.69       75.575      -316.27       27.349      -448.69       35.989       24.392       44.694   1.1921e-06  -3.2187e-06            0
2026-03-09 19:45:48,041 INFO     [mdrun.py:1002] <main> Step     1020/10000    | Elapsed 0-00:16:29 |    0.045 ns/day |  538.371 h/ns |    1.032 step/s
2026-03-09 19:45:48,041 INFO     [mdrun.py:1003] <main> Thermo | T=  288.5574 K | P=    0.0000 bar | Ekin=   75.574791 | Eb=   35.989372 | Ea=   24.391579 | Ed=   44.694283 | ELJ=   27.349321 | Eelec= -448.692719
2026-03-09 19:45:59,613 INFO     [file_io.py:759] <store_data> 
         step         time         temp        tot E        kin E        pot E         LJ E       Elec E       bond E        ang E        dih E           Px           Py           Pz
         1030        0.515       318.49      -240.73       83.414      -324.14       30.645      -444.96       30.246       18.215       41.712  -1.4305e-06  -1.4901e-08   1.7881e-07
2026-03-09 19:45:59,614 INFO     [mdrun.py:1002] <main> Step     1030/10000    | Elapsed 0-00:16:40 |    0.044 ns/day |  539.376 h/ns |    1.030 step/s
2026-03-09 19:45:59,614 INFO     [mdrun.py:1003] <main> Thermo | T=  318.4890 K | P=    0.0000 bar | Ekin=   83.414024 | Eb=   30.245934 | Ea=   18.214821 | Ed=   41.711899 | ELJ=   30.645214 | Eelec= -444.960693
2026-03-09 19:46:11,957 INFO     [file_io.py:759] <store_data> 
         step         time         temp        tot E        kin E        pot E         LJ E       Elec E       bond E        ang E        dih E           Px           Py           Pz
         1040         0.52        297.4       -240.7        77.89      -318.59       34.361      -441.49       29.217       18.807       40.519  -1.4305e-06  -3.2783e-07  -9.5367e-07
2026-03-09 19:46:11,958 INFO     [mdrun.py:1002] <main> Step     1040/10000    | Elapsed 0-00:16:53 |    0.044 ns/day |  540.777 h/ns |    1.027 step/s
2026-03-09 19:46:11,958 INFO     [mdrun.py:1003] <main> Thermo | T=  297.3981 K | P=    0.0000 bar | Ekin=   77.890213 | Eb=   29.216518 | Ea=   18.806850 | Ed=   40.518875 | ELJ=   34.360802 | Eelec= -441.491028
2026-03-09 19:46:25,149 INFO     [file_io.py:759] <store_data> 
         step         time         temp        tot E        kin E        pot E         LJ E       Elec E       bond E        ang E        dih E           Px           Py           Pz
         1050        0.525       278.98      -240.67       73.066      -313.74       37.495      -440.75       28.092         24.8       36.629   1.7881e-07   3.8147e-06   2.5034e-06
2026-03-09 19:46:25,150 INFO     [mdrun.py:1002] <main> Step     1050/10000    | Elapsed 0-00:17:06 |    0.044 ns/day |  542.541 h/ns |    1.024 step/s
2026-03-09 19:46:25,150 INFO     [mdrun.py:1003] <main> Thermo | T=  278.9784 K | P=    0.0000 bar | Ekin=   73.065987 | Eb=   28.091537 | Ea=   24.800041 | Ed=   36.628559 | ELJ=   37.495037 | Eelec= -440.752686
2026-03-09 19:46:38,638 INFO     [file_io.py:759] <store_data> 
         step         time         temp        tot E        kin E        pot E         LJ E       Elec E       bond E        ang E        dih E           Px           Py           Pz
         1060         0.53       290.65       -240.7       76.124      -316.82       38.016      -446.79       29.252       29.955       32.749   4.7684e-07  -1.1921e-07   2.2352e-08
2026-03-09 19:46:38,639 INFO     [mdrun.py:1002] <main> Step     1060/10000    | Elapsed 0-00:17:19 |    0.044 ns/day |  544.372 h/ns |    1.021 step/s
2026-03-09 19:46:38,639 INFO     [mdrun.py:1003] <main> Thermo | T=  290.6550 K | P=    0.0000 bar | Ekin=   76.124153 | Eb=   29.252188 | Ea=   29.954855 | Ed=   32.748779 | ELJ=   38.015617 | Eelec= -446.791962
2026-03-09 19:46:52,085 INFO     [file_io.py:759] <store_data> 
         step         time         temp        tot E        kin E        pot E         LJ E       Elec E       bond E        ang E        dih E           Px           Py           Pz
         1070        0.535        346.5      -240.72       90.749      -331.47       38.262      -452.72       20.664       28.231       34.091   1.1921e-06   -1.967e-06   8.3447e-07
2026-03-09 19:46:52,085 INFO     [mdrun.py:1002] <main> Step     1070/10000    | Elapsed 0-00:17:33 |    0.044 ns/day |  546.331 h/ns |    1.017 step/s
2026-03-09 19:46:52,085 INFO     [mdrun.py:1003] <main> Thermo | T=  346.4963 K | P=    0.0000 bar | Ekin=   90.749321 | Eb=   20.663731 | Ea=   28.231232 | Ed=   34.091324 | ELJ=   38.261597 | Eelec= -452.715820
2026-03-09 19:47:06,266 INFO     [file_io.py:759] <store_data> 
         step         time         temp        tot E        kin E        pot E         LJ E       Elec E       bond E        ang E        dih E           Px           Py           Pz
         1080         0.54       321.28       -240.7       84.144      -324.84       40.702      -455.36       24.644       26.576       38.592  -1.6689e-06   4.7311e-07   4.7684e-07
2026-03-09 19:47:06,267 INFO     [mdrun.py:1002] <main> Step     1080/10000    | Elapsed 0-00:17:47 |    0.044 ns/day |  548.577 h/ns |    1.013 step/s
2026-03-09 19:47:06,267 INFO     [mdrun.py:1003] <main> Thermo | T=  321.2770 K | P=    0.0000 bar | Ekin=   84.144226 | Eb=   24.644361 | Ea=   26.575962 | Ed=   38.591606 | ELJ=   40.701744 | Eelec= -455.355225
2026-03-09 19:47:22,261 INFO     [file_io.py:759] <store_data> 
         step         time         temp        tot E        kin E        pot E         LJ E       Elec E       bond E        ang E        dih E           Px           Py           Pz
         1090        0.545       236.38      -240.69        61.91       -302.6       40.497      -452.05       37.687       27.931       43.334  -9.5367e-07  -3.5763e-07  -1.0729e-06
2026-03-09 19:47:22,262 INFO     [mdrun.py:1002] <main> Step     1090/10000    | Elapsed 0-00:18:03 |    0.044 ns/day |  551.687 h/ns |    1.007 step/s
2026-03-09 19:47:22,263 INFO     [mdrun.py:1003] <main> Thermo | T=  236.3815 K | P=    0.0000 bar | Ekin=   61.909637 | Eb=   37.686852 | Ea=   27.931023 | Ed=   43.334461 | ELJ=   40.497482 | Eelec= -452.045837
2026-03-09 19:47:37,349 INFO     [file_io.py:759] <store_data> 
         step         time         temp        tot E        kin E        pot E         LJ E       Elec E       bond E        ang E        dih E           Px           Py           Pz
         1100         0.55       267.14       -240.7       69.965      -310.66       36.198      -447.51       34.393       25.626       40.633  -2.3842e-07   1.7881e-07   -6.631e-07
2026-03-09 19:47:37,350 INFO     [mdrun.py:1002] <main> Step     1100/10000    | Elapsed 0-00:18:18 |    0.043 ns/day |  554.176 h/ns |    1.002 step/s
2026-03-09 19:47:37,350 INFO     [mdrun.py:1003] <main> Thermo | T=  267.1382 K | P=    0.0000 bar | Ekin=   69.964989 | Eb=   34.393467 | Ea=   25.625599 | Ed=   40.632538 | ELJ=   36.197777 | Eelec= -447.511475
2026-03-09 19:47:52,703 INFO     [file_io.py:759] <store_data> 
         step         time         temp        tot E        kin E        pot E         LJ E       Elec E       bond E        ang E        dih E           Px           Py           Pz
         1110        0.555       322.42      -240.68       84.444      -325.12       29.589       -445.9       27.498       29.575       34.114   2.1458e-06   2.9802e-08  -6.5565e-07
2026-03-09 19:47:52,704 INFO     [mdrun.py:1002] <main> Step     1110/10000    | Elapsed 0-00:18:33 |    0.043 ns/day |  556.918 h/ns |    0.998 step/s
2026-03-09 19:47:52,704 INFO     [mdrun.py:1003] <main> Thermo | T=  322.4220 K | P=    0.0000 bar | Ekin=   84.444107 | Eb=   27.497982 | Ea=   29.575001 | Ed=   34.113560 | ELJ=   29.588951 | Eelec= -445.900116
2026-03-09 19:48:07,250 INFO     [file_io.py:759] <store_data> 
         step         time         temp        tot E        kin E        pot E         LJ E       Elec E       bond E        ang E        dih E           Px           Py           Pz
         1120         0.56       324.59      -240.71       85.013      -325.72       25.085      -441.76       23.183       36.354       31.417   7.1526e-07   4.7684e-07   4.7684e-07
2026-03-09 19:48:07,250 INFO     [mdrun.py:1002] <main> Step     1120/10000    | Elapsed 0-00:18:48 |    0.043 ns/day |  559.169 h/ns |    0.994 step/s
2026-03-09 19:48:07,251 INFO     [mdrun.py:1003] <main> Thermo | T=  324.5943 K | P=    0.0000 bar | Ekin=   85.013046 | Eb=   23.182787 | Ea=   36.354279 | Ed=   31.416925 | ELJ=   25.085007 | Eelec= -441.757568
2026-03-09 19:48:22,541 INFO     [file_io.py:759] <store_data> 
         step         time         temp        tot E        kin E        pot E         LJ E       Elec E       bond E        ang E        dih E           Px           Py           Pz
         1130        0.565       343.05      -240.71       89.846      -330.56       23.211      -437.25       21.945       31.379       30.158   1.6689e-06  -8.9407e-07   2.1458e-06
2026-03-09 19:48:22,542 INFO     [mdrun.py:1002] <main> Step     1130/10000    | Elapsed 0-00:19:03 |    0.043 ns/day |  561.684 h/ns |    0.989 step/s
2026-03-09 19:48:22,542 INFO     [mdrun.py:1003] <main> Thermo | T=  343.0485 K | P=    0.0000 bar | Ekin=   89.846298 | Eb=   21.945358 | Ea=   31.379230 | Ed=   30.158100 | ELJ=   23.211311 | Eelec= -437.252533
2026-03-09 19:48:37,848 INFO     [file_io.py:759] <store_data> 
         step         time         temp        tot E        kin E        pot E         LJ E       Elec E       bond E        ang E        dih E           Px           Py           Pz
         1140         0.57       345.25      -240.69       90.423      -331.11       22.134      -431.25        21.87       26.885       29.244  -3.5763e-07   1.6391e-06   1.4305e-06
2026-03-09 19:48:37,849 INFO     [mdrun.py:1002] <main> Step     1140/10000    | Elapsed 0-00:19:18 |    0.043 ns/day |  564.253 h/ns |    0.985 step/s
2026-03-09 19:48:37,849 INFO     [mdrun.py:1003] <main> Thermo | T=  345.2509 K | P=    0.0000 bar | Ekin=   90.423141 | Eb=   21.869709 | Ea=   26.884651 | Ed=   29.243999 | ELJ=   22.134312 | Eelec= -431.245270
2026-03-09 19:48:53,667 INFO     [file_io.py:759] <store_data> 
         step         time         temp        tot E        kin E        pot E         LJ E       Elec E       bond E        ang E        dih E           Px           Py           Pz
         1150        0.575       285.74      -240.69       74.837      -315.53       21.146      -427.23        25.06       30.806       34.691  -1.0729e-06  -1.6689e-06   1.1921e-07
2026-03-09 19:48:53,668 INFO     [mdrun.py:1002] <main> Step     1150/10000    | Elapsed 0-00:19:34 |    0.042 ns/day |  566.789 h/ns |    0.980 step/s
2026-03-09 19:48:53,668 INFO     [mdrun.py:1003] <main> Thermo | T=  285.7393 K | P=    0.0000 bar | Ekin=   74.836716 | Eb=   25.060331 | Ea=   30.806084 | Ed=   34.691044 | ELJ=   21.145533 | Eelec= -427.231964
2026-03-09 19:49:11,736 INFO     [file_io.py:759] <store_data> 
         step         time         temp        tot E        kin E        pot E         LJ E       Elec E       bond E        ang E        dih E           Px           Py           Pz
         1160         0.58       270.56      -240.69       70.862      -311.56       18.441      -432.25       35.555       22.921       43.778   7.1526e-07   1.6689e-06   4.4703e-07
2026-03-09 19:49:11,736 INFO     [mdrun.py:1002] <main> Step     1160/10000    | Elapsed 0-00:19:52 |    0.042 ns/day |  570.778 h/ns |    0.973 step/s
2026-03-09 19:49:11,737 INFO     [mdrun.py:1003] <main> Thermo | T=  270.5642 K | P=    0.0000 bar | Ekin=   70.862259 | Eb=   35.554756 | Ea=   22.921223 | Ed=   43.777752 | ELJ=   18.440601 | Eelec= -432.249786
2026-03-09 19:49:26,793 INFO     [file_io.py:759] <store_data> 
         step         time         temp        tot E        kin E        pot E         LJ E       Elec E       bond E        ang E        dih E           Px           Py           Pz
         1170        0.585       321.06       -240.7       84.088      -324.78       16.774      -439.11       30.417       27.183        39.95  -9.5367e-07  -9.5367e-07   1.1921e-07
2026-03-09 19:49:26,793 INFO     [mdrun.py:1002] <main> Step     1170/10000    | Elapsed 0-00:20:07 |    0.042 ns/day |  573.041 h/ns |    0.969 step/s
2026-03-09 19:49:26,793 INFO     [mdrun.py:1003] <main> Thermo | T=  321.0612 K | P=    0.0000 bar | Ekin=   84.087708 | Eb=   30.416599 | Ea=   27.183273 | Ed=   39.950150 | ELJ=   16.773598 | Eelec= -439.107910
2026-03-09 19:49:41,832 INFO     [file_io.py:759] <store_data> 
         step         time         temp        tot E        kin E        pot E         LJ E       Elec E       bond E        ang E        dih E           Px           Py           Pz
         1180         0.59       326.73      -240.73       85.573       -326.3       17.142      -443.24       18.418       51.081       30.299   9.5367e-07  -5.3644e-07  -7.1526e-07
2026-03-09 19:49:41,833 INFO     [mdrun.py:1002] <main> Step     1180/10000    | Elapsed 0-00:20:22 |    0.042 ns/day |  575.207 h/ns |    0.966 step/s
2026-03-09 19:49:41,833 INFO     [mdrun.py:1003] <main> Thermo | T=  326.7327 K | P=    0.0000 bar | Ekin=   85.573105 | Eb=   18.417704 | Ea=   51.080647 | Ed=   30.298653 | ELJ=   17.141756 | Eelec= -443.238190
2026-03-09 19:49:57,579 INFO     [file_io.py:759] <store_data> 
         step         time         temp        tot E        kin E        pot E         LJ E       Elec E       bond E        ang E        dih E           Px           Py           Pz
         1190        0.595       272.54       -240.7       71.379      -312.08       18.839      -442.53       23.847       54.463       33.301   6.4075e-07   1.0729e-06   4.7684e-07
2026-03-09 19:49:57,580 INFO     [mdrun.py:1002] <main> Step     1190/10000    | Elapsed 0-00:20:38 |    0.042 ns/day |  577.741 h/ns |    0.962 step/s
2026-03-09 19:49:57,580 INFO     [mdrun.py:1003] <main> Thermo | T=  272.5388 K | P=    0.0000 bar | Ekin=   71.379417 | Eb=   23.847116 | Ea=   54.463387 | Ed=   33.301289 | ELJ=   18.839340 | Eelec= -442.528473
2026-03-09 19:50:12,295 INFO     [file_io.py:759] <store_data> 
         step         time         temp        tot E        kin E        pot E         LJ E       Elec E       bond E        ang E        dih E           Px           Py           Pz
         1200          0.6       252.22      -240.68       66.057      -306.73       19.886      -434.52       30.259       37.779       39.861   7.1526e-07            0   1.1921e-07
2026-03-09 19:50:12,295 INFO     [mdrun.py:1002] <main> Step     1200/10000    | Elapsed 0-00:20:53 |    0.041 ns/day |  579.801 h/ns |    0.958 step/s
2026-03-09 19:50:12,295 INFO     [mdrun.py:1003] <main> Thermo | T=  252.2173 K | P=    0.0000 bar | Ekin=   66.057121 | Eb=   30.259001 | Ea=   37.779449 | Ed=   39.861004 | ELJ=   19.885588 | Eelec= -434.519440
2026-03-09 19:50:26,868 INFO     [file_io.py:759] <store_data> 
         step         time         temp        tot E        kin E        pot E         LJ E       Elec E       bond E        ang E        dih E           Px           Py           Pz
         1210        0.605       280.85       -240.7       73.557      -314.25        19.81      -427.82       26.785       29.236       37.738   7.1526e-07  -1.3113e-06  -1.7285e-06
2026-03-09 19:50:26,868 INFO     [mdrun.py:1002] <main> Step     1210/10000    | Elapsed 0-00:21:07 |    0.041 ns/day |  581.701 h/ns |    0.955 step/s
2026-03-09 19:50:26,869 INFO     [mdrun.py:1003] <main> Thermo | T=  280.8518 K | P=    0.0000 bar | Ekin=   73.556664 | Eb=   26.784948 | Ea=   29.235706 | Ed=   37.738289 | ELJ=   19.810303 | Eelec= -427.823883
2026-03-09 19:50:41,180 INFO     [file_io.py:759] <store_data> 
         step         time         temp        tot E        kin E        pot E         LJ E       Elec E       bond E        ang E        dih E           Px           Py           Pz
         1220         0.61       306.64      -240.71       80.311      -321.03       19.452      -424.95        23.78       21.346       39.345  -5.3644e-07  -1.4156e-06   2.3842e-07
2026-03-09 19:50:41,180 INFO     [mdrun.py:1002] <main> Step     1220/10000    | Elapsed 0-00:21:22 |    0.041 ns/day |  583.432 h/ns |    0.952 step/s
2026-03-09 19:50:41,180 INFO     [mdrun.py:1003] <main> Thermo | T=  306.6401 K | P=    0.0000 bar | Ekin=   80.310753 | Eb=   23.779716 | Ea=   21.345669 | Ed=   39.344742 | ELJ=   19.451813 | Eelec= -424.947388
2026-03-09 19:50:56,070 INFO     [file_io.py:759] <store_data> 
         step         time         temp        tot E        kin E        pot E         LJ E       Elec E       bond E        ang E        dih E           Px           Py           Pz
         1230        0.615       275.34       -240.7       72.113      -312.81       19.068      -427.07       27.498       22.926       44.767   1.7881e-07   2.3842e-07  -1.2517e-06
2026-03-09 19:50:56,070 INFO     [mdrun.py:1002] <main> Step     1230/10000    | Elapsed 0-00:21:37 |    0.041 ns/day |  585.406 h/ns |    0.949 step/s
2026-03-09 19:50:56,070 INFO     [mdrun.py:1003] <main> Thermo | T=  275.3397 K | P=    0.0000 bar | Ekin=   72.112991 | Eb=   27.498466 | Ea=   22.925785 | Ed=   44.767372 | ELJ=   19.067997 | Eelec= -427.069855
2026-03-09 19:51:10,997 INFO     [file_io.py:759] <store_data> 
         step         time         temp        tot E        kin E        pot E         LJ E       Elec E       bond E        ang E        dih E           Px           Py           Pz
         1240         0.62       250.97      -240.67       65.731       -306.4        18.77      -431.96       26.652       40.977       39.161   1.5497e-06   1.4305e-06  -1.6689e-06
2026-03-09 19:51:10,997 INFO     [mdrun.py:1002] <main> Step     1240/10000    | Elapsed 0-00:21:51 |    0.041 ns/day |  587.339 h/ns |    0.946 step/s
2026-03-09 19:51:10,997 INFO     [mdrun.py:1003] <main> Thermo | T=  250.9706 K | P=    0.0000 bar | Ekin=   65.730606 | Eb=   26.652349 | Ea=   40.976593 | Ed=   39.161163 | ELJ=   18.770472 | Eelec= -431.958923
2026-03-09 19:51:26,411 INFO     [file_io.py:759] <store_data> 
         step         time         temp        tot E        kin E        pot E         LJ E       Elec E       bond E        ang E        dih E           Px           Py           Pz
         1250        0.625       323.66       -240.7       84.768      -325.47       18.069      -434.21       22.774       40.629       27.274   5.0217e-06   4.7684e-07   2.3842e-07
2026-03-09 19:51:26,411 INFO     [mdrun.py:1002] <main> Step     1250/10000    | Elapsed 0-00:22:07 |    0.041 ns/day |  589.491 h/ns |    0.942 step/s
2026-03-09 19:51:26,411 INFO     [mdrun.py:1003] <main> Thermo | T=  323.6603 K | P=    0.0000 bar | Ekin=   84.768433 | Eb=   22.774195 | Ea=   40.628578 | Ed=   27.274168 | ELJ=   18.068745 | Eelec= -434.213837
2026-03-09 19:51:43,569 INFO     [file_io.py:759] <store_data> 
         step         time         temp        tot E        kin E        pot E         LJ E       Elec E       bond E        ang E        dih E           Px           Py           Pz
         1260         0.63       366.12      -240.71        95.89       -336.6       19.301      -436.58       27.153       28.144       25.385    2.861e-06   1.9073e-06  -9.5367e-07
2026-03-09 19:51:43,570 INFO     [mdrun.py:1002] <main> Step     1260/10000    | Elapsed 0-00:22:24 |    0.041 ns/day |  592.328 h/ns |    0.938 step/s
2026-03-09 19:51:43,570 INFO     [mdrun.py:1003] <main> Thermo | T=  366.1243 K | P=    0.0000 bar | Ekin=   95.889999 | Eb=   27.153461 | Ea=   28.144173 | Ed=   25.385262 | ELJ=   19.301151 | Eelec= -436.580231
2026-03-09 19:51:59,650 INFO     [file_io.py:759] <store_data> 
         step         time         temp        tot E        kin E        pot E         LJ E       Elec E       bond E        ang E        dih E           Px           Py           Pz
         1270        0.635       341.17      -240.69       89.355      -330.05       22.045      -436.99       27.108       26.479       31.309  -1.3709e-06  -4.7684e-07   1.6391e-06
2026-03-09 19:51:59,650 INFO     [mdrun.py:1002] <main> Step     1270/10000    | Elapsed 0-00:22:40 |    0.040 ns/day |  594.634 h/ns |    0.934 step/s
2026-03-09 19:51:59,650 INFO     [mdrun.py:1003] <main> Thermo | T=  341.1713 K | P=    0.0000 bar | Ekin=   89.354652 | Eb=   27.108011 | Ea=   26.479443 | Ed=   31.309423 | ELJ=   22.045002 | Eelec= -436.987457
2026-03-09 19:52:18,065 INFO     [file_io.py:759] <store_data> 
         step         time         temp        tot E        kin E        pot E         LJ E       Elec E       bond E        ang E        dih E           Px           Py           Pz
         1280         0.64       322.52      -240.71       84.469      -325.18       21.482      -440.16       31.199       25.249       37.049   3.0994e-06  -1.1325e-06  -1.4305e-06
2026-03-09 19:52:18,066 INFO     [mdrun.py:1002] <main> Step     1280/10000    | Elapsed 0-00:22:58 |    0.040 ns/day |  598.048 h/ns |    0.929 step/s
2026-03-09 19:52:18,066 INFO     [mdrun.py:1003] <main> Thermo | T=  322.5186 K | P=    0.0000 bar | Ekin=   84.469414 | Eb=   31.198956 | Ea=   25.249475 | Ed=   37.049427 | ELJ=   21.482031 | Eelec= -440.161163
2026-03-09 19:52:33,621 INFO     [file_io.py:759] <store_data> 
         step         time         temp        tot E        kin E        pot E         LJ E       Elec E       bond E        ang E        dih E           Px           Py           Pz
         1290        0.645       277.19      -240.68       72.598      -313.28       22.701      -444.93       40.788       27.331       40.827   1.2517e-06   3.2187e-06   1.4603e-06
2026-03-09 19:52:33,621 INFO     [mdrun.py:1002] <main> Step     1290/10000    | Elapsed 0-00:23:14 |    0.040 ns/day |  600.128 h/ns |    0.926 step/s
2026-03-09 19:52:33,621 INFO     [mdrun.py:1003] <main> Thermo | T=  277.1915 K | P=    0.0000 bar | Ekin=   72.597992 | Eb=   40.787514 | Ea=   27.331150 | Ed=   40.827232 | ELJ=   22.701284 | Eelec= -444.928101
2026-03-09 19:52:49,149 INFO     [file_io.py:759] <store_data> 
         step         time         temp        tot E        kin E        pot E         LJ E       Elec E       bond E        ang E        dih E           Px           Py           Pz
         1300         0.65        271.1      -240.68       71.002      -311.68       26.868      -449.42       34.813       32.913       43.148    2.265e-06   4.1723e-07   3.1292e-07
2026-03-09 19:52:49,149 INFO     [mdrun.py:1002] <main> Step     1300/10000    | Elapsed 0-00:23:30 |    0.040 ns/day |  602.174 h/ns |    0.923 step/s
2026-03-09 19:52:49,150 INFO     [mdrun.py:1003] <main> Thermo | T=  271.0973 K | P=    0.0000 bar | Ekin=   71.001892 | Eb=   34.812847 | Ea=   32.912514 | Ed=   43.147621 | ELJ=   26.867828 | Eelec= -449.422028
2026-03-09 19:53:04,657 INFO     [file_io.py:759] <store_data> 
         step         time         temp        tot E        kin E        pot E         LJ E       Elec E       bond E        ang E        dih E           Px           Py           Pz
         1310        0.655       297.46       -240.7       77.908      -318.61       32.556      -458.15       31.795       30.628       44.564  -1.3411e-06  -5.9605e-07   7.7134e-07
2026-03-09 19:53:04,658 INFO     [mdrun.py:1002] <main> Step     1310/10000    | Elapsed 0-00:23:45 |    0.040 ns/day |  604.102 h/ns |    0.920 step/s
2026-03-09 19:53:04,658 INFO     [mdrun.py:1003] <main> Thermo | T=  297.4643 K | P=    0.0000 bar | Ekin=   77.907547 | Eb=   31.795387 | Ea=   30.627789 | Ed=   44.563587 | ELJ=   32.556114 | Eelec= -458.151031
2026-03-09 19:53:20,390 INFO     [file_io.py:759] <store_data> 
         step         time         temp        tot E        kin E        pot E         LJ E       Elec E       bond E        ang E        dih E           Px           Py           Pz
         1320         0.66       296.46      -240.71       77.645      -318.35       38.602       -459.4       24.553       34.029        43.86  -9.5367e-07   1.4082e-06   1.1921e-06
2026-03-09 19:53:20,390 INFO     [mdrun.py:1002] <main> Step     1320/10000    | Elapsed 0-00:24:01 |    0.040 ns/day |  606.159 h/ns |    0.917 step/s
2026-03-09 19:53:20,390 INFO     [mdrun.py:1003] <main> Thermo | T=  296.4621 K | P=    0.0000 bar | Ekin=   77.645065 | Eb=   24.552515 | Ea=   34.028881 | Ed=   43.860275 | ELJ=   38.602013 | Eelec= -459.396820
2026-03-09 19:53:36,054 INFO     [file_io.py:759] <store_data> 
         step         time         temp        tot E        kin E        pot E         LJ E       Elec E       bond E        ang E        dih E           Px           Py           Pz
         1330        0.665       277.07      -240.69       72.567      -313.25       44.958      -457.84       21.921       37.929       39.773   1.1921e-06            0  -6.7055e-07
2026-03-09 19:53:36,054 INFO     [mdrun.py:1002] <main> Step     1330/10000    | Elapsed 0-00:24:17 |    0.039 ns/day |  608.151 h/ns |    0.914 step/s
2026-03-09 19:53:36,055 INFO     [mdrun.py:1003] <main> Thermo | T=  277.0736 K | P=    0.0000 bar | Ekin=   72.567108 | Eb=   21.920769 | Ea=   37.929279 | Ed=   39.773071 | ELJ=   44.957657 | Eelec= -457.835632
2026-03-09 19:53:52,923 INFO     [file_io.py:759] <store_data> 
         step         time         temp        tot E        kin E        pot E         LJ E       Elec E       bond E        ang E        dih E           Px           Py           Pz
         1340         0.67       288.56      -240.71       75.575      -316.28        48.96      -456.66       23.042       30.135       38.239   1.4305e-06  -2.3842e-07  -1.0133e-06
2026-03-09 19:53:52,923 INFO     [mdrun.py:1002] <main> Step     1340/10000    | Elapsed 0-00:24:34 |    0.039 ns/day |  610.666 h/ns |    0.910 step/s
2026-03-09 19:53:52,923 INFO     [mdrun.py:1003] <main> Thermo | T=  288.5576 K | P=    0.0000 bar | Ekin=   75.574844 | Eb=   23.042143 | Ea=   30.135172 | Ed=   38.238934 | ELJ=   48.960205 | Eelec= -456.657623
2026-03-09 19:54:09,162 INFO     [file_io.py:759] <store_data> 
         step         time         temp        tot E        kin E        pot E         LJ E       Elec E       bond E        ang E        dih E           Px           Py           Pz
         1350        0.675       249.43      -240.67       65.326         -306       46.183      -446.88       23.628       29.252       41.821  -2.3842e-07  -7.1526e-07  -3.7253e-07
2026-03-09 19:54:09,162 INFO     [mdrun.py:1002] <main> Step     1350/10000    | Elapsed 0-00:24:50 |    0.039 ns/day |  612.774 h/ns |    0.907 step/s
2026-03-09 19:54:09,162 INFO     [mdrun.py:1003] <main> Thermo | T=  249.4267 K | P=    0.0000 bar | Ekin=   65.326241 | Eb=   23.628405 | Ea=   29.251648 | Ed=   41.821075 | ELJ=   46.182884 | Eelec= -446.883179
2026-03-09 19:54:25,372 INFO     [file_io.py:759] <store_data> 
         step         time         temp        tot E        kin E        pot E         LJ E       Elec E       bond E        ang E        dih E           Px           Py           Pz
         1360         0.68       262.82      -240.69       68.835      -309.52       40.227      -443.53       21.996       32.595       39.191   -1.207e-06  -8.1956e-07  -1.0729e-06
2026-03-09 19:54:25,372 INFO     [mdrun.py:1002] <main> Step     1360/10000    | Elapsed 0-00:25:06 |    0.039 ns/day |  614.834 h/ns |    0.904 step/s
2026-03-09 19:54:25,373 INFO     [mdrun.py:1003] <main> Thermo | T=  262.8245 K | P=    0.0000 bar | Ekin=   68.835190 | Eb=   21.996077 | Ea=   32.595230 | Ed=   39.190765 | ELJ=   40.226635 | Eelec= -443.528931
2026-03-09 19:54:42,944 INFO     [file_io.py:759] <store_data> 
         step         time         temp        tot E        kin E        pot E         LJ E       Elec E       bond E        ang E        dih E           Px           Py           Pz
         1370        0.685       314.18      -240.72       82.286      -323.01       34.117      -445.41       21.132       35.638       31.514   4.7684e-07   2.9802e-08   4.7684e-07
2026-03-09 19:54:42,944 INFO     [mdrun.py:1002] <main> Step     1370/10000    | Elapsed 0-00:25:23 |    0.039 ns/day |  617.425 h/ns |    0.900 step/s
2026-03-09 19:54:42,944 INFO     [mdrun.py:1003] <main> Thermo | T=  314.1805 K | P=    0.0000 bar | Ekin=   82.285629 | Eb=   21.131979 | Ea=   35.638321 | Ed=   31.514185 | ELJ=   34.116554 | Eelec= -445.406342
2026-03-09 19:54:58,925 INFO     [file_io.py:759] <store_data> 
         step         time         temp        tot E        kin E        pot E         LJ E       Elec E       bond E        ang E        dih E           Px           Py           Pz
         1380         0.69       284.59      -240.69       74.535      -315.22       29.182      -448.92       30.894       39.531       34.092  -1.0729e-06  -2.9802e-06   2.1756e-06
2026-03-09 19:54:58,926 INFO     [mdrun.py:1002] <main> Step     1380/10000    | Elapsed 0-00:25:39 |    0.039 ns/day |  619.517 h/ns |    0.897 step/s
2026-03-09 19:54:58,926 INFO     [mdrun.py:1003] <main> Thermo | T=  284.5878 K | P=    0.0000 bar | Ekin=   74.535133 | Eb=   30.894375 | Ea=   39.531124 | Ed=   34.091770 | ELJ=   29.182236 | Eelec= -448.923035
2026-03-09 19:55:13,657 INFO     [file_io.py:759] <store_data> 
         step         time         temp        tot E        kin E        pot E         LJ E       Elec E       bond E        ang E        dih E           Px           Py           Pz
         1390        0.695       251.46      -240.68       65.859      -306.54         24.4      -452.02       44.614       36.986       39.477  -4.7684e-07  -2.2948e-06  -1.1921e-06
2026-03-09 19:55:13,657 INFO     [mdrun.py:1002] <main> Step     1390/10000    | Elapsed 0-00:25:54 |    0.039 ns/day |  620.937 h/ns |    0.895 step/s
2026-03-09 19:55:13,657 INFO     [mdrun.py:1003] <main> Thermo | T=  251.4600 K | P=    0.0000 bar | Ekin=   65.858765 | Eb=   44.613827 | Ea=   36.986443 | Ed=   39.476761 | ELJ=   24.399672 | Eelec= -452.015320
2026-03-09 19:55:27,965 INFO     [file_io.py:759] <store_data> 
         step         time         temp        tot E        kin E        pot E         LJ E       Elec E       bond E        ang E        dih E           Px           Py           Pz
         1400          0.7       285.12       -240.7       74.674      -315.37       21.089      -450.29       44.111       32.058       37.657   1.6689e-06   1.0729e-06  -3.4571e-06
2026-03-09 19:55:27,965 INFO     [mdrun.py:1002] <main> Step     1400/10000    | Elapsed 0-00:26:09 |    0.039 ns/day |  622.215 h/ns |    0.893 step/s
2026-03-09 19:55:27,966 INFO     [mdrun.py:1003] <main> Thermo | T=  285.1176 K | P=    0.0000 bar | Ekin=   74.673882 | Eb=   44.110561 | Ea=   32.058441 | Ed=   37.656769 | ELJ=   21.088739 | Eelec= -450.287476
2026-03-09 19:55:43,713 INFO     [file_io.py:759] <store_data> 
         step         time         temp        tot E        kin E        pot E         LJ E       Elec E       bond E        ang E        dih E           Px           Py           Pz
         1410        0.705       301.33      -240.68       78.919       -319.6       20.151      -444.91       32.655       31.828       40.672  -9.5367e-07  -1.0133e-06  -1.4454e-06
2026-03-09 19:55:43,714 INFO     [mdrun.py:1002] <main> Step     1410/10000    | Elapsed 0-00:26:24 |    0.038 ns/day |  623.944 h/ns |    0.890 step/s
2026-03-09 19:55:43,714 INFO     [mdrun.py:1003] <main> Thermo | T=  301.3262 K | P=    0.0000 bar | Ekin=   78.919022 | Eb=   32.655151 | Ea=   31.827608 | Ed=   40.672043 | ELJ=   20.150740 | Eelec= -444.905151
2026-03-09 19:55:59,311 INFO     [file_io.py:759] <store_data> 
         step         time         temp        tot E        kin E        pot E         LJ E       Elec E       bond E        ang E        dih E           Px           Py           Pz
         1420         0.71       303.39       -240.7       79.459      -320.16        20.75      -436.08       16.622       30.093       48.451   5.9605e-07   2.3842e-07  -2.9802e-06
2026-03-09 19:55:59,312 INFO     [mdrun.py:1002] <main> Step     1420/10000    | Elapsed 0-00:26:40 |    0.038 ns/day |  625.712 h/ns |    0.888 step/s
2026-03-09 19:55:59,312 INFO     [mdrun.py:1003] <main> Thermo | T=  303.3862 K | P=    0.0000 bar | Ekin=   79.458542 | Eb=   16.622036 | Ea=   30.092602 | Ed=   48.451466 | ELJ=   20.749855 | Eelec= -436.077209
2026-03-09 19:56:13,737 INFO     [file_io.py:759] <store_data> 
         step         time         temp        tot E        kin E        pot E         LJ E       Elec E       bond E        ang E        dih E           Px           Py           Pz
         1430        0.715       310.82      -240.71       81.405      -322.12       22.755      -431.12       18.033       26.761       41.457    2.563e-06   5.3644e-07   4.7684e-07
2026-03-09 19:56:13,737 INFO     [mdrun.py:1002] <main> Step     1430/10000    | Elapsed 0-00:26:54 |    0.038 ns/day |  626.923 h/ns |    0.886 step/s
2026-03-09 19:56:13,737 INFO     [mdrun.py:1003] <main> Thermo | T=  310.8182 K | P=    0.0000 bar | Ekin=   81.405022 | Eb=   18.033287 | Ea=   26.760628 | Ed=   41.457245 | ELJ=   22.755028 | Eelec= -431.123016
2026-03-09 19:56:28,746 INFO     [file_io.py:759] <store_data> 
         step         time         temp        tot E        kin E        pot E         LJ E       Elec E       bond E        ang E        dih E           Px           Py           Pz
         1440         0.72       296.03      -240.66       77.533      -318.19       26.038       -430.7       27.224       31.807       27.442   -2.265e-06  -2.1458e-06   -2.265e-06
2026-03-09 19:56:28,746 INFO     [mdrun.py:1002] <main> Step     1440/10000    | Elapsed 0-00:27:09 |    0.038 ns/day |  628.344 h/ns |    0.884 step/s
2026-03-09 19:56:28,746 INFO     [mdrun.py:1003] <main> Thermo | T=  296.0323 K | P=    0.0000 bar | Ekin=   77.532516 | Eb=   27.223660 | Ea=   31.807446 | Ed=   27.442310 | ELJ=   26.038357 | Eelec= -430.700989
2026-03-09 19:56:44,931 INFO     [file_io.py:759] <store_data> 
         step         time         temp        tot E        kin E        pot E         LJ E       Elec E       bond E        ang E        dih E           Px           Py           Pz
         1450        0.725       328.02      -240.71       85.911      -326.62       26.088      -432.46       26.754       24.035       28.962  -7.1526e-07   4.7684e-07   6.8545e-07
2026-03-09 19:56:44,931 INFO     [mdrun.py:1002] <main> Step     1450/10000    | Elapsed 0-00:27:24 |    0.038 ns/day |  629.778 h/ns |    0.882 step/s
2026-03-09 19:56:44,931 INFO     [mdrun.py:1003] <main> Thermo | T=  328.0225 K | P=    0.0000 bar | Ekin=   85.910912 | Eb=   26.753996 | Ea=   24.035349 | Ed=   28.961952 | ELJ=   26.087524 | Eelec= -432.458832
2026-03-09 19:56:59,126 INFO     [file_io.py:759] <store_data> 
         step         time         temp        tot E        kin E        pot E         LJ E       Elec E       bond E        ang E        dih E           Px           Py           Pz
         1460         0.73       320.61      -240.72       83.969      -324.69       21.953      -438.18       31.198       22.829       37.514   7.1526e-07  -1.1921e-06   1.9073e-06
2026-03-09 19:56:59,126 INFO     [mdrun.py:1002] <main> Step     1460/10000    | Elapsed 0-00:27:40 |    0.038 ns/day |  631.302 h/ns |    0.880 step/s
2026-03-09 19:56:59,126 INFO     [mdrun.py:1003] <main> Thermo | T=  320.6081 K | P=    0.0000 bar | Ekin=   83.969040 | Eb=   31.198090 | Ea=   22.828896 | Ed=   37.514385 | ELJ=   21.953493 | Eelec= -438.180634
2026-03-09 19:57:13,551 INFO     [file_io.py:759] <store_data> 
         step         time         temp        tot E        kin E        pot E         LJ E       Elec E       bond E        ang E        dih E           Px           Py           Pz
         1470        0.735       287.12      -240.67       75.199      -315.87       18.738      -439.79       29.964       39.792       35.427  -5.9605e-07   2.3842e-07   1.1325e-06
2026-03-09 19:57:13,551 INFO     [mdrun.py:1002] <main> Step     1470/10000    | Elapsed 0-00:27:54 |    0.038 ns/day |  632.447 h/ns |    0.878 step/s
2026-03-09 19:57:13,551 INFO     [mdrun.py:1003] <main> Thermo | T=  287.1209 K | P=    0.0000 bar | Ekin=   75.198570 | Eb=   29.963875 | Ea=   39.791702 | Ed=   35.426884 | ELJ=   18.738136 | Eelec= -439.793152
2026-03-09 19:57:28,833 INFO     [file_io.py:759] <store_data> 
         step         time         temp        tot E        kin E        pot E         LJ E       Elec E       bond E        ang E        dih E           Px           Py           Pz
         1480         0.74       304.52      -240.71       79.757      -320.46       17.492      -442.26       31.737       39.572       32.999   2.6822e-07   8.9407e-08  -8.9407e-07
2026-03-09 19:57:28,833 INFO     [mdrun.py:1002] <main> Step     1480/10000    | Elapsed 0-00:28:09 |    0.038 ns/day |  633.881 h/ns |    0.876 step/s
2026-03-09 19:57:28,833 INFO     [mdrun.py:1003] <main> Thermo | T=  304.5248 K | P=    0.0000 bar | Ekin=   79.756744 | Eb=   31.736511 | Ea=   39.572304 | Ed=   32.998871 | ELJ=   17.492313 | Eelec= -442.264984
2026-03-09 19:57:44,015 INFO     [file_io.py:759] <store_data> 
         step         time         temp        tot E        kin E        pot E         LJ E       Elec E       bond E        ang E        dih E           Px           Py           Pz
         1490        0.745       294.57      -240.71        77.15      -317.86       19.361       -445.3       34.241       34.365       39.473   1.6689e-06   4.7684e-07   1.0431e-06
2026-03-09 19:57:44,015 INFO     [mdrun.py:1002] <main> Step     1490/10000    | Elapsed 0-00:28:25 |    0.038 ns/day |  635.311 h/ns |    0.874 step/s
2026-03-09 19:57:44,015 INFO     [mdrun.py:1003] <main> Thermo | T=  294.5723 K | P=    0.0000 bar | Ekin=   77.150131 | Eb=   34.241070 | Ea=   34.364876 | Ed=   39.472977 | ELJ=   19.361248 | Eelec= -445.304840
2026-03-09 19:57:59,539 INFO     [file_io.py:759] <store_data> 
         step         time         temp        tot E        kin E        pot E         LJ E       Elec E       bond E        ang E        dih E           Px           Py           Pz
         1500         0.75        259.5      -240.65       67.965      -308.61       22.354         -439       30.286       36.542       41.207            0  -7.1526e-07  -1.7881e-07
2026-03-09 19:57:59,539 INFO     [mdrun.py:1002] <main> Step     1500/10000    | Elapsed 0-00:28:40 |    0.038 ns/day |  636.727 h/ns |    0.873 step/s
2026-03-09 19:57:59,539 INFO     [mdrun.py:1003] <main> Thermo | T=  259.5034 K | P=    0.0000 bar | Ekin=   67.965385 | Eb=   30.286478 | Ea=   36.542252 | Ed=   41.206749 | ELJ=   22.354259 | Eelec= -439.000610
2026-03-09 19:58:14,860 INFO     [file_io.py:759] <store_data> 
         step         time         temp        tot E        kin E        pot E         LJ E       Elec E       bond E        ang E        dih E           Px           Py           Pz
         1510        0.755       317.28      -240.69       83.097      -323.79       21.995      -431.91       20.606       31.986       33.532  -7.1526e-07  -1.1921e-07  -4.3213e-07
2026-03-09 19:58:14,860 INFO     [mdrun.py:1002] <main> Step     1510/10000    | Elapsed 0-00:28:55 |    0.038 ns/day |  638.207 h/ns |    0.870 step/s
2026-03-09 19:58:14,860 INFO     [mdrun.py:1003] <main> Thermo | T=  317.2792 K | P=    0.0000 bar | Ekin=   83.097183 | Eb=   20.605869 | Ea=   31.986012 | Ed=   33.531979 | ELJ=   21.994505 | Eelec= -431.909821
2026-03-09 19:58:29,961 INFO     [file_io.py:759] <store_data> 
         step         time         temp        tot E        kin E        pot E         LJ E       Elec E       bond E        ang E        dih E           Px           Py           Pz
         1520         0.76       325.38      -240.73        85.22      -325.95       23.443      -427.16       16.113       30.631       31.024  -6.7055e-07  -7.1526e-07  -1.6689e-06
2026-03-09 19:58:29,961 INFO     [mdrun.py:1002] <main> Step     1520/10000    | Elapsed 0-00:29:10 |    0.038 ns/day |  639.560 h/ns |    0.869 step/s
2026-03-09 19:58:29,961 INFO     [mdrun.py:1003] <main> Thermo | T=  325.3846 K | P=    0.0000 bar | Ekin=   85.220032 | Eb=   16.112545 | Ea=   30.630762 | Ed=   31.024364 | ELJ=   23.443253 | Eelec= -427.163605
2026-03-09 19:58:46,385 INFO     [file_io.py:759] <store_data> 
         step         time         temp        tot E        kin E        pot E         LJ E       Elec E       bond E        ang E        dih E           Px           Py           Pz
         1530        0.765       273.53      -240.66       71.639       -312.3       24.603      -427.59       20.591       36.786       33.304   1.7881e-07  -1.1921e-07  -1.7285e-06
2026-03-09 19:58:46,385 INFO     [mdrun.py:1002] <main> Step     1530/10000    | Elapsed 0-00:29:26 |    0.037 ns/day |  641.110 h/ns |    0.867 step/s
2026-03-09 19:58:46,386 INFO     [mdrun.py:1003] <main> Thermo | T=  273.5306 K | P=    0.0000 bar | Ekin=   71.639175 | Eb=   20.590914 | Ea=   36.785965 | Ed=   33.304024 | ELJ=   24.602745 | Eelec= -427.586884
2026-03-09 19:59:03,956 INFO     [file_io.py:759] <store_data> 
         step         time         temp        tot E        kin E        pot E         LJ E       Elec E       bond E        ang E        dih E           Px           Py           Pz
         1540         0.77       287.52      -240.67       75.303      -315.97       26.039      -438.85       28.885       33.448         34.5   2.6226e-06   2.3842e-07  -4.1723e-07
2026-03-09 19:59:03,956 INFO     [mdrun.py:1002] <main> Step     1540/10000    | Elapsed 0-00:29:44 |    0.037 ns/day |  643.452 h/ns |    0.863 step/s
2026-03-09 19:59:03,957 INFO     [mdrun.py:1003] <main> Thermo | T=  287.5197 K | P=    0.0000 bar | Ekin=   75.303009 | Eb=   28.885494 | Ea=   33.448280 | Ed=   34.499557 | ELJ=   26.038658 | Eelec= -438.846100
2026-03-09 19:59:20,956 INFO     [file_io.py:759] <store_data> 
         step         time         temp        tot E        kin E        pot E         LJ E       Elec E       bond E        ang E        dih E           Px           Py           Pz
         1550        0.775       284.72      -240.71       74.569      -315.28       30.312      -449.78       35.003       33.879        35.31  -7.1526e-07  -6.5565e-07   4.1723e-07
2026-03-09 19:59:20,957 INFO     [mdrun.py:1002] <main> Step     1550/10000    | Elapsed 0-00:30:01 |    0.037 ns/day |  645.419 h/ns |    0.861 step/s
2026-03-09 19:59:20,957 INFO     [mdrun.py:1003] <main> Thermo | T=  284.7172 K | P=    0.0000 bar | Ekin=   74.569023 | Eb=   35.003464 | Ea=   33.879005 | Ed=   35.309772 | ELJ=   30.311705 | Eelec= -449.783478
2026-03-09 19:59:41,371 INFO     [file_io.py:759] <store_data> 
         step         time         temp        tot E        kin E        pot E         LJ E       Elec E       bond E        ang E        dih E           Px           Py           Pz
         1560         0.78       305.61      -240.69        80.04      -320.73       36.511      -456.31       28.939       37.981        32.15   -1.058e-06  -1.1325e-06   5.9605e-07
2026-03-09 19:59:41,371 INFO     [mdrun.py:1002] <main> Step     1560/10000    | Elapsed 0-00:30:22 |    0.037 ns/day |  648.543 h/ns |    0.857 step/s
2026-03-09 19:59:41,372 INFO     [mdrun.py:1003] <main> Thermo | T=  305.6064 K | P=    0.0000 bar | Ekin=   80.040016 | Eb=   28.938805 | Ea=   37.980907 | Ed=   32.150139 | ELJ=   36.511425 | Eelec= -456.307617
2026-03-09 19:59:57,710 INFO     [file_io.py:759] <store_data> 
         step         time         temp        tot E        kin E        pot E         LJ E       Elec E       bond E        ang E        dih E           Px           Py           Pz
         1570        0.785       374.88      -240.71       98.182      -338.89       34.541      -454.71       23.741       28.097       29.436   6.5565e-07   7.1526e-07  -1.1921e-06
2026-03-09 19:59:57,710 INFO     [mdrun.py:1002] <main> Step     1570/10000    | Elapsed 0-00:30:38 |    0.037 ns/day |  650.126 h/ns |    0.855 step/s
2026-03-09 19:59:57,711 INFO     [mdrun.py:1003] <main> Thermo | T=  374.8770 K | P=    0.0000 bar | Ekin=   98.182373 | Eb=   23.740856 | Ea=   28.097116 | Ed=   29.435711 | ELJ=   34.540520 | Eelec= -454.707611
2026-03-09 20:00:14,025 INFO     [file_io.py:759] <store_data> 
         step         time         temp        tot E        kin E        pot E         LJ E       Elec E       bond E        ang E        dih E           Px           Py           Pz
         1580         0.79       287.95      -240.69       75.416      -316.11       39.179      -450.47       29.407       34.326       31.452   8.3447e-07   7.7486e-07  -5.9605e-08
2026-03-09 20:00:14,026 INFO     [mdrun.py:1002] <main> Step     1580/10000    | Elapsed 0-00:30:54 |    0.037 ns/day |  651.810 h/ns |    0.852 step/s
2026-03-09 20:00:14,026 INFO     [mdrun.py:1003] <main> Thermo | T=  287.9527 K | P=    0.0000 bar | Ekin=   75.416405 | Eb=   29.406580 | Ea=   34.326370 | Ed=   31.451748 | ELJ=   39.179062 | Eelec= -450.470062
2026-03-09 20:00:33,172 INFO     [file_io.py:759] <store_data> 
         step         time         temp        tot E        kin E        pot E         LJ E       Elec E       bond E        ang E        dih E           Px           Py           Pz
         1590        0.795       272.69       -240.7       71.419      -312.12       37.449      -446.18       32.573       32.381       31.658   7.1526e-07            0  -1.6391e-06
2026-03-09 20:00:33,172 INFO     [mdrun.py:1002] <main> Step     1590/10000    | Elapsed 0-00:31:13 |    0.037 ns/day |  654.315 h/ns |    0.849 step/s
2026-03-09 20:00:33,172 INFO     [mdrun.py:1003] <main> Thermo | T=  272.6901 K | P=    0.0000 bar | Ekin=   71.419060 | Eb=   32.573238 | Ea=   32.380692 | Ed=   31.657532 | ELJ=   37.448723 | Eelec= -446.179474
2026-03-09 20:00:52,649 INFO     [file_io.py:759] <store_data> 
         step         time         temp        tot E        kin E        pot E         LJ E       Elec E       bond E        ang E        dih E           Px           Py           Pz
         1600          0.8       326.41      -240.71       85.489       -326.2        34.43      -443.36        26.39       21.735       34.604   8.0466e-07  -7.1526e-07  -8.6427e-07
2026-03-09 20:00:52,650 INFO     [mdrun.py:1002] <main> Step     1600/10000    | Elapsed 0-00:31:33 |    0.037 ns/day |  656.902 h/ns |    0.846 step/s
2026-03-09 20:00:52,650 INFO     [mdrun.py:1003] <main> Thermo | T=  326.4110 K | P=    0.0000 bar | Ekin=   85.488861 | Eb=   26.390427 | Ea=   21.734943 | Ed=   34.603855 | ELJ=   34.429798 | Eelec= -443.355988
2026-03-09 20:01:12,045 INFO     [file_io.py:759] <store_data> 
         step         time         temp        tot E        kin E        pot E         LJ E       Elec E       bond E        ang E        dih E           Px           Py           Pz
         1610        0.805       278.91      -240.67       73.048      -313.71       42.584      -445.14       23.593       24.295       40.952  -8.6427e-07   8.9407e-07  -4.7684e-07
2026-03-09 20:01:12,045 INFO     [mdrun.py:1002] <main> Step     1610/10000    | Elapsed 0-00:31:52 |    0.036 ns/day |  659.617 h/ns |    0.842 step/s
2026-03-09 20:01:12,045 INFO     [mdrun.py:1003] <main> Thermo | T=  278.9103 K | P=    0.0000 bar | Ekin=   73.048157 | Eb=   23.592922 | Ea=   24.294996 | Ed=   40.952278 | ELJ=   42.584435 | Eelec= -445.138123
2026-03-09 20:01:31,231 INFO     [file_io.py:759] <store_data> 
         step         time         temp        tot E        kin E        pot E         LJ E       Elec E       bond E        ang E        dih E           Px           Py           Pz
         1620         0.81       331.14      -240.74       86.727      -327.46       34.135      -441.84       23.493       20.127       36.618   1.1921e-07  -1.8775e-06  -4.7684e-07
2026-03-09 20:01:31,231 INFO     [mdrun.py:1002] <main> Step     1620/10000    | Elapsed 0-00:32:11 |    0.036 ns/day |  662.105 h/ns |    0.839 step/s
2026-03-09 20:01:31,231 INFO     [mdrun.py:1003] <main> Thermo | T=  331.1367 K | P=    0.0000 bar | Ekin=   86.726547 | Eb=   23.492985 | Ea=   20.127441 | Ed=   36.617809 | ELJ=   34.135273 | Eelec= -441.837006
2026-03-09 20:01:52,035 INFO     [file_io.py:759] <store_data> 
         step         time         temp        tot E        kin E        pot E         LJ E       Elec E       bond E        ang E        dih E           Px           Py           Pz
         1630        0.815       329.04      -240.72       86.177       -326.9       29.569      -440.09       27.362       30.107       26.156  -3.5763e-07   1.0729e-06   8.1211e-07
2026-03-09 20:01:52,037 INFO     [mdrun.py:1002] <main> Step     1630/10000    | Elapsed 0-00:32:32 |    0.036 ns/day |  665.104 h/ns |    0.835 step/s
2026-03-09 20:01:52,037 INFO     [mdrun.py:1003] <main> Thermo | T=  329.0383 K | P=    0.0000 bar | Ekin=   86.176964 | Eb=   27.362343 | Ea=   30.106758 | Ed=   26.156128 | ELJ=   29.568840 | Eelec= -440.090302
2026-03-09 20:02:12,252 INFO     [file_io.py:759] <store_data> 
         step         time         temp        tot E        kin E        pot E         LJ E       Elec E       bond E        ang E        dih E           Px           Py           Pz
         1640         0.82       253.61      -240.65       66.422      -307.07       28.958      -443.92       40.417       41.924       25.549   8.9407e-07   1.4305e-06   1.6689e-06
2026-03-09 20:02:12,252 INFO     [mdrun.py:1002] <main> Step     1640/10000    | Elapsed 0-00:32:52 |    0.036 ns/day |  667.817 h/ns |    0.832 step/s
2026-03-09 20:02:12,253 INFO     [mdrun.py:1003] <main> Thermo | T=  253.6096 K | P=    0.0000 bar | Ekin=   66.421753 | Eb=   40.416523 | Ea=   41.923546 | Ed=   25.549244 | ELJ=   28.958345 | Eelec= -443.915863
2026-03-09 20:02:32,767 INFO     [file_io.py:759] <store_data> 
         step         time         temp        tot E        kin E        pot E         LJ E       Elec E       bond E        ang E        dih E           Px           Py           Pz
         1650        0.825       308.89      -240.71       80.901      -321.61       29.045      -442.64       34.136       29.022       28.826  -8.9407e-07   6.5565e-07  -8.3447e-07
2026-03-09 20:02:32,768 INFO     [mdrun.py:1002] <main> Step     1650/10000    | Elapsed 0-00:33:12 |    0.036 ns/day |  670.619 h/ns |    0.828 step/s
2026-03-09 20:02:32,768 INFO     [mdrun.py:1003] <main> Thermo | T=  308.8942 K | P=    0.0000 bar | Ekin=   80.901108 | Eb=   34.135612 | Ea=   29.022072 | Ed=   28.826065 | ELJ=   29.045238 | Eelec= -442.638428
2026-03-09 20:02:53,468 INFO     [file_io.py:759] <store_data> 
         step         time         temp        tot E        kin E        pot E         LJ E       Elec E       bond E        ang E        dih E           Px           Py           Pz
         1660         0.83       325.81      -240.74       85.331      -326.07       36.926       -443.7       21.896       31.519       27.287   9.5367e-07  -1.6987e-06   3.5763e-07
2026-03-09 20:02:53,468 INFO     [mdrun.py:1002] <main> Step     1660/10000    | Elapsed 0-00:33:34 |    0.036 ns/day |  673.646 h/ns |    0.825 step/s
2026-03-09 20:02:53,468 INFO     [mdrun.py:1003] <main> Thermo | T=  325.8086 K | P=    0.0000 bar | Ekin=   85.331093 | Eb=   21.896452 | Ea=   31.518692 | Ed=   27.286766 | ELJ=   36.926304 | Eelec= -443.695526
2026-03-09 20:03:12,805 INFO     [file_io.py:759] <store_data> 
         step         time         temp        tot E        kin E        pot E         LJ E       Elec E       bond E        ang E        dih E           Px           Py           Pz
         1670        0.835       258.96      -240.68       67.824      -308.51       34.401      -440.31       21.167       49.904       26.326   2.5034e-06  -1.4305e-06  -6.5565e-07
2026-03-09 20:03:12,807 INFO     [mdrun.py:1002] <main> Step     1670/10000    | Elapsed 0-00:33:53 |    0.035 ns/day |  676.064 h/ns |    0.822 step/s
2026-03-09 20:03:12,807 INFO     [mdrun.py:1003] <main> Thermo | T=  258.9617 K | P=    0.0000 bar | Ekin=   67.823517 | Eb=   21.167463 | Ea=   49.904457 | Ed=   26.325665 | ELJ=   34.401096 | Eelec= -440.305847
2026-03-09 20:03:31,423 INFO     [file_io.py:759] <store_data> 
         step         time         temp        tot E        kin E        pot E         LJ E       Elec E       bond E        ang E        dih E           Px           Py           Pz
         1680         0.84       250.26      -240.66       65.546      -306.21       23.529      -432.08       25.337       45.334       31.671  -7.1526e-07   9.9093e-07   3.5763e-07
2026-03-09 20:03:31,423 INFO     [mdrun.py:1002] <main> Step     1680/10000    | Elapsed 0-00:34:12 |    0.035 ns/day |  678.207 h/ns |    0.819 step/s
2026-03-09 20:03:31,424 INFO     [mdrun.py:1003] <main> Thermo | T=  250.2643 K | P=    0.0000 bar | Ekin=   65.545624 | Eb=   25.337292 | Ea=   45.333633 | Ed=   31.670635 | ELJ=   23.528847 | Eelec= -432.078125
2026-03-09 20:03:52,431 INFO     [file_io.py:759] <store_data> 
         step         time         temp        tot E        kin E        pot E         LJ E       Elec E       bond E        ang E        dih E           Px           Py           Pz
         1690        0.845       309.27      -240.71       80.999       -321.7       20.017      -435.29       32.579       25.155       35.833   1.5497e-06   1.1921e-07  -3.5763e-07
2026-03-09 20:03:52,431 INFO     [mdrun.py:1002] <main> Step     1690/10000    | Elapsed 0-00:34:33 |    0.035 ns/day |  681.069 h/ns |    0.816 step/s
2026-03-09 20:03:52,431 INFO     [mdrun.py:1003] <main> Thermo | T=  309.2667 K | P=    0.0000 bar | Ekin=   80.998665 | Eb=   32.578808 | Ea=   25.155399 | Ed=   35.833031 | ELJ=   20.016674 | Eelec= -435.288208
2026-03-09 20:04:09,523 INFO     [file_io.py:759] <store_data> 
         step         time         temp        tot E        kin E        pot E         LJ E       Elec E       bond E        ang E        dih E           Px           Py           Pz
         1700         0.85       317.92      -240.69       83.265      -323.95        22.33      -445.37       35.358        32.82       30.907   -5.722e-06  -5.3644e-07   3.8743e-06
2026-03-09 20:04:09,524 INFO     [mdrun.py:1002] <main> Step     1700/10000    | Elapsed 0-00:34:50 |    0.035 ns/day |  682.730 h/ns |    0.814 step/s
2026-03-09 20:04:09,524 INFO     [mdrun.py:1003] <main> Thermo | T=  317.9218 K | P=    0.0000 bar | Ekin=   83.265488 | Eb=   35.357620 | Ea=   32.820278 | Ed=   30.907410 | ELJ=   22.330423 | Eelec= -445.369934
2026-03-09 20:04:26,633 INFO     [file_io.py:759] <store_data> 
         step         time         temp        tot E        kin E        pot E         LJ E       Elec E       bond E        ang E        dih E           Px           Py           Pz
         1710        0.855       326.33      -240.68       85.467      -326.15       26.497      -453.35       21.801        49.93       28.977   3.5763e-06  -3.5763e-07  -2.3842e-07
2026-03-09 20:04:26,633 INFO     [mdrun.py:1002] <main> Step     1710/10000    | Elapsed 0-00:35:07 |    0.035 ns/day |  684.259 h/ns |    0.812 step/s
2026-03-09 20:04:26,633 INFO     [mdrun.py:1003] <main> Thermo | T=  326.3283 K | P=    0.0000 bar | Ekin=   85.467209 | Eb=   21.801407 | Ea=   49.929771 | Ed=   28.976976 | ELJ=   26.496990 | Eelec= -453.350677
2026-03-09 20:04:45,611 INFO     [file_io.py:759] <store_data> 
         step         time         temp        tot E        kin E        pot E         LJ E       Elec E       bond E        ang E        dih E           Px           Py           Pz
         1720         0.86       331.34      -240.72        86.78       -327.5       28.911      -455.52       18.786       46.618       33.697  -1.9372e-06  -1.0729e-06  -8.9407e-08
2026-03-09 20:04:45,611 INFO     [mdrun.py:1002] <main> Step     1720/10000    | Elapsed 0-00:35:26 |    0.035 ns/day |  686.444 h/ns |    0.809 step/s
2026-03-09 20:04:45,611 INFO     [mdrun.py:1003] <main> Thermo | T=  331.3423 K | P=    0.0000 bar | Ekin=   86.780396 | Eb=   18.785521 | Ea=   46.618198 | Ed=   33.697186 | ELJ=   28.911417 | Eelec= -455.516937
2026-03-09 20:05:03,465 INFO     [file_io.py:759] <store_data> 
         step         time         temp        tot E        kin E        pot E         LJ E       Elec E       bond E        ang E        dih E           Px           Py           Pz
         1730        0.865       255.81      -240.67       66.997      -307.67        31.49      -449.24       28.954       42.074       39.054   9.5367e-07   1.6689e-06   2.3842e-07
2026-03-09 20:05:03,466 INFO     [mdrun.py:1002] <main> Step     1730/10000    | Elapsed 0-00:35:44 |    0.035 ns/day |  688.165 h/ns |    0.807 step/s
2026-03-09 20:05:03,466 INFO     [mdrun.py:1003] <main> Thermo | T=  255.8077 K | P=    0.0000 bar | Ekin=   66.997467 | Eb=   28.953552 | Ea=   42.074398 | Ed=   39.053707 | ELJ=   31.490463 | Eelec= -449.242889
2026-03-09 20:05:21,296 INFO     [file_io.py:759] <store_data> 
         step         time         temp        tot E        kin E        pot E         LJ E       Elec E       bond E        ang E        dih E           Px           Py           Pz
         1740         0.87        266.5      -240.65       69.798      -310.45       33.617      -440.74       26.858       30.386       39.425  -4.7684e-07   1.7881e-07  -7.1526e-07
2026-03-09 20:05:21,296 INFO     [mdrun.py:1002] <main> Step     1740/10000    | Elapsed 0-00:36:02 |    0.035 ns/day |  689.933 h/ns |    0.805 step/s
2026-03-09 20:05:21,296 INFO     [mdrun.py:1003] <main> Thermo | T=  266.5005 K | P=    0.0000 bar | Ekin=   69.797958 | Eb=   26.857515 | Ea=   30.386326 | Ed=   39.424686 | ELJ=   33.617363 | Eelec= -440.735382
2026-03-09 20:05:39,094 INFO     [file_io.py:759] <store_data> 
         step         time         temp        tot E        kin E        pot E         LJ E       Elec E       bond E        ang E        dih E           Px           Py           Pz
         1750        0.875       309.24      -240.72       80.991      -321.71       35.812      -434.16       13.349       22.793       40.496  -7.1526e-07  -1.4007e-06   4.7684e-07
2026-03-09 20:05:39,094 INFO     [mdrun.py:1002] <main> Step     1750/10000    | Elapsed 0-00:36:19 |    0.035 ns/day |  691.605 h/ns |    0.803 step/s
2026-03-09 20:05:39,095 INFO     [mdrun.py:1003] <main> Thermo | T=  309.2363 K | P=    0.0000 bar | Ekin=   80.990707 | Eb=   13.349260 | Ea=   22.793285 | Ed=   40.496143 | ELJ=   35.812172 | Eelec= -434.162201
2026-03-09 20:05:58,452 INFO     [file_io.py:759] <store_data> 
         step         time         temp        tot E        kin E        pot E         LJ E       Elec E       bond E        ang E        dih E           Px           Py           Pz
         1760         0.88       272.51       -240.7       71.372      -312.07       38.082      -441.15       21.727       28.156       41.109   8.3447e-07            0  -2.9802e-08
2026-03-09 20:05:58,452 INFO     [mdrun.py:1002] <main> Step     1760/10000    | Elapsed 0-00:36:39 |    0.035 ns/day |  693.765 h/ns |    0.801 step/s
2026-03-09 20:05:58,452 INFO     [mdrun.py:1003] <main> Thermo | T=  272.5091 K | P=    0.0000 bar | Ekin=   71.371635 | Eb=   21.727320 | Ea=   28.155954 | Ed=   41.109001 | ELJ=   38.081703 | Eelec= -441.148041
2026-03-09 20:06:16,376 INFO     [file_io.py:759] <store_data> 
         step         time         temp        tot E        kin E        pot E         LJ E       Elec E       bond E        ang E        dih E           Px           Py           Pz
         1770        0.885       289.35      -240.66       75.781      -316.44       36.319         -450       31.834       30.196       35.202  -2.3842e-07   1.5497e-06   9.5367e-07
2026-03-09 20:06:16,376 INFO     [mdrun.py:1002] <main> Step     1770/10000    | Elapsed 0-00:36:57 |    0.035 ns/day |  695.488 h/ns |    0.799 step/s
2026-03-09 20:06:16,376 INFO     [mdrun.py:1003] <main> Thermo | T=  289.3458 K | P=    0.0000 bar | Ekin=   75.781288 | Eb=   31.834269 | Ea=   30.196152 | Ed=   35.202053 | ELJ=   36.318718 | Eelec= -449.995483
2026-03-09 20:06:33,927 INFO     [file_io.py:759] <store_data> 
         step         time         temp        tot E        kin E        pot E         LJ E       Elec E       bond E        ang E        dih E           Px           Py           Pz
         1780         0.89       319.73      -240.72       83.738      -324.46       30.526      -453.96       33.727       38.915       26.338  -9.5367e-07   -2.265e-06  -2.3842e-07
2026-03-09 20:06:33,928 INFO     [mdrun.py:1002] <main> Step     1780/10000    | Elapsed 0-00:37:14 |    0.034 ns/day |  697.060 h/ns |    0.797 step/s
2026-03-09 20:06:33,928 INFO     [mdrun.py:1003] <main> Thermo | T=  319.7272 K | P=    0.0000 bar | Ekin=   83.738335 | Eb=   33.727428 | Ea=   38.914890 | Ed=   26.338013 | ELJ=   30.526386 | Eelec= -453.964935
2026-03-09 20:06:52,148 INFO     [file_io.py:759] <store_data> 
         step         time         temp        tot E        kin E        pot E         LJ E       Elec E       bond E        ang E        dih E           Px           Py           Pz
         1790        0.895       273.89      -240.68       71.735      -312.41       28.414      -457.32       36.756       53.171        26.56  -2.9802e-07  -5.0068e-06  -1.1921e-06
2026-03-09 20:06:52,148 INFO     [mdrun.py:1002] <main> Step     1790/10000    | Elapsed 0-00:37:32 |    0.034 ns/day |  698.827 h/ns |    0.795 step/s
2026-03-09 20:06:52,148 INFO     [mdrun.py:1003] <main> Thermo | T=  273.8946 K | P=    0.0000 bar | Ekin=   71.734528 | Eb=   36.756054 | Ea=   53.170532 | Ed=   26.560369 | ELJ=   28.413689 | Eelec= -457.315369
2026-03-09 20:07:11,923 INFO     [file_io.py:759] <store_data> 
         step         time         temp        tot E        kin E        pot E         LJ E       Elec E       bond E        ang E        dih E           Px           Py           Pz
         1800          0.9        286.9      -240.66       75.141       -315.8        28.15      -449.61       20.498       49.163       35.995  -4.7684e-07            0  -1.1921e-07
2026-03-09 20:07:11,924 INFO     [mdrun.py:1002] <main> Step     1800/10000    | Elapsed 0-00:37:52 |    0.034 ns/day |  700.953 h/ns |    0.793 step/s
2026-03-09 20:07:11,924 INFO     [mdrun.py:1003] <main> Thermo | T=  286.9023 K | P=    0.0000 bar | Ekin=   75.141296 | Eb=   20.498224 | Ea=   49.162544 | Ed=   35.994904 | ELJ=   28.150341 | Eelec= -449.606781
2026-03-09 20:07:31,268 INFO     [file_io.py:759] <store_data> 
         step         time         temp        tot E        kin E        pot E         LJ E       Elec E       bond E        ang E        dih E           Px           Py           Pz
         1810        0.905       292.54      -240.74       76.619      -317.36       30.129      -443.78       20.073        36.68       39.538  -2.3842e-07   1.6689e-06  -2.6226e-06
2026-03-09 20:07:31,268 INFO     [mdrun.py:1002] <main> Step     1810/10000    | Elapsed 0-00:38:12 |    0.034 ns/day |  703.123 h/ns |    0.790 step/s
2026-03-09 20:07:31,268 INFO     [mdrun.py:1003] <main> Thermo | T=  292.5426 K | P=    0.0000 bar | Ekin=   76.618530 | Eb=   20.073288 | Ea=   36.679901 | Ed=   39.537876 | ELJ=   30.129076 | Eelec= -443.779510
2026-03-09 20:07:49,444 INFO     [file_io.py:759] <store_data> 
         step         time         temp        tot E        kin E        pot E         LJ E       Elec E       bond E        ang E        dih E           Px           Py           Pz
         1820         0.91       242.46      -240.69       63.501      -304.19       34.699      -438.68       29.143       35.475       35.172  -7.1526e-07   2.6226e-06   8.3447e-07
2026-03-09 20:07:49,444 INFO     [mdrun.py:1002] <main> Step     1820/10000    | Elapsed 0-00:38:30 |    0.034 ns/day |  704.789 h/ns |    0.788 step/s
2026-03-09 20:07:49,444 INFO     [mdrun.py:1003] <main> Thermo | T=  242.4579 K | P=    0.0000 bar | Ekin=   63.501072 | Eb=   29.143171 | Ea=   35.475098 | Ed=   35.172356 | ELJ=   34.699318 | Eelec= -438.683624
2026-03-09 20:08:08,210 INFO     [file_io.py:759] <store_data> 
         step         time         temp        tot E        kin E        pot E         LJ E       Elec E       bond E        ang E        dih E           Px           Py           Pz
         1830        0.915       271.02      -240.66       70.981      -311.65       30.345      -435.47       23.986       34.857       34.631  -1.5497e-06  -1.3113e-06   1.3113e-06
2026-03-09 20:08:08,210 INFO     [mdrun.py:1002] <main> Step     1830/10000    | Elapsed 0-00:38:48 |    0.034 ns/day |  706.459 h/ns |    0.786 step/s
2026-03-09 20:08:08,210 INFO     [mdrun.py:1003] <main> Thermo | T=  271.0174 K | P=    0.0000 bar | Ekin=   70.980965 | Eb=   23.985909 | Ea=   34.857216 | Ed=   34.631428 | ELJ=   30.345467 | Eelec= -435.465881
2026-03-09 20:08:27,152 INFO     [file_io.py:759] <store_data> 
         step         time         temp        tot E        kin E        pot E         LJ E       Elec E       bond E        ang E        dih E           Px           Py           Pz
         1840         0.92       282.11      -240.72       73.886       -314.6       27.481      -443.93       20.131        42.48       39.235   1.4305e-06  -7.1526e-07   4.1723e-07
2026-03-09 20:08:27,153 INFO     [mdrun.py:1002] <main> Step     1840/10000    | Elapsed 0-00:39:07 |    0.034 ns/day |  708.515 h/ns |    0.784 step/s
2026-03-09 20:08:27,153 INFO     [mdrun.py:1003] <main> Thermo | T=  282.1084 K | P=    0.0000 bar | Ekin=   73.885765 | Eb=   20.131380 | Ea=   42.479847 | Ed=   39.234703 | ELJ=   27.480585 | Eelec= -443.927826
2026-03-09 20:08:46,044 INFO     [file_io.py:759] <store_data> 
         step         time         temp        tot E        kin E        pot E         LJ E       Elec E       bond E        ang E        dih E           Px           Py           Pz
         1850        0.925       313.93      -240.74        82.22      -322.96        25.51      -449.48       18.636       44.701       37.675   4.7684e-07   2.6226e-06   2.1458e-06
2026-03-09 20:08:46,045 INFO     [mdrun.py:1002] <main> Step     1850/10000    | Elapsed 0-00:39:26 |    0.034 ns/day |  710.334 h/ns |    0.782 step/s
2026-03-09 20:08:46,045 INFO     [mdrun.py:1003] <main> Thermo | T=  313.9315 K | P=    0.0000 bar | Ekin=   82.220421 | Eb=   18.636082 | Ea=   44.700523 | Ed=   37.674835 | ELJ=   25.509933 | Eelec= -449.481293
2026-03-09 20:09:04,809 INFO     [file_io.py:759] <store_data> 
         step         time         temp        tot E        kin E        pot E         LJ E       Elec E       bond E        ang E        dih E           Px           Py           Pz
         1860         0.93       291.49      -240.67       76.343      -317.02       27.773      -455.34       22.737       51.097       36.713   1.4454e-06            0  -2.3842e-06
2026-03-09 20:09:04,809 INFO     [mdrun.py:1002] <main> Step     1860/10000    | Elapsed 0-00:39:45 |    0.034 ns/day |  712.109 h/ns |    0.780 step/s
2026-03-09 20:09:04,809 INFO     [mdrun.py:1003] <main> Thermo | T=  291.4921 K | P=    0.0000 bar | Ekin=   76.343414 | Eb=   22.736870 | Ea=   51.097061 | Ed=   36.713017 | ELJ=   27.772690 | Eelec= -455.335175
2026-03-09 20:09:22,918 INFO     [file_io.py:759] <store_data> 
         step         time         temp        tot E        kin E        pot E         LJ E       Elec E       bond E        ang E        dih E           Px           Py           Pz
         1870        0.935       214.48      -240.69       56.173      -296.86        36.73      -459.69       23.959       58.651       43.496  -9.5367e-07  -2.1458e-06    1.967e-06
2026-03-09 20:09:22,918 INFO     [mdrun.py:1002] <main> Step     1870/10000    | Elapsed 0-00:40:03 |    0.034 ns/day |  713.725 h/ns |    0.778 step/s
2026-03-09 20:09:22,919 INFO     [mdrun.py:1003] <main> Thermo | T=  214.4767 K | P=    0.0000 bar | Ekin=   56.172638 | Eb=   23.958740 | Ea=   58.650955 | Ed=   43.496407 | ELJ=   36.729774 | Eelec= -459.694061
2026-03-09 20:09:44,182 INFO     [file_io.py:759] <store_data> 
         step         time         temp        tot E        kin E        pot E         LJ E       Elec E       bond E        ang E        dih E           Px           Py           Pz
         1880         0.94       304.61      -240.78       79.778      -320.56       30.904      -449.34       19.293       30.035       48.543   1.3113e-06  -2.3842e-07  -2.9802e-06
2026-03-09 20:09:44,183 INFO     [mdrun.py:1002] <main> Step     1880/10000    | Elapsed 0-00:40:24 |    0.034 ns/day |  716.126 h/ns |    0.776 step/s
2026-03-09 20:09:44,183 INFO     [mdrun.py:1003] <main> Thermo | T=  304.6066 K | P=    0.0000 bar | Ekin=   79.778168 | Eb=   19.292931 | Ea=   30.034937 | Ed=   48.543346 | ELJ=   30.904379 | Eelec= -449.338318
2026-03-09 20:10:02,864 INFO     [file_io.py:759] <store_data> 
         step         time         temp        tot E        kin E        pot E         LJ E       Elec E       bond E        ang E        dih E           Px           Py           Pz
         1890        0.945       284.64      -240.64       74.548      -315.19       20.973      -436.84       28.183       25.498       46.998   1.6093e-06   2.3842e-07  -2.2054e-06
2026-03-09 20:10:02,864 INFO     [mdrun.py:1002] <main> Step     1890/10000    | Elapsed 0-00:40:43 |    0.033 ns/day |  717.902 h/ns |    0.774 step/s
2026-03-09 20:10:02,864 INFO     [mdrun.py:1003] <main> Thermo | T=  284.6383 K | P=    0.0000 bar | Ekin=   74.548363 | Eb=   28.183418 | Ea=   25.497509 | Ed=   46.997616 | ELJ=   20.972839 | Eelec= -436.839111
2026-03-09 20:10:22,834 INFO     [file_io.py:759] <store_data> 
         step         time         temp        tot E        kin E        pot E         LJ E       Elec E       bond E        ang E        dih E           Px           Py           Pz
         1900         0.95       295.24      -240.67       77.326         -318       18.437      -431.75        20.61       34.825       39.883   1.0729e-06   9.5367e-07   5.9605e-07
2026-03-09 20:10:22,835 INFO     [mdrun.py:1002] <main> Step     1900/10000    | Elapsed 0-00:41:03 |    0.033 ns/day |  719.945 h/ns |    0.772 step/s
2026-03-09 20:10:22,835 INFO     [mdrun.py:1003] <main> Thermo | T=  295.2439 K | P=    0.0000 bar | Ekin=   77.326019 | Eb=   20.609871 | Ea=   34.824665 | Ed=   39.882881 | ELJ=   18.437387 | Eelec= -431.750732
2026-03-09 20:10:42,096 INFO     [file_io.py:759] <store_data> 
         step         time         temp        tot E        kin E        pot E         LJ E       Elec E       bond E        ang E        dih E           Px           Py           Pz
         1910        0.955       400.36      -240.81       104.86      -345.67        17.68      -433.83        15.54       21.264       33.675  -4.7684e-06   1.1921e-07   1.1921e-07
2026-03-09 20:10:42,096 INFO     [mdrun.py:1002] <main> Step     1910/10000    | Elapsed 0-00:41:22 |    0.033 ns/day |  721.748 h/ns |    0.770 step/s
2026-03-09 20:10:42,097 INFO     [mdrun.py:1003] <main> Thermo | T=  400.3608 K | P=    0.0000 bar | Ekin=  104.856720 | Eb=   15.539846 | Ea=   21.264250 | Ed=   33.675449 | ELJ=   17.679531 | Eelec= -433.829712
2026-03-09 20:11:03,807 INFO     [file_io.py:759] <store_data> 
         step         time         temp        tot E        kin E        pot E         LJ E       Elec E       bond E        ang E        dih E           Px           Py           Pz
         1920         0.96       282.82      -240.63       74.072       -314.7       22.167       -437.9       29.376        40.41       31.246  -1.4305e-06  -8.9407e-07   2.5034e-06
2026-03-09 20:11:03,807 INFO     [mdrun.py:1002] <main> Step     1920/10000    | Elapsed 0-00:41:44 |    0.033 ns/day |  724.276 h/ns |    0.767 step/s
2026-03-09 20:11:03,808 INFO     [mdrun.py:1003] <main> Thermo | T=  282.8181 K | P=    0.0000 bar | Ekin=   74.071625 | Eb=   29.376390 | Ea=   40.410439 | Ed=   31.246216 | ELJ=   22.167004 | Eelec= -437.900269
2026-03-09 20:11:23,413 INFO     [file_io.py:759] <store_data> 
         step         time         temp        tot E        kin E        pot E         LJ E       Elec E       bond E        ang E        dih E           Px           Py           Pz
         1930        0.965       295.59      -240.67       77.418      -318.09       27.303      -441.66       27.639        43.38       25.244  -2.2054e-06   1.3113e-06  -2.5332e-07
2026-03-09 20:11:23,413 INFO     [mdrun.py:1002] <main> Step     1930/10000    | Elapsed 0-00:42:04 |    0.033 ns/day |  726.173 h/ns |    0.765 step/s
2026-03-09 20:11:23,414 INFO     [mdrun.py:1003] <main> Thermo | T=  295.5947 K | P=    0.0000 bar | Ekin=   77.417892 | Eb=   27.638834 | Ea=   43.379646 | Ed=   25.243813 | ELJ=   27.303457 | Eelec= -441.656006
2026-03-09 20:11:42,854 INFO     [file_io.py:759] <store_data> 
         step         time         temp        tot E        kin E        pot E         LJ E       Elec E       bond E        ang E        dih E           Px           Py           Pz
         1940         0.97        339.7      -240.76       88.969      -329.73       30.399      -443.03       28.585       32.035       22.282   7.1526e-07   5.9605e-07    1.207e-06
2026-03-09 20:11:42,854 INFO     [mdrun.py:1002] <main> Step     1940/10000    | Elapsed 0-00:42:23 |    0.033 ns/day |  727.999 h/ns |    0.763 step/s
2026-03-09 20:11:42,854 INFO     [mdrun.py:1003] <main> Thermo | T=  339.6988 K | P=    0.0000 bar | Ekin=   88.968994 | Eb=   28.584602 | Ea=   32.035072 | Ed=   22.282234 | ELJ=   30.398874 | Eelec= -443.034149
2026-03-09 20:12:04,293 INFO     [file_io.py:759] <store_data> 
         step         time         temp        tot E        kin E        pot E         LJ E       Elec E       bond E        ang E        dih E           Px           Py           Pz
         1950        0.975       252.51      -240.62       66.133      -306.75        33.04      -442.75       33.775        40.05       29.128  -1.3113e-06   1.7881e-06  -1.1921e-06
2026-03-09 20:12:04,293 INFO     [mdrun.py:1002] <main> Step     1950/10000    | Elapsed 0-00:42:44 |    0.033 ns/day |  730.334 h/ns |    0.761 step/s
2026-03-09 20:12:04,293 INFO     [mdrun.py:1003] <main> Thermo | T=  252.5054 K | P=    0.0000 bar | Ekin=   66.132561 | Eb=   33.774654 | Ea=   40.050385 | Ed=   29.127708 | ELJ=   33.039959 | Eelec= -442.747681
2026-03-09 20:12:24,842 INFO     [file_io.py:759] <store_data> 
         step         time         temp        tot E        kin E        pot E         LJ E       Elec E       bond E        ang E        dih E           Px           Py           Pz
         1960         0.98        335.5      -240.72        87.87      -328.59       35.301      -449.62       17.981       34.785       32.957   2.9802e-07  -2.6226e-06   5.9605e-08
2026-03-09 20:12:24,842 INFO     [mdrun.py:1002] <main> Step     1960/10000    | Elapsed 0-00:43:05 |    0.033 ns/day |  732.419 h/ns |    0.759 step/s
2026-03-09 20:12:24,842 INFO     [mdrun.py:1003] <main> Thermo | T=  335.5016 K | P=    0.0000 bar | Ekin=   87.869751 | Eb=   17.980976 | Ea=   34.785194 | Ed=   32.956898 | ELJ=   35.301353 | Eelec= -449.615570
2026-03-09 20:12:48,051 INFO     [file_io.py:759] <store_data> 
         step         time         temp        tot E        kin E        pot E         LJ E       Elec E       bond E        ang E        dih E           Px           Py           Pz
         1970        0.985       300.98      -240.73       78.827      -319.56       39.188      -454.63       28.975       35.166       31.747   2.0862e-07   2.0266e-06  -2.9802e-07
2026-03-09 20:12:48,052 INFO     [mdrun.py:1002] <main> Step     1970/10000    | Elapsed 0-00:43:28 |    0.033 ns/day |  735.191 h/ns |    0.756 step/s
2026-03-09 20:12:48,052 INFO     [mdrun.py:1003] <main> Thermo | T=  300.9758 K | P=    0.0000 bar | Ekin=   78.827232 | Eb=   28.975250 | Ea=   35.166286 | Ed=   31.746534 | ELJ=   39.188309 | Eelec= -454.634308
2026-03-09 20:13:12,282 INFO     [file_io.py:759] <store_data> 
         step         time         temp        tot E        kin E        pot E         LJ E       Elec E       bond E        ang E        dih E           Px           Py           Pz
         1980         0.99       234.15      -240.63       61.325      -301.95       38.912      -451.74       32.137       41.225       37.514   1.0729e-06   -2.563e-06  -1.7881e-06
2026-03-09 20:13:12,283 INFO     [mdrun.py:1002] <main> Step     1980/10000    | Elapsed 0-00:43:52 |    0.033 ns/day |  738.253 h/ns |    0.753 step/s
2026-03-09 20:13:12,283 INFO     [mdrun.py:1003] <main> Thermo | T=  234.1475 K | P=    0.0000 bar | Ekin=   61.324532 | Eb=   32.136795 | Ea=   41.225346 | Ed=   37.513638 | ELJ=   38.911652 | Eelec= -451.739624
2026-03-09 20:13:33,406 INFO     [file_io.py:759] <store_data> 
         step         time         temp        tot E        kin E        pot E         LJ E       Elec E       bond E        ang E        dih E           Px           Py           Pz
         1990        0.995       318.02      -240.71       83.293         -324       37.324      -451.83       19.239       28.541       42.721  -5.3644e-07   7.1526e-07  -2.3842e-07
2026-03-09 20:13:33,407 INFO     [mdrun.py:1002] <main> Step     1990/10000    | Elapsed 0-00:44:13 |    0.032 ns/day |  740.504 h/ns |    0.750 step/s
2026-03-09 20:13:33,407 INFO     [mdrun.py:1003] <main> Thermo | T=  318.0250 K | P=    0.0000 bar | Ekin=   83.292519 | Eb=   19.239365 | Ea=   28.541492 | Ed=   42.720757 | ELJ=   37.323547 | Eelec= -451.825043
2026-03-09 20:13:54,095 INFO     [file_io.py:759] <store_data> 
         step         time         temp        tot E        kin E        pot E         LJ E       Elec E       bond E        ang E        dih E           Px           Py           Pz
         2000            1       270.98      -240.72       70.972      -311.69       36.343      -446.44       36.938       24.295       37.173   1.3113e-06  -2.3842e-07  -1.4901e-06
2026-03-09 20:13:54,095 INFO     [mdrun.py:1002] <main> Step     2000/10000    | Elapsed 0-00:44:34 |    0.032 ns/day |  742.559 h/ns |    0.748 step/s
2026-03-09 20:13:54,095 INFO     [mdrun.py:1003] <main> Thermo | T=  270.9825 K | P=    0.0000 bar | Ekin=   70.971840 | Eb=   36.938206 | Ea=   24.295498 | Ed=   37.173111 | ELJ=   36.342697 | Eelec= -446.439087
2026-03-09 20:14:15,029 INFO     [file_io.py:759] <store_data> 
         step         time         temp        tot E        kin E        pot E         LJ E       Elec E       bond E        ang E        dih E           Px           Py           Pz
         2010        1.005       234.51      -240.66       61.419      -302.08         39.5      -447.75        44.67       27.924        33.58   4.7684e-07  -3.0547e-07  -2.3842e-07
2026-03-09 20:14:15,030 INFO     [mdrun.py:1002] <main> Step     2010/10000    | Elapsed 0-00:44:55 |    0.032 ns/day |  744.642 h/ns |    0.746 step/s
2026-03-09 20:14:15,030 INFO     [mdrun.py:1003] <main> Thermo | T=  234.5085 K | P=    0.0000 bar | Ekin=   61.419083 | Eb=   44.669994 | Ea=   27.923656 | Ed=   33.580368 | ELJ=   39.500008 | Eelec= -447.750824
2026-03-09 20:14:37,136 INFO     [file_io.py:759] <store_data> 
         step         time         temp        tot E        kin E        pot E         LJ E       Elec E       bond E        ang E        dih E           Px           Py           Pz
         2020         1.01        314.7      -240.71       82.422      -323.13       37.753      -451.64       28.126       28.914       33.714   2.1756e-06   8.3447e-07  -7.1526e-07
2026-03-09 20:14:37,137 INFO     [mdrun.py:1002] <main> Step     2020/10000    | Elapsed 0-00:45:17 |    0.032 ns/day |  747.060 h/ns |    0.744 step/s
2026-03-09 20:14:37,137 INFO     [mdrun.py:1003] <main> Thermo | T=  314.7003 K | P=    0.0000 bar | Ekin=   82.421753 | Eb=   28.125662 | Ea=   28.913754 | Ed=   33.713875 | ELJ=   37.753277 | Eelec= -451.636688
2026-03-09 20:14:58,323 INFO     [file_io.py:759] <store_data> 
         step         time         temp        tot E        kin E        pot E         LJ E       Elec E       bond E        ang E        dih E           Px           Py           Pz
         2030        1.015       312.93      -240.71       81.958      -322.67       28.985      -448.51        30.81       35.166       30.885  -1.2517e-06   2.9802e-07   4.5635e-07
2026-03-09 20:14:58,323 INFO     [mdrun.py:1002] <main> Step     2030/10000    | Elapsed 0-00:45:38 |    0.032 ns/day |  749.142 h/ns |    0.742 step/s
2026-03-09 20:14:58,323 INFO     [mdrun.py:1003] <main> Thermo | T=  312.9278 K | P=    0.0000 bar | Ekin=   81.957542 | Eb=   30.810083 | Ea=   35.166126 | Ed=   30.884642 | ELJ=   28.985106 | Eelec= -448.513733
2026-03-09 20:15:20,359 INFO     [file_io.py:759] <store_data> 
         step         time         temp        tot E        kin E        pot E         LJ E       Elec E       bond E        ang E        dih E           Px           Py           Pz
         2040         1.02       321.79      -240.66       84.279      -324.94       22.796      -442.91       36.936       31.111        27.13  -1.4305e-06  -3.5763e-07   9.5367e-07
2026-03-09 20:15:20,360 INFO     [mdrun.py:1002] <main> Step     2040/10000    | Elapsed 0-00:46:00 |    0.032 ns/day |  751.465 h/ns |    0.739 step/s
2026-03-09 20:15:20,360 INFO     [mdrun.py:1003] <main> Thermo | T=  321.7903 K | P=    0.0000 bar | Ekin=   84.278679 | Eb=   36.936218 | Ea=   31.111393 | Ed=   27.129555 | ELJ=   22.795643 | Eelec= -442.912689
2026-03-09 20:15:43,828 INFO     [file_io.py:759] <store_data> 
         step         time         temp        tot E        kin E        pot E         LJ E       Elec E       bond E        ang E        dih E           Px           Py           Pz
         2050        1.025       349.99       -240.7       91.665      -332.36        22.85      -434.76       19.692       34.343       25.508   2.0266e-06  -1.5497e-06            0
2026-03-09 20:15:43,829 INFO     [mdrun.py:1002] <main> Step     2050/10000    | Elapsed 0-00:46:23 |    0.032 ns/day |  754.077 h/ns |    0.737 step/s
2026-03-09 20:15:43,829 INFO     [mdrun.py:1003] <main> Thermo | T=  349.9932 K | P=    0.0000 bar | Ekin=   91.665169 | Eb=   19.691828 | Ea=   34.343246 | Ed=   25.507956 | ELJ=   22.849691 | Eelec= -434.757446
2026-03-09 20:16:08,615 INFO     [file_io.py:759] <store_data> 
         step         time         temp        tot E        kin E        pot E         LJ E       Elec E       bond E        ang E        dih E           Px           Py           Pz
         2060         1.03       314.03      -240.73       82.246      -322.97       25.272      -431.68       17.982       35.955       29.496  -1.4901e-06   1.6093e-06  -1.4305e-06
2026-03-09 20:16:08,615 INFO     [mdrun.py:1002] <main> Step     2060/10000    | Elapsed 0-00:46:48 |    0.032 ns/day |  757.096 h/ns |    0.734 step/s
2026-03-09 20:16:08,616 INFO     [mdrun.py:1003] <main> Thermo | T=  314.0291 K | P=    0.0000 bar | Ekin=   82.245979 | Eb=   17.981632 | Ea=   35.955185 | Ed=   29.496405 | ELJ=   25.272186 | Eelec= -431.678131
2026-03-09 20:16:33,021 INFO     [file_io.py:759] <store_data> 
         step         time         temp        tot E        kin E        pot E         LJ E       Elec E       bond E        ang E        dih E           Px           Py           Pz
         2070        1.035       276.72      -240.68       72.475      -313.15       33.568       -438.5       28.321       29.221        34.24   5.9605e-07  -4.1723e-07   1.1921e-06
2026-03-09 20:16:33,021 INFO     [mdrun.py:1002] <main> Step     2070/10000    | Elapsed 0-00:47:13 |    0.032 ns/day |  759.994 h/ns |    0.731 step/s
2026-03-09 20:16:33,021 INFO     [mdrun.py:1003] <main> Thermo | T=  276.7212 K | P=    0.0000 bar | Ekin=   72.474815 | Eb=   28.320925 | Ea=   29.221451 | Ed=   34.239521 | ELJ=   33.568077 | Eelec= -438.502747
2026-03-09 20:16:56,933 INFO     [file_io.py:759] <store_data> 
         step         time         temp        tot E        kin E        pot E         LJ E       Elec E       bond E        ang E        dih E           Px           Py           Pz
         2080         1.04       259.24      -240.66       67.898      -308.55       38.468      -446.83       29.888       36.799        33.12            0  -1.1921e-07  -8.9407e-07
2026-03-09 20:16:56,933 INFO     [mdrun.py:1002] <main> Step     2080/10000    | Elapsed 0-00:47:37 |    0.031 ns/day |  762.809 h/ns |    0.728 step/s
2026-03-09 20:16:56,933 INFO     [mdrun.py:1003] <main> Thermo | T=  259.2448 K | P=    0.0000 bar | Ekin=   67.897652 | Eb=   29.888315 | Ea=   36.798912 | Ed=   33.119835 | ELJ=   38.468307 | Eelec= -446.828613
2026-03-09 20:17:19,160 INFO     [file_io.py:759] <store_data> 
         step         time         temp        tot E        kin E        pot E         LJ E       Elec E       bond E        ang E        dih E           Px           Py           Pz
         2090        1.045       318.72      -240.75       83.476      -324.22        26.34      -449.27        24.54       39.051       35.117   3.2187e-06  -2.0862e-06  -1.7881e-07
2026-03-09 20:17:19,161 INFO     [mdrun.py:1002] <main> Step     2090/10000    | Elapsed 0-00:47:59 |    0.031 ns/day |  765.011 h/ns |    0.726 step/s
2026-03-09 20:17:19,161 INFO     [mdrun.py:1003] <main> Thermo | T=  318.7248 K | P=    0.0000 bar | Ekin=   83.475792 | Eb=   24.539562 | Ea=   39.051411 | Ed=   35.117146 | ELJ=   26.340134 | Eelec= -449.270721
2026-03-09 20:17:41,960 INFO     [file_io.py:759] <store_data> 
         step         time         temp        tot E        kin E        pot E         LJ E       Elec E       bond E        ang E        dih E           Px           Py           Pz
         2100         1.05       287.86      -240.66       75.393      -316.05       19.898      -442.98       20.021       48.381       38.622            0  -2.3842e-06   2.9802e-08
2026-03-09 20:17:41,961 INFO     [mdrun.py:1002] <main> Step     2100/10000    | Elapsed 0-00:48:22 |    0.031 ns/day |  767.435 h/ns |    0.724 step/s
2026-03-09 20:17:41,961 INFO     [mdrun.py:1003] <main> Thermo | T=  287.8629 K | P=    0.0000 bar | Ekin=   75.392899 | Eb=   20.021072 | Ea=   48.380791 | Ed=   38.621510 | ELJ=   19.898026 | Eelec= -442.976166
2026-03-09 20:18:04,249 INFO     [file_io.py:759] <store_data> 
         step         time         temp        tot E        kin E        pot E         LJ E       Elec E       bond E        ang E        dih E           Px           Py           Pz
         2110        1.055       311.26      -240.68        81.52       -322.2       20.236      -436.45       15.632       44.567       33.818    1.803e-06  -7.1526e-07   1.9073e-06
2026-03-09 20:18:04,249 INFO     [mdrun.py:1002] <main> Step     2110/10000    | Elapsed 0-00:48:44 |    0.031 ns/day |  769.672 h/ns |    0.722 step/s
2026-03-09 20:18:04,249 INFO     [mdrun.py:1003] <main> Thermo | T=  311.2571 K | P=    0.0000 bar | Ekin=   81.519966 | Eb=   15.632154 | Ea=   44.566895 | Ed=   33.818333 | ELJ=   20.235662 | Eelec= -436.449707
2026-03-09 20:18:27,322 INFO     [file_io.py:759] <store_data> 
         step         time         temp        tot E        kin E        pot E         LJ E       Elec E       bond E        ang E        dih E           Px           Py           Pz
         2120         1.06       364.25      -240.76       95.399      -336.16       23.563      -432.99        13.36       26.183       33.724   2.2352e-06  -3.5763e-07   3.8743e-07
2026-03-09 20:18:27,331 INFO     [mdrun.py:1002] <main> Step     2120/10000    | Elapsed 0-00:49:07 |    0.031 ns/day |  771.940 h/ns |    0.720 step/s
2026-03-09 20:18:27,331 INFO     [mdrun.py:1003] <main> Thermo | T=  364.2478 K | P=    0.0000 bar | Ekin=   95.398521 | Eb=   13.360338 | Ea=   26.183010 | Ed=   33.723808 | ELJ=   23.563084 | Eelec= -432.986603
2026-03-09 20:19:09,939 INFO     [file_io.py:759] <store_data> 
         step         time         temp        tot E        kin E        pot E         LJ E       Elec E       bond E        ang E        dih E           Px           Py           Pz
         2130        1.065       234.68      -240.62       61.463      -302.08        31.43      -435.32       30.493       28.577        42.74   2.2054e-06  -4.7684e-07  -1.4752e-06
2026-03-09 20:19:09,946 INFO     [mdrun.py:1002] <main> Step     2130/10000    | Elapsed 0-00:49:49 |    0.031 ns/day |  779.326 h/ns |    0.713 step/s
2026-03-09 20:19:09,946 INFO     [mdrun.py:1003] <main> Thermo | T=  234.6767 K | P=    0.0000 bar | Ekin=   61.463131 | Eb=   30.493420 | Ea=   28.576689 | Ed=   42.739765 | ELJ=   31.429815 | Eelec= -435.323334
2026-03-09 20:19:59,667 INFO     [file_io.py:759] <store_data> 
         step         time         temp        tot E        kin E        pot E         LJ E       Elec E       bond E        ang E        dih E           Px           Py           Pz
         2140         1.07       247.57      -240.66        64.84       -305.5       31.953      -441.67       32.101       28.688       43.422   1.5199e-06  -1.1921e-06   -2.116e-06
2026-03-09 20:19:59,676 INFO     [mdrun.py:1002] <main> Step     2140/10000    | Elapsed 0-00:50:35 |    0.030 ns/day |  787.651 h/ns |    0.705 step/s
2026-03-09 20:19:59,676 INFO     [mdrun.py:1003] <main> Thermo | T=  247.5698 K | P=    0.0000 bar | Ekin=   64.839897 | Eb=   32.100555 | Ea=   28.687969 | Ed=   43.422039 | ELJ=   31.953110 | Eelec= -441.666809
2026-03-09 20:23:54,905 INFO     [file_io.py:759] <store_data> 
         step         time         temp        tot E        kin E        pot E         LJ E       Elec E       bond E        ang E        dih E           Px           Py           Pz
         2150        1.075       330.67      -240.76       86.604      -327.37       25.026         -444       18.199       26.389       47.021   3.4273e-07   4.7684e-07   1.9073e-06
2026-03-09 20:23:54,917 INFO     [mdrun.py:1002] <main> Step     2150/10000    | Elapsed 0-00:54:32 |    0.028 ns/day |  845.280 h/ns |    0.657 step/s
2026-03-09 20:23:54,917 INFO     [mdrun.py:1003] <main> Thermo | T=  330.6704 K | P=    0.0000 bar | Ekin=   86.604416 | Eb=   18.199419 | Ea=   26.389397 | Ed=   47.020714 | ELJ=   25.025862 | Eelec= -444.002594
2026-03-09 20:24:21,229 INFO     [file_io.py:759] <store_data> 
         step         time         temp        tot E        kin E        pot E         LJ E       Elec E       bond E        ang E        dih E           Px           Py           Pz
         2160         1.08       250.33      -240.65       65.563      -306.21       21.374      -446.02       25.288       40.644         52.5  -3.5763e-07  -7.1526e-07  -5.9605e-08
2026-03-09 20:24:21,229 INFO     [mdrun.py:1002] <main> Step     2160/10000    | Elapsed 0-00:55:01 |    0.028 ns/day |  848.734 h/ns |    0.655 step/s
2026-03-09 20:24:21,229 INFO     [mdrun.py:1003] <main> Thermo | T=  250.3296 K | P=    0.0000 bar | Ekin=   65.562706 | Eb=   25.287804 | Ea=   40.643951 | Ed=   52.499710 | ELJ=   21.374386 | Eelec= -446.015472
2026-03-09 20:24:44,366 INFO     [file_io.py:759] <store_data> 
         step         time         temp        tot E        kin E        pot E         LJ E       Elec E       bond E        ang E        dih E           Px           Py           Pz
         2170        1.085       264.79      -240.67       69.349      -310.02       21.118      -448.18       36.902       34.432       45.704  -1.1325e-06   5.5432e-06  -9.5367e-07
2026-03-09 20:24:44,367 INFO     [mdrun.py:1002] <main> Step     2170/10000    | Elapsed 0-00:55:24 |    0.028 ns/day |  850.777 h/ns |    0.653 step/s
2026-03-09 20:24:44,367 INFO     [mdrun.py:1003] <main> Thermo | T=  264.7876 K | P=    0.0000 bar | Ekin=   69.349342 | Eb=   36.902393 | Ea=   34.432205 | Ed=   45.704445 | ELJ=   21.118099 | Eelec= -448.175934
2026-03-09 20:25:07,457 INFO     [file_io.py:759] <store_data> 
         step         time         temp        tot E        kin E        pot E         LJ E       Elec E       bond E        ang E        dih E           Px           Py           Pz
         2180         1.09       280.93      -240.72       73.578       -314.3       21.618      -443.52       36.895       25.986       44.723   -2.116e-06   -2.265e-06  -1.6689e-06
2026-03-09 20:25:07,458 INFO     [mdrun.py:1002] <main> Step     2180/10000    | Elapsed 0-00:55:47 |    0.028 ns/day |  852.708 h/ns |    0.652 step/s
2026-03-09 20:25:07,458 INFO     [mdrun.py:1003] <main> Thermo | T=  280.9349 K | P=    0.0000 bar | Ekin=   73.578415 | Eb=   36.894970 | Ea=   25.986036 | Ed=   44.723183 | ELJ=   21.618465 | Eelec= -443.518066
2026-03-09 20:25:31,471 INFO     [file_io.py:759] <store_data> 
         step         time         temp        tot E        kin E        pot E         LJ E       Elec E       bond E        ang E        dih E           Px           Py           Pz
         2190        1.095       271.71      -240.65       71.162      -311.81       22.154      -440.34        34.18       24.447       47.751   -1.289e-06   4.7684e-07  -9.5367e-07
2026-03-09 20:25:31,472 INFO     [mdrun.py:1002] <main> Step     2190/10000    | Elapsed 0-00:56:11 |    0.028 ns/day |  854.935 h/ns |    0.650 step/s
2026-03-09 20:25:31,472 INFO     [mdrun.py:1003] <main> Thermo | T=  271.7074 K | P=    0.0000 bar | Ekin=   71.161674 | Eb=   34.179714 | Ea=   24.446564 | Ed=   47.751099 | ELJ=   22.153536 | Eelec= -440.339142
2026-03-09 20:25:55,746 INFO     [file_io.py:759] <store_data> 
         step         time         temp        tot E        kin E        pot E         LJ E       Elec E       bond E        ang E        dih E           Px           Py           Pz
         2200          1.1       360.97      -240.69        94.54      -335.23       21.192      -432.78       22.013       17.486       36.855  -8.3447e-07  -9.5367e-07  -5.9605e-07
2026-03-09 20:25:55,746 INFO     [mdrun.py:1002] <main> Step     2200/10000    | Elapsed 0-00:56:35 |    0.028 ns/day |  857.154 h/ns |    0.648 step/s
2026-03-09 20:25:55,746 INFO     [mdrun.py:1003] <main> Thermo | T=  360.9687 K | P=    0.0000 bar | Ekin=   94.539703 | Eb=   22.012758 | Ea=   17.486012 | Ed=   36.855045 | ELJ=   21.191906 | Eelec= -432.778229
2026-03-09 20:26:19,700 INFO     [file_io.py:759] <store_data> 
         step         time         temp        tot E        kin E        pot E         LJ E       Elec E       bond E        ang E        dih E           Px           Py           Pz
         2210        1.105       321.67      -240.73       84.247      -324.98       21.675      -427.74       20.347       26.656       34.079  -3.5763e-07   1.4007e-06  -2.2054e-06
2026-03-09 20:26:19,700 INFO     [mdrun.py:1002] <main> Step     2210/10000    | Elapsed 0-00:56:59 |    0.028 ns/day |  859.311 h/ns |    0.647 step/s
2026-03-09 20:26:19,700 INFO     [mdrun.py:1003] <main> Thermo | T=  321.6684 K | P=    0.0000 bar | Ekin=   84.246750 | Eb=   20.346851 | Ea=   26.656393 | Ed=   34.078560 | ELJ=   21.675213 | Eelec= -427.735382
2026-03-09 20:26:42,479 INFO     [file_io.py:759] <store_data> 
         step         time         temp        tot E        kin E        pot E         LJ E       Elec E       bond E        ang E        dih E           Px           Py           Pz
         2220         1.11        255.7      -240.67        66.97      -307.64       21.971      -430.81       23.386       37.035       40.785  -2.6599e-06  -2.9802e-08  -8.3447e-07
2026-03-09 20:26:42,480 INFO     [mdrun.py:1002] <main> Step     2220/10000    | Elapsed 0-00:57:22 |    0.028 ns/day |  861.159 h/ns |    0.645 step/s
2026-03-09 20:26:42,480 INFO     [mdrun.py:1003] <main> Thermo | T=  255.7031 K | P=    0.0000 bar | Ekin=   66.970070 | Eb=   23.385509 | Ea=   37.035030 | Ed=   40.784882 | ELJ=   21.970581 | Eelec= -430.811493
2026-03-09 20:27:06,077 INFO     [file_io.py:759] <store_data> 
         step         time         temp        tot E        kin E        pot E         LJ E       Elec E       bond E        ang E        dih E           Px           Py           Pz
         2230        1.115       302.91      -240.64       79.333      -319.98       21.758      -437.54       21.274       40.946       33.588   2.5034e-06  -3.5763e-07   1.1325e-06
2026-03-09 20:27:06,077 INFO     [mdrun.py:1002] <main> Step     2230/10000    | Elapsed 0-00:57:46 |    0.028 ns/day |  863.167 h/ns |    0.644 step/s
2026-03-09 20:27:06,077 INFO     [mdrun.py:1003] <main> Thermo | T=  302.9059 K | P=    0.0000 bar | Ekin=   79.332741 | Eb=   21.274313 | Ea=   40.945801 | Ed=   33.588207 | ELJ=   21.758167 | Eelec= -437.544128
2026-03-09 20:27:29,112 INFO     [file_io.py:759] <store_data> 
         step         time         temp        tot E        kin E        pot E         LJ E       Elec E       bond E        ang E        dih E           Px           Py           Pz
         2240         1.12       339.61      -240.74       88.946      -329.69        23.08      -445.54       22.527       39.605       30.647   2.3842e-07   8.3447e-07   9.5367e-07
2026-03-09 20:27:29,113 INFO     [mdrun.py:1002] <main> Step     2240/10000    | Elapsed 0-00:58:09 |    0.028 ns/day |  865.012 h/ns |    0.642 step/s
2026-03-09 20:27:29,113 INFO     [mdrun.py:1003] <main> Thermo | T=  339.6124 K | P=    0.0000 bar | Ekin=   88.946381 | Eb=   22.526564 | Ea=   39.605087 | Ed=   30.646610 | ELJ=   23.079983 | Eelec= -445.543396
2026-03-09 20:27:52,557 INFO     [file_io.py:759] <store_data> 
         step         time         temp        tot E        kin E        pot E         LJ E       Elec E       bond E        ang E        dih E           Px           Py           Pz
         2250        1.125       335.96      -240.73        87.99      -328.72       25.397      -448.94       29.219       26.492       39.109   1.4305e-06  -2.7977e-06   2.3842e-07
2026-03-09 20:27:52,557 INFO     [mdrun.py:1002] <main> Step     2250/10000    | Elapsed 0-00:58:32 |    0.028 ns/day |  866.951 h/ns |    0.641 step/s
2026-03-09 20:27:52,557 INFO     [mdrun.py:1003] <main> Thermo | T=  335.9594 K | P=    0.0000 bar | Ekin=   87.989639 | Eb=   29.219151 | Ea=   26.491957 | Ed=   39.108765 | ELJ=   25.396624 | Eelec= -448.937531
2026-03-09 20:28:15,822 INFO     [file_io.py:759] <store_data> 
         step         time         temp        tot E        kin E        pot E         LJ E       Elec E       bond E        ang E        dih E           Px           Py           Pz
         2260         1.13       282.32      -240.63       73.942      -314.57       27.164      -449.88       37.098       31.834       39.215  -7.1526e-07   1.5497e-06   3.5763e-07
2026-03-09 20:28:15,823 INFO     [mdrun.py:1002] <main> Step     2260/10000    | Elapsed 0-00:58:55 |    0.028 ns/day |  868.818 h/ns |    0.639 step/s
2026-03-09 20:28:15,823 INFO     [mdrun.py:1003] <main> Thermo | T=  282.3222 K | P=    0.0000 bar | Ekin=   73.941750 | Eb=   37.097710 | Ea=   31.833570 | Ed=   39.214954 | ELJ=   27.164474 | Eelec= -449.880402
2026-03-09 20:28:44,733 INFO     [file_io.py:759] <store_data> 
         step         time         temp        tot E        kin E        pot E         LJ E       Elec E       bond E        ang E        dih E           Px           Py           Pz
         2270        1.135       281.91      -240.72       73.835      -314.56       30.689      -452.99       31.757       40.788       35.201  -4.4703e-08  -5.9605e-07   6.1467e-08
2026-03-09 20:28:44,733 INFO     [mdrun.py:1002] <main> Step     2270/10000    | Elapsed 0-00:59:24 |    0.028 ns/day |  872.086 h/ns |    0.637 step/s
2026-03-09 20:28:44,733 INFO     [mdrun.py:1003] <main> Thermo | T=  281.9148 K | P=    0.0000 bar | Ekin=   73.835060 | Eb=   31.757299 | Ea=   40.788425 | Ed=   35.200638 | ELJ=   30.689186 | Eelec= -452.992828
2026-03-09 20:29:07,066 INFO     [file_io.py:759] <store_data> 
         step         time         temp        tot E        kin E        pot E         LJ E       Elec E       bond E        ang E        dih E           Px           Py           Pz
         2280         1.14       303.66      -240.73        79.53      -320.26       34.141      -452.11        31.39       30.521         35.8    2.265e-06   1.1921e-06   2.2501e-06
2026-03-09 20:29:07,066 INFO     [mdrun.py:1002] <main> Step     2280/10000    | Elapsed 0-00:59:47 |    0.027 ns/day |  873.756 h/ns |    0.636 step/s
2026-03-09 20:29:07,066 INFO     [mdrun.py:1003] <main> Thermo | T=  303.6602 K | P=    0.0000 bar | Ekin=   79.530289 | Eb=   31.389912 | Ea=   30.521481 | Ed=   35.799652 | ELJ=   34.141113 | Eelec= -452.109131
2026-03-09 20:29:31,336 INFO     [file_io.py:759] <store_data> 
         step         time         temp        tot E        kin E        pot E         LJ E       Elec E       bond E        ang E        dih E           Px           Py           Pz
         2290        1.145       262.79      -240.62       68.826      -309.44       39.868      -455.01       38.932       36.588        30.18   6.5565e-07   1.1921e-07  -3.5763e-07
2026-03-09 20:29:31,337 INFO     [mdrun.py:1002] <main> Step     2290/10000    | Elapsed 0-01:00:11 |    0.027 ns/day |  875.783 h/ns |    0.634 step/s
2026-03-09 20:29:31,337 INFO     [mdrun.py:1003] <main> Thermo | T=  262.7881 K | P=    0.0000 bar | Ekin=   68.825676 | Eb=   38.931671 | Ea=   36.587738 | Ed=   30.179501 | ELJ=   39.868202 | Eelec= -455.009338
2026-03-09 20:29:55,506 INFO     [file_io.py:759] <store_data> 
         step         time         temp        tot E        kin E        pot E         LJ E       Elec E       bond E        ang E        dih E           Px           Py           Pz
         2300         1.15       328.34      -240.74       85.994      -326.73       39.558      -451.58       23.544       38.559       23.185   1.1921e-06   1.5497e-06  -3.5763e-07
2026-03-09 20:29:55,506 INFO     [mdrun.py:1002] <main> Step     2300/10000    | Elapsed 0-01:00:35 |    0.027 ns/day |  877.731 h/ns |    0.633 step/s
2026-03-09 20:29:55,507 INFO     [mdrun.py:1003] <main> Thermo | T=  328.3416 K | P=    0.0000 bar | Ekin=   85.994492 | Eb=   23.544100 | Ea=   38.558887 | Ed=   23.184982 | ELJ=   39.557770 | Eelec= -451.576050
2026-03-09 20:30:18,901 INFO     [file_io.py:759] <store_data> 
         step         time         temp        tot E        kin E        pot E         LJ E       Elec E       bond E        ang E        dih E           Px           Py           Pz
         2310        1.155       386.99      -240.76       101.36      -342.11       33.634      -447.92       21.993       26.853       23.328    2.563e-06  -3.1292e-06   3.5763e-07
2026-03-09 20:30:18,902 INFO     [mdrun.py:1002] <main> Step     2310/10000    | Elapsed 0-01:00:58 |    0.027 ns/day |  879.585 h/ns |    0.632 step/s
2026-03-09 20:30:18,902 INFO     [mdrun.py:1003] <main> Thermo | T=  386.9910 K | P=    0.0000 bar | Ekin=  101.355095 | Eb=   21.993267 | Ea=   26.852543 | Ed=   23.328020 | ELJ=   33.634102 | Eelec= -447.921295
2026-03-09 20:30:43,347 INFO     [file_io.py:759] <store_data> 
         step         time         temp        tot E        kin E        pot E         LJ E       Elec E       bond E        ang E        dih E           Px           Py           Pz
         2320         1.16       304.04      -240.62        79.63      -320.25       29.539      -447.28       32.462        40.75       24.278  -1.3709e-06  -1.3113e-06  -3.5763e-07
2026-03-09 20:30:43,348 INFO     [mdrun.py:1002] <main> Step     2320/10000    | Elapsed 0-01:01:23 |    0.027 ns/day |  881.697 h/ns |    0.630 step/s
2026-03-09 20:30:43,348 INFO     [mdrun.py:1003] <main> Thermo | T=  304.0414 K | P=    0.0000 bar | Ekin=   79.630135 | Eb=   32.462475 | Ea=   40.749901 | Ed=   24.277632 | ELJ=   29.538797 | Eelec= -447.282837
2026-03-09 20:31:06,456 INFO     [file_io.py:759] <store_data> 
         step         time         temp        tot E        kin E        pot E         LJ E       Elec E       bond E        ang E        dih E           Px           Py           Pz
         2330        1.165       281.27      -240.69       73.665      -314.35       27.932      -444.64       20.888       54.227        27.24   1.3113e-06  -2.1458e-06    2.265e-06
2026-03-09 20:31:06,457 INFO     [mdrun.py:1002] <main> Step     2330/10000    | Elapsed 0-01:01:46 |    0.027 ns/day |  883.441 h/ns |    0.629 step/s
2026-03-09 20:31:06,457 INFO     [mdrun.py:1003] <main> Thermo | T=  281.2658 K | P=    0.0000 bar | Ekin=   73.665092 | Eb=   20.888258 | Ea=   54.227409 | Ed=   27.240250 | ELJ=   27.932228 | Eelec= -444.639801
2026-03-09 20:31:30,038 INFO     [file_io.py:759] <store_data> 
         step         time         temp        tot E        kin E        pot E         LJ E       Elec E       bond E        ang E        dih E           Px           Py           Pz
         2340         1.17       354.13      -240.77       92.748      -333.52       26.587      -445.35       14.494       38.324       32.433   1.9073e-06   7.1526e-07  -2.9802e-07
2026-03-09 20:31:30,038 INFO     [mdrun.py:1002] <main> Step     2340/10000    | Elapsed 0-01:02:10 |    0.027 ns/day |  885.229 h/ns |    0.628 step/s
2026-03-09 20:31:30,038 INFO     [mdrun.py:1003] <main> Thermo | T=  354.1287 K | P=    0.0000 bar | Ekin=   92.748268 | Eb=   14.494422 | Ea=   38.323784 | Ed=   32.432846 | ELJ=   26.587111 | Eelec= -445.354492
2026-03-09 20:31:54,021 INFO     [file_io.py:759] <store_data> 
         step         time         temp        tot E        kin E        pot E         LJ E       Elec E       bond E        ang E        dih E           Px           Py           Pz
         2350        1.175       319.17      -240.66       83.594      -324.25       27.573      -443.77       19.516        38.55       33.877  -4.7684e-07  -3.2783e-07   2.0266e-06
2026-03-09 20:31:54,021 INFO     [mdrun.py:1002] <main> Step     2350/10000    | Elapsed 0-01:02:34 |    0.027 ns/day |  887.164 h/ns |    0.626 step/s
2026-03-09 20:31:54,022 INFO     [mdrun.py:1003] <main> Thermo | T=  319.1747 K | P=    0.0000 bar | Ekin=   83.593628 | Eb=   19.515507 | Ea=   38.549816 | Ed=   33.877407 | ELJ=   27.573112 | Eelec= -443.770660
2026-03-09 20:32:18,287 INFO     [file_io.py:759] <store_data> 
         step         time         temp        tot E        kin E        pot E         LJ E       Elec E       bond E        ang E        dih E           Px           Py           Pz
         2360         1.18       259.35      -240.69       67.925      -308.61       26.958       -438.8       27.957        38.93       36.347  -5.3644e-07  -1.4305e-06   1.4305e-06
2026-03-09 20:32:18,287 INFO     [mdrun.py:1002] <main> Step     2360/10000    | Elapsed 0-01:02:58 |    0.027 ns/day |  889.051 h/ns |    0.625 step/s
2026-03-09 20:32:18,287 INFO     [mdrun.py:1003] <main> Thermo | T=  259.3474 K | P=    0.0000 bar | Ekin=   67.924522 | Eb=   27.957417 | Ea=   38.930321 | Ed=   36.347092 | ELJ=   26.958288 | Eelec= -438.802917
2026-03-09 20:32:42,521 INFO     [file_io.py:759] <store_data> 
         step         time         temp        tot E        kin E        pot E         LJ E       Elec E       bond E        ang E        dih E           Px           Py           Pz
         2370        1.185       277.58      -240.73         72.7      -313.43       25.001      -438.47       32.124       28.441       39.473  -1.0729e-06   2.8983e-06   1.0729e-06
2026-03-09 20:32:42,521 INFO     [mdrun.py:1002] <main> Step     2370/10000    | Elapsed 0-01:03:22 |    0.027 ns/day |  891.014 h/ns |    0.624 step/s
2026-03-09 20:32:42,522 INFO     [mdrun.py:1003] <main> Thermo | T=  277.5825 K | P=    0.0000 bar | Ekin=   72.700401 | Eb=   32.124371 | Ea=   28.441330 | Ed=   39.473145 | ELJ=   25.000513 | Eelec= -438.471252
2026-03-09 20:33:06,863 INFO     [file_io.py:759] <store_data> 
         step         time         temp        tot E        kin E        pot E         LJ E       Elec E       bond E        ang E        dih E           Px           Py           Pz
         2380         1.19       321.24      -240.66       84.133      -324.79        23.02      -439.11       27.903       28.241       35.161  -9.5367e-07  -1.0729e-06  -1.1325e-06
2026-03-09 20:33:06,863 INFO     [mdrun.py:1002] <main> Step     2380/10000    | Elapsed 0-01:03:46 |    0.027 ns/day |  892.869 h/ns |    0.622 step/s
2026-03-09 20:33:06,863 INFO     [mdrun.py:1003] <main> Thermo | T=  321.2359 K | P=    0.0000 bar | Ekin=   84.133476 | Eb=   27.902906 | Ea=   28.241018 | Ed=   35.160561 | ELJ=   23.019609 | Eelec= -439.113800
2026-03-09 20:33:31,852 INFO     [file_io.py:759] <store_data> 
         step         time         temp        tot E        kin E        pot E         LJ E       Elec E       bond E        ang E        dih E           Px           Py           Pz
         2390        1.195       348.23      -240.72       91.205      -331.93         21.3      -438.67       19.139        34.84        31.46   1.4305e-06  -3.8743e-07  -2.5034e-06
2026-03-09 20:33:31,853 INFO     [mdrun.py:1002] <main> Step     2390/10000    | Elapsed 0-01:04:11 |    0.027 ns/day |  895.018 h/ns |    0.621 step/s
2026-03-09 20:33:31,853 INFO     [mdrun.py:1003] <main> Thermo | T=  348.2348 K | P=    0.0000 bar | Ekin=   91.204643 | Eb=   19.138794 | Ea=   34.840271 | Ed=   31.460114 | ELJ=   21.300093 | Eelec= -438.667908
2026-03-09 20:33:55,933 INFO     [file_io.py:759] <store_data> 
         step         time         temp        tot E        kin E        pot E         LJ E       Elec E       bond E        ang E        dih E           Px           Py           Pz
         2400          1.2       308.94      -240.76       80.914      -321.68       21.194      -436.25       23.165       34.669       35.545   7.7486e-07   9.5367e-07  -9.5367e-07
2026-03-09 20:33:55,934 INFO     [mdrun.py:1002] <main> Step     2400/10000    | Elapsed 0-01:04:36 |    0.027 ns/day |  896.899 h/ns |    0.619 step/s
2026-03-09 20:33:55,934 INFO     [mdrun.py:1003] <main> Thermo | T=  308.9439 K | P=    0.0000 bar | Ekin=   80.914131 | Eb=   23.164673 | Ea=   34.669147 | Ed=   35.545483 | ELJ=   21.194046 | Eelec= -436.251465
2026-03-09 20:34:19,029 INFO     [file_io.py:759] <store_data> 
         step         time         temp        tot E        kin E        pot E         LJ E       Elec E       bond E        ang E        dih E           Px           Py           Pz
         2410        1.205       229.89      -240.64       60.209      -300.85       21.297      -432.36       33.854       39.432       36.928  -1.9521e-06  -7.7486e-07  -8.3447e-07
2026-03-09 20:34:19,029 INFO     [mdrun.py:1002] <main> Step     2410/10000    | Elapsed 0-01:04:59 |    0.027 ns/day |  898.436 h/ns |    0.618 step/s
2026-03-09 20:34:19,029 INFO     [mdrun.py:1003] <main> Thermo | T=  229.8895 K | P=    0.0000 bar | Ekin=   60.209335 | Eb=   33.853580 | Ea=   39.431862 | Ed=   36.927631 | ELJ=   21.296972 | Eelec= -432.356964
2026-03-09 20:34:42,762 INFO     [file_io.py:759] <store_data> 
         step         time         temp        tot E        kin E        pot E         LJ E       Elec E       bond E        ang E        dih E           Px           Py           Pz
         2420         1.21       259.94       -240.7       68.079      -308.78       20.797      -429.37       28.043       38.318        33.43   1.3113e-06  -1.7285e-06   1.1921e-07
2026-03-09 20:34:42,762 INFO     [mdrun.py:1002] <main> Step     2420/10000    | Elapsed 0-01:05:22 |    0.027 ns/day |  900.224 h/ns |    0.617 step/s
2026-03-09 20:34:42,762 INFO     [mdrun.py:1003] <main> Thermo | T=  259.9375 K | P=    0.0000 bar | Ekin=   68.079086 | Eb=   28.042591 | Ea=   38.317650 | Ed=   33.430199 | ELJ=   20.796684 | Eelec= -429.367035
2026-03-09 20:35:05,934 INFO     [file_io.py:759] <store_data> 
         step         time         temp        tot E        kin E        pot E         LJ E       Elec E       bond E        ang E        dih E           Px           Py           Pz
         2430        1.215       304.14      -240.74       79.657       -320.4       21.472      -429.54       25.563        29.54       32.561  -9.5367e-07   2.3842e-07   1.0729e-06
2026-03-09 20:35:05,945 INFO     [mdrun.py:1002] <main> Step     2430/10000    | Elapsed 0-01:05:45 |    0.027 ns/day |  901.711 h/ns |    0.616 step/s
2026-03-09 20:35:05,946 INFO     [mdrun.py:1003] <main> Thermo | T=  304.1422 K | P=    0.0000 bar | Ekin=   79.656532 | Eb=   25.563183 | Ea=   29.539705 | Ed=   32.561329 | ELJ=   21.471689 | Eelec= -429.535431
2026-03-09 20:36:33,425 INFO     [file_io.py:759] <store_data> 
         step         time         temp        tot E        kin E        pot E         LJ E       Elec E       bond E        ang E        dih E           Px           Py           Pz
         2440         1.22       305.54      -240.66       80.022      -320.69       22.442      -434.51       36.105       23.834       31.443  -1.1921e-06   2.3842e-07  -1.5497e-06
2026-03-09 20:36:33,428 INFO     [mdrun.py:1002] <main> Step     2440/10000    | Elapsed 0-01:07:13 |    0.026 ns/day |  918.023 h/ns |    0.605 step/s
2026-03-09 20:36:33,428 INFO     [mdrun.py:1003] <main> Thermo | T=  305.5387 K | P=    0.0000 bar | Ekin=   80.022293 | Eb=   36.104572 | Ea=   23.834473 | Ed=   31.442940 | ELJ=   22.442024 | Eelec= -434.511078
2026-03-09 20:36:56,826 INFO     [file_io.py:759] <store_data> 
         step         time         temp        tot E        kin E        pot E         LJ E       Elec E       bond E        ang E        dih E           Px           Py           Pz
         2450        1.225       312.85       -240.7       81.937      -322.64        23.39      -437.92       26.466       34.756       30.662   9.5367e-07            0   9.5367e-07
2026-03-09 20:36:56,827 INFO     [mdrun.py:1002] <main> Step     2450/10000    | Elapsed 0-01:07:37 |    0.026 ns/day |  919.603 h/ns |    0.604 step/s
2026-03-09 20:36:56,827 INFO     [mdrun.py:1003] <main> Thermo | T=  312.8501 K | P=    0.0000 bar | Ekin=   81.937187 | Eb=   26.466320 | Ea=   34.756084 | Ed=   30.662056 | ELJ=   23.390064 | Eelec= -437.915985
2026-03-09 20:39:17,261 INFO     [file_io.py:759] <store_data> 
         step         time         temp        tot E        kin E        pot E         LJ E       Elec E       bond E        ang E        dih E           Px           Py           Pz
         2460         1.23       340.67      -240.77       89.223      -329.99       21.979      -440.18       17.031       38.515       32.667   2.2352e-07   1.4305e-06  -2.3246e-06
2026-03-09 20:39:17,278 INFO     [mdrun.py:1002] <main> Step     2460/10000    | Elapsed 0-01:08:16 |    0.026 ns/day |  924.704 h/ns |    0.601 step/s
2026-03-09 20:39:17,278 INFO     [mdrun.py:1003] <main> Thermo | T=  340.6681 K | P=    0.0000 bar | Ekin=   89.222862 | Eb=   17.030838 | Ea=   38.514542 | Ed=   32.667046 | ELJ=   21.978895 | Eelec= -440.181427
