# Diff-MD energy log
# step | time_fs | temp_K | E_total_kJmol | E_potential_kJmol | E_kin_kJmol | E_LJ_kJmol | E_elec_kJmol | E_bond_kJmol | E_angle_kJmol | E_torsional_kJmol | E_improper_torsional_kJmol
         0          0.000    300.0000     -240.464838     -319.036510       78.571672       29.608802     -438.643954       14.193857       40.911769       33.462316        1.430700
       100         50.000    273.8115     -240.469648     -312.182397       71.712749       30.438993     -447.847396       34.519137       32.498778       36.199802        2.008289
       200        100.000    277.6855     -240.371540     -313.098933       72.727393       19.242210     -449.216971       25.428790       55.312820       32.542311        3.591908
       300        150.000    315.2097     -240.462909     -323.018099       82.555190       39.760427     -453.236289       26.795936       33.686735       27.113713        2.861378
       400        200.000    302.1090     -240.314275     -319.438310       79.124036       27.165864     -441.223330       33.076736       34.796056       26.291749        0.454614
       500        250.000    322.8626     -240.296780     -324.856298       84.559518       24.212327     -437.248086       31.407590       29.720341       26.389970        0.661561
       600        300.000    296.8567     -240.400379     -318.148802       77.748423       26.852974     -446.170143       25.206950       38.665709       36.206956        1.088751
       700        350.000    343.7046     -240.419083     -330.437232       90.018149       35.673721     -449.023825       15.869484       36.666395       27.519595        2.857398
       800        400.000    308.3828     -240.198159     -320.965330       80.767172       14.983485     -435.081090       33.698838       40.149128       24.542395        0.741913
       900        450.000    314.1305     -240.290401     -322.562920       82.272519       38.303429     -456.728193       27.714978       36.124460       31.284998        0.737407
      1000        500.000    333.3386     -240.295784     -327.599020       87.303236       19.437400     -437.052131       35.103012       23.241466       30.912417        0.758817
      1100        550.000    280.7885     -240.259019     -313.799097       73.540078       27.722765     -445.993818       22.761126       38.834862       42.098334        0.777634
      1200        600.000    312.0668     -240.190907     -321.922939       81.732032       27.222866     -445.607285       29.533703       27.298762       38.344394        1.284620
      1300        650.000    316.7830     -240.204005     -323.171238       82.967233       22.281105     -432.074188       22.243647       33.629503       26.408850        4.339845
      1400        700.000    254.6256     -240.154838     -306.842714       66.687876       26.166965     -445.714425       28.093723       41.639391       38.267888        4.703745
      1500        750.000    246.7320     -240.210290     -304.830781       64.620491       22.013581     -438.791321       34.246623       26.274029       43.725897        7.700410
      1600        800.000    322.5728     -240.232603     -324.716208       84.483605       26.863486     -452.238875       34.561561       26.437934       32.687963        6.971724
      1700        850.000    272.9322     -240.270328     -311.752789       71.482461       16.256188     -440.896619       46.677690       26.960149       36.078825        3.170978
      1800        900.000    317.9260     -240.362409     -323.629011       83.266603       30.066913     -446.368243       24.442838       27.381767       38.474531        2.373184
      1900        950.000    357.7495     -240.368209     -334.064804       93.696595       31.585397     -448.105559       17.516526       30.141600       31.895454        2.901778
      2000       1000.000    274.7133     -240.306438     -312.255387       71.948950       16.925657     -438.284665       26.046862       51.466433       31.214900        0.375425
      2100       1050.000    324.4712     -240.201908     -325.182728       84.980820       32.789788     -448.621040       26.578789       34.119459       29.423555        0.526720
      2200       1100.000    271.1643     -240.413481     -311.432914       71.019433       28.634973     -439.547588       33.071954       40.676807       24.478627        1.252313
      2300       1150.000    268.4631     -240.246114     -310.558095       70.311981       34.065163     -443.534298       21.725601       45.086449       27.501920        4.597070
      2400       1200.000    262.6408     -240.321761     -309.108856       68.787095       31.082055     -445.136796       34.940323       32.937872       35.776306        1.291384
      2500       1250.000    334.3031     -240.291046     -327.846893       87.555847       32.395832     -451.384046       25.687635       38.123701       26.748719        0.581266
      2600       1300.000    329.2591     -240.375325     -326.610115       86.234789       31.883768     -449.680856       33.250683       33.870573       22.362407        1.703310
      2700       1350.000    293.6811     -240.196897     -317.113606       76.916709       20.182246     -431.944588       40.502012       24.038581       27.961839        2.146304
      2800       1400.000    262.3490     -240.254655     -308.965328       68.710672       40.581481     -445.683814       31.784674       31.803338       28.106752        4.442241
      2900       1450.000    284.6859     -240.457852     -315.018664       74.560812       22.903222     -432.154542       32.771802       23.836377       33.925587        3.698890
      3000       1500.000    282.6865     -240.446310     -314.483479       74.037169       31.082552     -438.436227       28.273491       25.385570       37.528936        1.682199
      3100       1550.000    357.2185     -240.607072     -334.164595       93.557523       18.465301     -439.272203       28.269003       26.611892       31.193212        0.568201
      3200       1600.000    329.6343     -240.425208     -326.758269       86.333062       27.491561     -446.660430       39.229582       15.409905       35.907642        1.863471
      3300       1650.000    252.8764     -240.341000     -306.570747       66.229747       20.543236     -439.203296       34.348625       34.624442       38.699321        4.416926
      3400       1700.000    320.2045     -240.285345     -324.148692       83.863346       27.170050     -442.642826       34.198472       21.597383       29.381435        6.146795
      3500       1750.000    240.7358     -240.450961     -303.501013       63.050052       18.364781     -441.371550       39.528587       39.710586       36.660892        3.605691
      3600       1800.000    295.5658     -240.418852     -317.829185       77.410333       23.101356     -430.743868       26.818584       19.093822       41.516775        2.384146
      3700       1850.000    353.2479     -240.438712     -332.956302       92.517590       29.546794     -443.280482       27.090220       21.034984       31.595504        1.056678
      3800       1900.000    292.1772     -240.410448     -316.933273       76.522824       21.807059     -435.961467       23.555601       38.538062       33.941062        1.186411
      3900       1950.000    287.3272     -240.292913     -315.545513       75.252600       26.726369     -438.031131       38.728703       23.965698       31.286732        1.778117
      4000       2000.000    352.2277     -240.484596     -332.734994       92.250398       35.730358     -455.735657       24.534141       40.405630       22.078515        0.252018
      4100       2050.000    337.2824     -240.389439     -328.725586       88.336146       22.242339     -438.065754       32.361603       28.672983       25.580880        0.482364
      4200       2100.000    259.0499     -240.427476     -308.274088       67.846612       33.032714     -446.255200       32.475906       34.316177       37.370062        0.786254
      4300       2150.000    345.2057     -240.468424     -330.879723       90.411299       26.674185     -444.906905       31.395854       39.893014       15.766479        0.297650
      4400       2200.000    375.6990     -240.404823     -338.802477       98.397654       30.653545     -441.365294       18.298184       26.684359       26.074581        0.852148
      4500       2250.000    332.8376     -240.433199     -327.605234       87.172035       28.126864     -436.310385       27.816013       26.824672       25.326056        0.611546
      4600       2300.000    358.1820     -240.372542     -334.182402       93.809860       22.784818     -442.796308       23.245238       37.758521       24.406686        0.418642
      4700       2350.000    300.8599     -240.456455     -319.253343       78.796888       25.807254     -449.378899       20.821354       55.104162       27.656438        0.736349
      4800       2400.000    276.0824     -240.387724     -312.695256       72.307532       28.476763     -444.432977       44.206706       29.496764       25.854300        3.703189
      4900       2450.000    265.0903     -240.387091     -309.815711       69.428620       21.939466     -448.581296       35.371756       47.476023       30.457764        3.520576
      5000       2500.000    297.4737     -240.416683     -318.326705       77.910021       37.035339     -452.955953       22.968421       34.495510       31.171624        8.958354
      5100       2550.000    325.1395     -240.417456     -325.573302       85.155846       18.338234     -433.010659       24.110842       34.957336       28.215264        1.815681
      5200       2600.000    314.3835     -240.389105     -322.727891       82.338787       30.670831     -442.028012       27.885189       32.894647       27.434305        0.415148
      5300       2650.000    359.7421     -240.665268     -334.883715       94.218448       32.663239     -448.316464       20.256018       25.111952       34.961870        0.439671
      5400       2700.000    335.5563     -240.677902     -328.561971       87.884069       16.344715     -425.476580       23.816238       21.328493       34.084803        1.340360
      5500       2750.000    256.5261     -240.441898     -307.627523       67.185625       35.002160     -456.481567       33.622011       42.477455       35.311827        2.440590
      5600       2800.000    289.4676     -240.362257     -316.175431       75.813174       19.263849     -444.817822       40.048442       34.164085       33.047708        2.118307
      5700       2850.000    315.9352     -240.487732     -323.232927       82.745196       23.341036     -435.947314       29.154137       22.132603       35.684582        2.402029
      5800       2900.000    280.1274     -240.404011     -313.770929       73.366918       27.003878     -447.901657       27.365694       40.601900       32.427426        6.731829
      5900       2950.000    238.1961     -240.448501     -302.833394       62.384893       20.400850     -436.991521       25.067376       48.516777       37.993557        2.179568
      6000       3000.000    312.4333     -240.524180     -322.352207       81.828027       21.722052     -433.752637       25.672862       25.358467       33.747223        4.899826
      6100       3050.000    349.3632     -240.566600     -332.066780       91.500180       25.680175     -439.300574       20.767633       27.798373       31.903948        1.083664
      6200       3100.000    310.4732     -240.609131     -321.923796       81.314665       31.810380     -439.098519       26.336086       26.756034       30.740569        1.531654
      6300       3150.000    333.7233     -240.485342     -327.889340       87.403997       23.832916     -444.050997       26.556870       36.668987       27.604282        1.498603
      6400       3200.000    250.7127     -240.471354     -306.134398       65.663044       36.447545     -447.337351       33.751432       42.809528       27.587113        0.607336
      6500       3250.000    186.0138     -240.365786     -289.083837       48.718051       33.612137     -440.301797       41.274013       44.953989       28.663788        2.714033
      6600       3300.000    267.9891     -240.489886     -310.677736       70.187850       37.876490     -445.183988       44.876577       29.289960       20.559333        1.903892
      6700       3350.000    381.8150     -240.512961     -340.512432       99.999470       27.454359     -445.140596       22.185862       37.847701       16.833546        0.306696
      6800       3400.000    343.3944     -240.618724     -330.555643       89.936919       42.114442     -437.247356       17.136371       27.635070       16.955200        2.850630
      6900       3450.000    303.3906     -240.461297     -319.920977       79.459679       26.155068     -448.612056       22.716623       53.176541       25.539685        1.103162
      7000       3500.000    301.3336     -240.485077     -319.406021       78.920943       23.211962     -442.517422       41.122309       23.815128       30.304799        4.657203
      7100       3550.000    270.8046     -240.393765     -311.318987       70.925222       30.853497     -445.934021       39.992819       43.184434       19.155789        1.428494
      7200       3600.000    333.4814     -240.572995     -327.913621       87.340626       29.806956     -447.619427       27.573664       36.185199       23.337397        2.802589
      7300       3650.000    280.0177     -240.493744     -313.831933       73.338189       18.788309     -445.554603       36.820365       34.772248       40.572925        0.768823
      7400       3700.000    275.7710     -240.549016     -312.774971       72.225955       35.841266     -446.009037       25.074302       31.420780       40.305927        0.591791
      7500       3750.000    323.0216     -240.596309     -325.197478       84.601170       24.792347     -440.793071       37.950970       24.586689       26.964709        1.300878
      7600       3800.000    355.2938     -240.529858     -333.583283       93.053425       25.191266     -437.425898       14.638518       28.180212       34.136834        1.695784
      7700       3850.000    267.2851     -240.632699     -310.636144       70.003446       23.237991     -442.305400       42.617423       19.330295       41.730274        4.753272
      7800       3900.000    291.5537     -240.676268     -317.035805       76.359537       25.727008     -435.191425       16.294102       30.747253       43.613474        1.773783
      7900       3950.000    283.4000     -240.576216     -314.800259       74.224043       18.948518     -434.144590       18.276391       45.761236       33.050172        3.308014
      8000       4000.000    358.8674     -240.692782     -334.682150       93.989367       33.816328     -449.065773       27.157780       26.063125       27.043647        0.302744
      8100       4050.000    295.9046     -240.562126     -318.061193       77.499068       18.671992     -436.151745       31.340365       32.601337       34.144508        1.332350
      8200       4100.000    267.7249     -240.425830     -310.544462       70.118632       27.743212     -445.636556       32.423059       34.624261       39.167973        1.133590
      8300       4150.000    327.4563     -240.602796     -326.365434       85.762639       30.338780     -446.139886       31.214051       30.839212       26.998808        0.383601
      8400       4200.000    304.8734     -240.791915     -320.639945       79.848030       18.380134     -436.591144       29.267054       41.166398       26.621368        0.516246
      8500       4250.000    279.2205     -240.485083     -313.614498       73.129416       27.435650     -445.816892       30.084676       44.167557       29.371543        1.142967
      8600       4300.000    256.8932     -240.601988     -307.883758       67.281770       25.505782     -438.859755       26.453462       43.973391       33.897602        1.145761
      8700       4350.000    327.8613     -240.737866     -326.606570       85.868704       22.005843     -443.627357       23.630623       44.212752       26.449324        0.722246
      8800       4400.000    293.6219     -240.671867     -317.573074       76.901207       29.735695     -435.803157       15.806741       39.598203       32.598669        0.490774
      8900       4450.000    197.2154     -240.414299     -292.066121       51.651822       31.488060     -445.128798       41.883379       41.061264       37.626392        1.003581
      9000       4500.000    276.3418     -240.584858     -312.960305       72.375447       30.180827     -450.925440       31.712903       37.675299       37.395185        1.000921
      9100       4550.000    310.7195     -240.801082     -322.180263       81.379181       34.332767     -445.974809       26.249402       33.316292       29.150578        0.745508
      9200       4600.000    336.1066     -240.700137     -328.728335       88.028198       24.714859     -434.968701       21.438629       35.307082       24.649383        0.130413
      9300       4650.000    210.0597     -240.624972     -295.640766       55.015793       29.581418     -450.119191       32.374852       48.784696       42.159894        1.577565
      9400       4700.000    238.3377     -240.497826     -302.919792       62.421966       19.292396     -425.000707       31.681366       29.453658       40.063394        1.590100
      9500       4750.000    339.9602     -240.503510     -329.540977       89.037467       23.341086     -434.174806       24.627905       21.274904       34.696803        0.693131
      9600       4800.000    274.1070     -240.709401     -312.499552       71.790151       38.795899     -466.430362       38.660186       41.275176       31.380941        3.818608
      9700       4850.000    212.7790     -240.690081     -296.418080       55.728000       21.373619     -435.678944       43.003099       30.599520       41.974781        2.309845
      9800       4900.000    221.5346     -240.525822     -298.546957       58.021135       25.007290     -446.075144       49.182936       35.823977       34.454987        3.058997
      9900       4950.000    331.3687     -240.617294     -327.404607       86.787313       26.645700     -456.479228       35.483634       35.757675       30.938777        0.248836
     10000       5000.000    293.1319     -240.628984     -317.401859       76.772875       15.864421     -434.036551       33.953365       36.403096       29.025366        1.388444
     10100       5050.000    245.0882     -240.524760     -304.714726       64.189967       32.399766     -449.204843       40.066270       38.732490       31.209465        2.082125
     10200       5100.000    305.8672     -240.571418     -320.679737       80.108319       25.349422     -440.401665       38.377272       30.254972       24.626529        1.113733
     10300       5150.000    342.9287     -240.622318     -330.437268       89.814950       28.379957     -442.584997       21.594294       41.918379       20.113539        0.141560
     10400       5200.000    319.6037     -240.543409     -324.249403       83.705994       27.376300     -443.235701       32.582218       36.063847       22.445076        0.518857
     10500       5250.000    301.0996     -240.447686     -319.307354       78.859668       32.158328     -447.023903       33.989432       38.913900       21.691808        0.963081
     10600       5300.000    306.6756     -240.654741     -320.974788       80.320048       34.537592     -457.343923       25.941381       50.650596       22.245094        2.994471
     10700       5350.000    309.1100     -240.709728     -321.667347       80.957619       29.929440     -442.351652       35.452737       28.023908       25.988706        1.289515
     10800       5400.000    297.8923     -240.709360     -318.729007       78.019647       38.138759     -442.782338       30.120301       27.275322       26.062130        2.456820
     10900       5450.000    289.1864     -240.652220     -316.391750       75.739530       30.732325     -447.687931       34.800262       40.691387       23.762196        1.310010
     11000       5500.000    262.5405     -240.506692     -309.267522       68.760830       33.834454     -442.326481       30.860576       40.038215       26.239185        2.086529
     11100       5550.000    333.9237     -240.630950     -328.087422       87.456472       24.467609     -436.302417       25.970804       28.478673       28.460801        0.837109
     11200       5600.000    336.9326     -240.701859     -328.946377       88.244519       28.831090     -450.641460       20.196670       37.547441       33.387481        1.732401
     11300       5650.000    276.3366     -240.565355     -312.939457       72.374103       19.931129     -432.242052       42.294188       25.438221       29.118873        2.520184
     11400       5700.000    207.7178     -240.695165     -295.097602       54.402437       26.484181     -443.241629       37.838205       44.749819       38.407812        0.664010
     11500       5750.000    319.9171     -240.544240     -324.332324       83.788084       31.205328     -449.085365       33.543858       22.761683       35.944358        1.297813
     11600       5800.000    329.0668     -240.621248     -326.805680       86.184432       14.873039     -429.374376       19.783717       32.061530       34.906985        0.943425
     11700       5850.000    248.0493     -240.616207     -305.581697       64.965490       27.576197     -436.601560       35.552868       27.215625       38.912097        1.763077
     11800       5900.000    329.9823     -240.682447     -327.106643       86.424196       23.224320     -431.828777       24.848063       13.720131       41.331129        1.598490
     11900       5950.000    332.6377     -240.746448     -327.866127       87.119679       21.479738     -441.066428       32.260068       28.247994       29.846517        1.365983
     12000       6000.000    311.7816     -240.532747     -322.190096       81.657349       33.600079     -451.730859       27.768527       31.907440       29.636699        6.628018
     12100       6050.000    265.2837     -240.668081     -310.147349       69.479268       33.800695     -432.978352       26.540908       30.035481       29.989221        2.464698
     12200       6100.000    341.4929     -240.647698     -330.086589       89.438890       21.310403     -447.442638       30.714410       34.585616       27.602995        3.142625
     12300       6150.000    296.2441     -240.488435     -318.076403       77.587968       23.672516     -446.546510       37.694410       31.006167       35.726247        0.370768
     12400       6200.000    240.9260     -240.347033     -303.446900       63.099867       19.416043     -432.017358       40.707401       36.110704       30.777549        1.558760
     12500       6250.000    254.3339     -240.485390     -307.096855       66.611465       30.329508     -441.391920       46.213596       31.993847       25.468839        0.289274
     12600       6300.000    243.2044     -240.482573     -304.179161       63.696588       17.422793     -439.264095       43.279857       38.675058       34.416581        1.290644
     12700       6350.000    354.1961     -240.644245     -333.410180       92.765935       33.239336     -439.864004       31.434337       14.175690       27.126594        0.477867
     12800       6400.000    363.2151     -240.726627     -335.854676       95.128049       21.921566     -441.160249       22.034589       33.379688       27.509278        0.460452
     12900       6450.000    277.5156     -240.743565     -313.426443       72.682878       35.405323     -452.318092       40.762574       29.233754       32.114038        1.375959
     13000       6500.000    268.5825     -240.711355     -311.054609       70.343254       34.149377     -451.329593       38.881507       37.709094       29.289989        0.245017
     13100       6550.000    297.9146     -240.815138     -318.840634       78.025496       25.989334     -443.487531       42.857346       21.390794       33.051091        1.358332
     13200       6600.000    333.0367     -240.743012     -327.967191       87.224180       19.006876     -439.309154       25.957416       37.662241       27.765909        0.949520
     13300       6650.000    243.6945     -240.644464     -304.469410       63.824946       36.116202     -454.034024       40.685321       48.280622       23.312842        1.169627
     13400       6700.000    310.3480     -240.622178     -321.904039       81.281861       22.767564     -430.529643       32.397576       25.633544       27.535962        0.290957
     13500       6750.000    337.4313     -240.785082     -329.160216       88.375134       17.823535     -434.074707       25.281368       32.010903       28.759746        1.038939
     13600       6800.000    352.5632     -240.667104     -333.005371       92.338266       23.109035     -448.436281       26.651753       37.426980       27.809619        0.433524
     13700       6850.000    297.0651     -240.708740     -318.511748       77.803008       26.164665     -439.772999       28.381377       39.313410       24.830692        2.571108
     13800       6900.000    262.9373     -240.655288     -309.520037       68.864749       15.842704     -436.878371       57.844499       26.483092       26.803158        0.384881
     13900       6950.000    342.7327     -240.590223     -330.353818       89.763595       21.469773     -451.419631       39.437057       28.117216       29.724451        2.317316
     14000       7000.000    342.9743     -240.407495     -330.234382       89.826887       31.254534     -445.690796       30.358093       26.119361       25.644306        2.080121
     14100       7050.000    281.9097     -240.637080     -314.470803       73.833723       27.202624     -433.450604       34.548712       23.275775       29.558041        4.394650
     14200       7100.000    268.5602     -240.611887     -310.949296       70.337409       27.582280     -445.600998       36.629877       36.435527       30.805006        3.199012
     14300       7150.000    329.5949     -240.525922     -326.848670       86.322748       26.252622     -449.833033       29.293668       40.035300       26.047608        1.355163
     14400       7200.000    275.9903     -240.435505     -312.718909       72.283404       27.595924     -442.011118       40.595780       31.790465       25.819732        3.490308
     14500       7250.000    315.0269     -240.688910     -323.196220       82.507310       27.907783     -450.628842       43.739531       27.272215       24.431704        4.081390
     14600       7300.000    311.4986     -240.683132     -322.266339       81.583207       31.952362     -448.516071       36.082086       19.258353       35.858576        3.098355
     14700       7350.000    250.9711     -240.560585     -306.291323       65.730738       22.310554     -435.293016       34.274813       20.483143       47.211230        4.721953
     14800       7400.000    312.3168     -240.561545     -322.359046       81.797500       31.195102     -445.920016       41.644561       13.462478       33.357789        3.901041
     14900       7450.000    277.8054     -240.534129     -313.292924       72.758795       23.846780     -448.752863       37.989546       37.676779       33.130215        2.816619
     15000       7500.000    285.9577     -240.376097     -315.270013       74.893916       33.707338     -436.292489       30.058325       25.416728       30.903781        0.936303
     15100       7550.000    303.9915     -240.417821     -320.034883       79.617062       21.493526     -435.688855       33.997567       28.934783       30.373635        0.854461
     15200       7600.000    293.1331     -240.627980     -317.401163       76.773183       34.921694     -455.192989       26.641719       35.723112       38.337659        2.167641
     15300       7650.000    320.5618     -240.426428     -324.383340       83.956912       30.302843     -447.837500       33.651362       21.572206       32.823610        5.104138
     15400       7700.000    269.6661     -240.419429     -311.046489       70.627060       18.568608     -434.299927       37.078493       28.962488       37.497120        1.146729
     15500       7750.000    352.5691     -240.635699     -332.975524       92.339824       28.307930     -450.191024       31.566296       26.434021       29.374587        1.532667
     15600       7800.000    301.7106     -240.675756     -319.695443       79.019687       24.661060     -444.782105       32.268977       27.765943       35.646957        4.743724
     15700       7850.000    262.3942     -240.602118     -309.324617       68.722499       23.231957     -435.907136       24.371717       38.184762       39.568704        1.225379
     15800       7900.000    374.5959     -240.837756     -338.946502       98.108746       28.025144     -441.484241       23.119639       22.916098       26.351373        2.125485
     15900       7950.000    305.6845     -240.595757     -320.656222       80.060465       27.629955     -448.617976       39.035524       31.783442       28.269635        1.243198
     16000       8000.000    313.8514     -240.574353     -322.773788       82.199435       26.237320     -439.966808       34.231854       24.047403       30.829185        1.847257
     16100       8050.000    250.1914     -240.484482     -306.011013       65.526531       29.408632     -434.329447       40.425583       21.188061       36.520138        0.776021
     16200       8100.000    298.5602     -240.611968     -318.806555       78.194587       29.066229     -455.696528       35.274121       36.954491       33.896353        1.698780
     16300       8150.000    329.5181     -240.587251     -326.889884       86.302633       25.908503     -440.080787       23.764768       28.464100       34.030370        1.023163
     16400       8200.000    295.3952     -240.613543     -317.979185       77.365642       21.425553     -419.895849       31.423021       24.046902       23.671965        1.349224
     16500       8250.000    245.3753     -240.583091     -304.848262       64.265170       35.028000     -456.304631       23.929128       45.431601       34.553933       12.513707
     16600       8300.000    235.4668     -240.633095     -302.303172       61.670076       19.354955     -436.462525       44.428396       33.289284       29.854944        7.231774
     16700       8350.000    289.8097     -240.650609     -316.553395       75.902786       38.777130     -451.759587       35.077746       25.696348       29.689181        5.965788
     16800       8400.000    267.7037     -240.513210     -310.626301       70.113091       20.132865     -435.373119       39.817618       27.846463       29.731540        7.218332
     16900       8450.000    274.6075     -240.534312     -312.455544       71.921232       35.459792     -455.463647       27.627762       40.850249       36.458359        2.611941
     17000       8500.000    271.9626     -240.423416     -311.651933       71.228517       22.124414     -430.257142       29.487007       31.735203       30.598041        4.660545
     17100       8550.000    194.8453     -240.320632     -291.351694       51.031062       33.268954     -437.281670       41.861791       36.106507       33.786528        0.906195
     17200       8600.000    275.7302     -240.498506     -312.713780       72.215275       26.325184     -432.821284       24.907562       33.593903       33.863127        1.417729
     17300       8650.000    252.5450     -240.475243     -306.618183       66.142941       15.879886     -430.964589       30.535333       45.717989       30.454506        1.758692
     17400       8700.000    241.9123     -240.301655     -303.659834       63.358179       34.565995     -443.096129       34.434887       27.249295       42.122647        1.063471
     17500       8750.000    313.4058     -240.555058     -322.637777       82.082719       14.657142     -438.383563       19.334063       46.656823       33.368555        1.729202
     17600       8800.000    256.2882     -240.569002     -307.692302       67.123301       38.346473     -448.108742       46.254254       22.924404       29.778983        3.112325
     17700       8850.000    225.5432     -240.410272     -299.481286       59.071014       21.765444     -446.523635       36.327406       48.597783       38.846416        1.505300
     17800       8900.000    266.2288     -240.336096     -310.062892       69.726796       27.204111     -436.301808       30.340299       31.153740       36.800636        0.740130
     17900       8950.000    330.2075     -240.376789     -326.859982       86.483193       25.419381     -450.813312       24.330909       42.017172       31.580829        0.605038
     18000       9000.000    300.4925     -240.321684     -319.022341       78.700656       22.973459     -441.603867       36.864512       27.218230       34.035927        1.489398
     18100       9050.000    253.7593     -240.337248     -306.798226       66.460978       30.691972     -439.044926       33.539378       35.648810       30.414119        1.952421
     18200       9100.000    343.1433     -240.524738     -330.395873       89.871136       25.728018     -441.700889       26.248887       32.511948       23.834408        2.981755
     18300       9150.000    303.9360     -240.599965     -320.202497       79.602531       30.077561     -455.275540       21.719399       42.128811       31.999048        9.148224
     18400       9200.000    246.8890     -240.173281     -304.834879       64.661598       30.422035     -438.914567       40.903203       26.973001       32.946815        2.834635
     18500       9250.000    237.6233     -240.297493     -302.532360       62.234868       20.667420     -440.934785       31.160090       45.524279       32.263895        8.786740
     18600       9300.000    331.3074     -240.364078     -327.135332       86.771254       38.210553     -454.249533       28.605006       27.008516       31.695504        1.594623
     18700       9350.000    338.3730     -240.420134     -329.041897       88.621763       20.023464     -438.681801       22.168095       33.180778       25.517071        8.750496
     18800       9400.000    261.3983     -240.309491     -308.771172       68.461681       29.209234     -437.553937       29.731148       43.278297       21.960114        4.603972
     18900       9450.000    234.2859     -240.175719     -301.536507       61.360787       30.626686     -441.464025       36.967479       38.186549       30.482952        3.663853
     19000       9500.000    277.9259     -240.390003     -313.180348       72.790345       27.815303     -441.145125       36.072116       35.002463       28.602861        0.472034
     19100       9550.000    347.6828     -240.404623     -331.464689       91.060066       20.119703     -438.118828       26.050150       31.523838       27.911347        1.049100
     19200       9600.000    296.7927     -240.349031     -318.080701       77.731670       25.898869     -445.686030       41.274992       29.333318       28.645541        2.452608
     19300       9650.000    271.4991     -240.345299     -311.452436       71.107136       29.254255     -454.515298       46.170145       30.953366       31.217797        5.467300
     19400       9700.000    322.6720     -240.253093     -324.762700       84.509608       24.938386     -443.672484       31.411488       22.900092       33.712813        5.947004
     19500       9750.000    280.9789     -240.345370     -313.935320       73.589949       20.875397     -429.556515       34.462657       26.128779       32.490742        1.663620
     19600       9800.000    370.8853     -240.483904     -337.620823       97.136919       29.541514     -447.536694       28.874273       21.876401       26.984296        2.639387
     19700       9850.000    320.0145     -240.406425     -324.220017       83.813592       28.436896     -439.252153       20.990964       34.534111       29.000640        2.069524
     19800       9900.000    284.9119     -240.516598     -315.136617       74.620019       21.970790     -435.920792       30.794890       33.384322       32.730110        1.904062
     19900       9950.000    363.5094     -240.360922     -335.566069       95.205147       25.906698     -442.536598       27.854752       19.985425       27.582183        5.641472
     20000      10000.000    317.5404     -240.409163     -323.574773       83.165610       26.573293     -448.571276       37.025874       26.357414       29.744765        5.295158
     20100      10050.000    300.8597     -240.584768     -319.381609       78.796841       21.567312     -441.343807       30.420256       29.252375       38.222888        2.499368
     20200      10100.000    270.6282     -240.502210     -311.381234       70.879024       39.970805     -461.572747       29.298942       46.085276       32.894130        1.942359
     20300      10150.000    329.2533     -240.471301     -326.704579       86.233278       20.707336     -441.877582       32.469355       35.104311       25.956923        0.935078
     20400      10200.000    318.3631     -240.331551     -323.712628       83.381077       24.282392     -437.012782       34.288869       35.182905       19.314585        0.231404
     20500      10250.000    301.9456     -240.391960     -319.473204       79.081244       49.726770     -448.845962       14.734019       42.861926       21.590730        0.459313
     20600      10300.000    189.5598     -240.490402     -290.137166       49.646764       22.310601     -431.803395       44.445140       47.339481       26.846175        0.724833
     20700      10350.000    265.2918     -240.257458     -309.738852       69.481394       34.171964     -454.700877       29.721556       42.355625       33.756843        4.956038
     20800      10400.000    301.4956     -240.343469     -319.306837       78.963368       35.535924     -450.951750       32.618443       32.398441       28.043958        3.048146
     20900      10450.000    245.2408     -240.410611     -304.640556       64.229945       18.339164     -435.346731       51.754526       28.231136       29.658128        2.723222
     21000      10500.000    334.7721     -240.358285     -328.036975       87.678690       27.693706     -449.330756       34.284875       27.300396       27.721368        4.293435
     21100      10550.000    297.9152     -240.324981     -318.350641       78.025660       26.413744     -446.695246       32.980439       34.239749       30.538165        4.172507
     21200      10600.000    331.4007     -240.245567     -327.041257       86.795690       23.210590     -438.813754       21.777848       34.017822       30.858829        1.907406
     21300      10650.000    294.1889     -240.417142     -317.466852       77.049710       20.710037     -428.458526       25.429179       23.571352       40.094083        1.187023
     21400      10700.000    230.2355     -240.339475     -300.639444       60.299969       21.653547     -443.464565       31.911546       42.891129       45.867670        0.501230
     21500      10750.000    348.8337     -240.426363     -331.787861       91.361498       29.846624     -448.312375       26.106494       22.478703       35.686764        2.405928
     21600      10800.000    289.1233     -240.109504     -315.832506       75.723002       20.970317     -438.140911       39.530931       28.441559       32.219451        1.146147
     21700      10850.000    271.5648     -240.049994     -311.174329       71.124335       32.159340     -452.028081       38.355864       47.442424       22.217318        0.678807
     21800      10900.000    329.0925     -240.202864     -326.394030       86.191165       29.681791     -452.638017       23.031321       32.576440       35.466480        5.487955
     21900      10950.000    287.6250     -240.293707     -315.624296       75.330589       26.394193     -434.599573       29.689426       26.206256       32.602518        4.082884
     22000      11000.000    299.7363     -240.175557     -318.678167       78.502610       33.079787     -441.737887       16.552812       35.189158       34.220674        4.017289
     22100      11050.000    333.2898     -240.348460     -327.638916       87.290455       30.004877     -438.930062       26.369317       29.053787       24.277696        1.585470
     22200      11100.000    302.2114     -240.326387     -319.477237       79.150850       28.527952     -436.559240       15.483134       44.325350       26.806731        1.938836
     22300      11150.000    271.4841     -240.299857     -311.403064       71.103206       21.129062     -438.384968       33.185291       34.488815       27.894013       10.284722
     22400      11200.000    266.5420     -240.206960     -310.015794       69.808834       49.138773     -456.947550       29.701238       33.376442       25.689406        9.025897
     22500      11250.000    268.7339     -240.302358     -310.685262       70.382904        9.100486     -432.612778       47.628097       29.223261       28.625353        7.350318
     22600      11300.000    298.5859     -240.177388     -318.378706       78.201318       47.154157     -457.208283       26.435864       36.208857       25.982016        3.048683
     22700      11350.000    261.2640     -240.153683     -308.580187       68.426504       21.907767     -427.637327       27.935828       34.390672       28.098846        6.724026
     22800      11400.000    300.9602     -240.262189     -319.085335       78.823146       34.910310     -446.065933       18.334211       37.791915       33.898893        2.045269
     22900      11450.000    307.7711     -240.194041     -320.801005       80.606964       22.813361     -427.512253       27.297795       20.317439       32.256815        4.025839
     23000      11500.000    275.2722     -240.245583     -312.340916       72.095332       17.338774     -422.091776       34.518032       23.974003       30.994626        2.925427
     23100      11550.000    320.7988     -240.234977     -324.253966       84.018989       32.183047     -448.387781       30.466376       26.521941       34.289202        0.673250
     23200      11600.000    265.3965     -240.267392     -309.776215       69.508823       10.074327     -436.341234       46.952802       37.902250       30.491710        1.143929
     23300      11650.000    268.3364     -240.094506     -310.373292       70.278786       42.730879     -451.776261       43.583239       31.547317       22.787694        0.753841
     23400      11700.000    297.7254     -240.239088     -318.215019       77.975931       13.228721     -431.139171       31.444526       36.167429       29.525484        2.557993
     23500      11750.000    296.5068     -240.327976     -317.984772       77.656796       25.427425     -442.109352       44.971102       31.654214       21.852680        0.219159
     23600      11800.000    370.9546     -240.245856     -337.400929       97.155073       28.119291     -438.660086       22.998867       31.592068       18.317657        0.231273
     23700      11850.000    339.0302     -240.230782     -329.024679       88.793897       23.617212     -424.167124       19.812418       28.131022       23.218380        0.363412
     23800      11900.000    231.0319     -240.238704     -300.747251       60.508547       37.917960     -454.385495       27.362798       64.304120       22.933382        1.119984
     23900      11950.000    296.7572     -240.188726     -317.911085       77.722359       27.900660     -443.474748       39.968049       32.935395       23.542442        1.217117
     24000      12000.000    323.4494     -240.236002     -324.949195       84.713193       33.624990     -446.378170       26.136578       40.339624       20.967555        0.360228
     24100      12050.000    283.2542     -240.140777     -314.326638       74.185861       31.705783     -456.364324       56.077926       28.201537       24.354773        1.697667
     24200      12100.000    268.9895     -240.166447     -310.616296       70.449848       41.208294     -458.367158       30.260838       53.114222       22.270326        0.897182
     24300      12150.000    285.6602     -240.199838     -315.015835       74.815997       24.448136     -434.516922       35.410914       33.833120       24.794621        1.014296
     24400      12200.000    376.2041     -240.248760     -338.778701       98.529941       25.292541     -443.390930       15.392638       35.881571       24.003473        4.042007
     24500      12250.000    275.5217     -240.121854     -312.282533       72.160678       21.029534     -443.073137       27.866143       47.349669       28.458021        6.087237
     24600      12300.000    217.1369     -240.150285     -297.019648       56.869363       27.395323     -438.574387       27.240304       49.095448       37.188984        0.634680
     24700      12350.000    280.7547     -240.246367     -313.777584       73.531217       14.449102     -434.536438       19.938452       47.093989       36.121154        3.156157
     24800      12400.000    296.3622     -240.134367     -317.753266       77.618899       34.632840     -447.932871       23.481669       37.898128       32.910242        1.256726
     24900      12450.000    309.0073     -240.332332     -321.263063       80.930731       25.915190     -439.101045       21.993435       41.142732       27.791546        0.995080
     25000      12500.000    266.3274     -240.242467     -309.995092       69.752625       30.576264     -451.182506       45.716141       36.424176       25.830353        2.640480
     25100      12550.000    300.9645     -240.194855     -319.019135       78.824280       14.858491     -436.692771       48.007834       26.013500       27.916646        0.877164
     25200      12600.000    346.4995     -240.303351     -331.053490       90.750139       47.798009     -457.815594       26.325754       17.804251       33.841325        0.992766
     25300      12650.000    313.5397     -240.360128     -322.477931       82.117803       14.681717     -422.558422       20.387590       35.357936       24.465897        5.187351
     25400      12700.000    266.9044     -240.243506     -310.147245       69.903738       33.798833     -441.921422       24.496728       47.847753       24.228790        1.402073
     25500      12750.000    258.1354     -240.270532     -307.877627       67.607095       27.639067     -441.959141       27.533293       43.467891       32.800530        2.640732
     25600      12800.000    316.3962     -240.180101     -323.046024       82.865923       27.594102     -436.983397       32.451186       24.160090       26.310833        3.421161
     25700      12850.000    350.7541     -240.015942     -331.880399       91.864456       31.682888     -449.820347       30.149608       19.658145       28.309530        8.139778
     25800      12900.000    251.7564     -240.002279     -305.938675       65.936396       21.299018     -450.981512       28.201676       51.584299       39.441881        4.515962
     25900      12950.000    276.3670     -239.881252     -312.263306       72.382055       27.325905     -433.599174       28.613892       32.151919       28.050575        5.193576
     26000      13000.000    272.0205     -240.046297     -311.289981       71.243685       17.887927     -428.913596       20.494496       34.142487       39.340939        5.757764
     26100      13050.000    242.1658     -240.020628     -303.445202       63.424573       30.947559     -442.657140       26.679544       40.498227       39.032045        2.054563
     26200      13100.000    321.1689     -240.008425     -324.124357       84.115932       25.445119     -435.033710       30.399797       20.980243       28.353743        5.730452
     26300      13150.000    352.8124     -239.921205     -332.324748       92.403543       24.114138     -436.375325       20.965847       28.043332       30.230941        0.696319
     26400      13200.000    331.6441     -239.990130     -326.849564       86.859434       19.611426     -443.255886       24.574027       40.706737       30.677683        0.836449
     26500      13250.000    326.0457     -239.959211     -325.352389       85.393179       41.182671     -448.468669       14.978673       27.104098       34.565600        5.285237
     26600      13300.000    226.0917     -239.976050     -299.190716       59.214666       16.928205     -423.516688       33.885658       27.112613       44.892613        1.506885
     26700      13350.000    312.6752     -240.037425     -321.928790       81.891365       29.625355     -437.362010       20.829494       20.224342       42.326462        2.427568
     26800      13400.000    329.0858     -239.928945     -326.118344       86.189399       31.491154     -450.220159       23.011553       41.469625       26.827144        1.302339
     26900      13450.000    336.6100     -239.978710     -328.138751       88.160041       24.325414     -429.940721       21.193342       23.859121       31.920370        0.503723
     27000      13500.000    338.0922     -239.985785     -328.534025       88.548239       23.222622     -435.246218       20.819531       22.745017       35.874116        4.050907
     27100      13550.000    259.5064     -239.861083     -307.827267       67.966184       24.742787     -453.042118       37.707930       37.234851       37.434535        8.094747
     27200      13600.000    279.2455     -240.015642     -313.151582       73.135940       22.024427     -438.383384       30.988745       30.712378       36.898883        4.607368
     27300      13650.000    249.6505     -239.888712     -305.273570       65.384857       24.904768     -429.095900       43.916173       24.352603       27.913906        2.734881
     27400      13700.000    317.6746     -240.084966     -323.285718       83.200752       27.766058     -447.730646       16.362510       46.081591       27.981366        6.253402
     27500      13750.000    329.6993     -240.009889     -326.359976       86.350087       30.475756     -443.749479       34.819151       22.635539       28.873276        0.585780
     27600      13800.000    288.2078     -240.046460     -315.529694       75.483234       33.076562     -430.793943       27.114227       23.628515       29.582452        1.862493
     27700      13850.000    382.3869     -239.948835     -340.098107      100.149272       19.945581     -435.877849       11.799978       39.769041       23.870635        0.394507
     27800      13900.000    280.4737     -239.874373     -313.331992       73.457619       35.444622     -451.553815       36.854946       41.324652       21.814722        2.782879
     27900      13950.000    309.0845     -240.038965     -320.989931       80.950966       14.584536     -429.763030       38.788821       32.150527       22.764227        0.484988
     28000      14000.000    244.1225     -239.998341     -303.935393       63.937052       23.919641     -434.504558       46.794332       23.748172       34.358544        1.748476
     28100      14050.000    379.7777     -240.152183     -339.618085       99.465903       26.520721     -452.013359       29.409614       35.439787       20.444921        0.580231
     28200      14100.000    275.8344     -239.909426     -312.151997       72.242571       22.008282     -431.350194       35.186903       35.973857       24.878857        1.150299
     28300      14150.000    248.7320     -239.960838     -305.105140       65.144302       39.299824     -445.309411       39.420594       31.121315       30.150100        0.212437
     28400      14200.000    309.6722     -239.998077     -321.102950       81.104873       21.888791     -442.654840       35.053405       26.927185       36.069855        1.612654
     28500      14250.000    258.3514     -239.970325     -307.633990       67.663665       32.421315     -457.821032       32.701204       48.797241       33.127478        3.139804
     28600      14300.000    255.4751     -239.895713     -306.806076       66.910364       13.781039     -432.777926       53.339797       30.986204       27.572369        0.292441
     28700      14350.000    284.7452     -239.786642     -314.362997       74.576355       35.808214     -459.386839       37.856025       41.439797       28.728235        1.191571
     28800      14400.000    358.3403     -239.942272     -333.793582       93.851309       20.318130     -448.227465       35.282309       31.077564       26.397059        1.358821
     28900      14450.000    226.6812     -239.910637     -299.279708       59.369071       15.672722     -432.905081       49.434829       40.029322       23.890878        4.597623
     29000      14500.000    305.0479     -240.030571     -319.924310       79.893739       41.973405     -442.330841       33.367958       24.189283       20.784807        2.091077
     29100      14550.000    274.6546     -240.180055     -312.113632       71.933577       26.873815     -443.473613       37.448423       40.171731       20.120631        6.745380
     29200      14600.000    261.8952     -240.033131     -308.624942       68.591811       25.679902     -450.410960       36.256553       44.495531       33.252086        2.101946
     29300      14650.000    322.8827     -240.096348     -324.661138       84.564790       19.069777     -440.248365       40.733587       31.349592       20.879055        3.555215
     29400      14700.000    352.7217     -240.165077     -332.544862       92.379785       26.148558     -447.551273       31.623481       27.560983       23.586380        6.087008
     29500      14750.000    283.5879     -240.104191     -314.377440       74.273248       32.843285     -458.666621       28.707490       55.503143       24.718012        2.517252
     29600      14800.000    261.1487     -240.056226     -308.452519       68.396293       24.047945     -428.582822       39.148628       32.338477       23.426929        1.168324
     29700      14850.000    321.8597     -240.004206     -324.301043       84.296837       41.765860     -454.011024       18.702178       39.121627       29.378669        0.741646
     29800      14900.000    307.6805     -240.011619     -320.594863       80.583244       24.083689     -440.682024       48.099326       18.310602       28.642210        0.951334
     29900      14950.000    370.2640     -240.122795     -337.097003       96.974208       26.286153     -431.269479       21.096048       21.773267       24.691187        0.325820
     30000      15000.000    296.7541     -240.076382     -317.797939       77.721556       30.845323     -435.907252       21.656352       33.131793       29.770254        2.705592
     30100      15050.000    245.6813     -239.850936     -304.196245       64.345310       21.622230     -442.423672       27.426443       56.028587       32.732681        0.417486
     30200      15100.000    258.7127     -239.874015     -307.632300       67.758286       36.106192     -441.818957       30.903127       34.361153       29.292725        3.523459
     30300      15150.000    286.7542     -239.878061     -314.980585       75.102523       15.581927     -426.966923       33.199705       29.940718       32.227120        1.036869
     30400      15200.000    242.8524     -239.840280     -303.444665       63.604385       26.301969     -439.815729       31.320490       45.794513       32.371906        0.582186
     30500      15250.000    224.8236     -239.832134     -298.714688       58.882554       21.564025     -436.482664       42.632862       36.096259       36.799579        0.675252
     30600      15300.000    297.8374     -239.810490     -317.815758       78.005267       37.952044     -432.703364       25.625240       24.729276       26.026394        0.554652
     30700      15350.000    322.4905     -239.889036     -324.351082       84.462046       20.444685     -431.991633       19.986293       30.520101       32.896335        3.793137
     30800      15400.000    215.8674     -239.765050     -296.301925       56.536874       31.644014     -445.385270       53.458331       32.645343       27.742205        3.593452
     30900      15450.000    300.5200     -239.896117     -318.603979       78.707862       25.430945     -442.020258       29.807845       37.568638       27.057750        3.551101
     31000      15500.000    286.9649     -239.778791     -314.936503       75.157712       28.464260     -432.253206       23.567752       42.484855       21.706493        1.093342
     31100      15550.000    286.2105     -239.867126     -314.827259       74.960133       41.476707     -458.952973       21.653655       51.410431       26.383081        3.201840
     31200      15600.000    293.8943     -239.864248     -316.836797       76.972549       21.778203     -433.540347       23.069518       39.521163       30.373094        1.961570
     31300      15650.000    331.0118     -239.786753     -326.480601       86.693848       34.053103     -435.374195       21.869181       30.784218       21.336025        0.851066
     31400      15700.000    344.6326     -239.952030     -330.213228       90.261198       39.927304     -452.568158       28.233349       28.805529       20.907134        4.481615
     31500      15750.000    328.7064     -239.855106     -325.945137       86.090031       22.056790     -446.473210       17.809303       46.355692       32.998563        1.307724
     31600      15800.000    264.4611     -239.829035     -309.092883       69.263848       32.707071     -441.874965       24.754074       40.295424       32.337685        2.687828
     31700      15850.000    314.7516     -239.865895     -322.301103       82.435208       24.793602     -445.734485       25.918864       42.039609       29.217376        1.463932
     31800      15900.000    327.3067     -239.675370     -325.398821       85.723451       23.499362     -452.209709       33.921503       37.128807       30.653921        1.607295
     31900      15950.000    378.3300     -239.941861     -339.028584       99.086723       24.525117     -443.180372       24.601507       27.576129       26.630020        0.819015
     32000      16000.000    308.5296     -239.747116     -320.552749       80.805633       24.538593     -430.802744       29.804594       26.073208       28.466293        1.367307
     32100      16050.000    227.4376     -239.677255     -299.244440       59.567185       41.431060     -450.948784       51.195730       34.704521       23.322497        1.050536
     32200      16100.000    315.3305     -239.671047     -322.257864       82.586817       15.970848     -437.329733       42.962630       22.360683       31.397521        2.380187
     32300      16150.000    232.5310     -239.512669     -300.413827       60.901159       24.023936     -450.818712       56.378460       40.296012       28.109117        1.597361
     32400      16200.000    240.9230     -239.637904     -302.736974       63.099070       16.891841     -441.699155       39.648240       49.364915       31.642676        1.414509
     32500      16250.000    248.6665     -239.488209     -304.615356       65.127147       35.034914     -451.545731       36.473960       47.247119       25.795392        2.378991
     32600      16300.000    275.1871     -239.398748     -311.471771       72.073024       29.167688     -436.174878       44.077798       27.325065       23.796932        0.335625
     32700      16350.000    310.3781     -239.746825     -321.036575       81.289750       18.137311     -441.330335       33.203347       37.012937       31.077864        0.862301
     32800      16400.000    283.1239     -239.551664     -313.703380       74.151716       40.474899     -458.823487       37.408265       29.354176       34.618530        3.264236
     32900      16450.000    246.9493     -239.664062     -304.341464       64.677402       19.559207     -435.573904       47.268753       26.388497       34.252673        3.763311
     33000      16500.000    255.2316     -239.577380     -306.423961       66.846580       32.264192     -452.105602       40.116115       42.825599       29.135470        1.340266
     33100      16550.000    328.8381     -239.679298     -325.803825       86.124528       16.628878     -445.142086       38.317327       38.471984       23.738937        2.181135
     33200      16600.000    371.1919     -239.738408     -336.955645       97.217237       30.775725     -445.656565       21.274994       30.278564       26.099878        0.271760
     33300      16650.000    304.1805     -239.548786     -319.215343       79.666557       26.488204     -439.445445       35.059564       29.313219       28.738146        0.630969
     33400      16700.000    326.1410     -239.379877     -324.798032       85.418155       27.552900     -445.280739       38.068113       31.273333       22.330194        1.258167
     33500      16750.000    337.4120     -239.583138     -327.953208       88.370071       27.793989     -439.906737       28.532937       31.681624       20.943272        3.001707
     33600      16800.000    286.3949     -239.550472     -314.558904       75.008432       19.741672     -431.207023       34.542981       29.361837       31.754244        1.247385
     33700      16850.000    323.5537     -239.713376     -324.453893       84.740517       36.340430     -461.833977       28.727235       44.417125       23.395833        4.499462
     33800      16900.000    348.0174     -239.395651     -330.543358       91.147707       20.096657     -446.605381       27.595860       43.306512       22.800877        2.262117
     33900      16950.000    285.5383     -239.595667     -314.379740       74.784073       29.052206     -434.836506       26.084467       32.147229       30.639907        2.532956
     34000      17000.000    303.6369     -239.753719     -319.277912       79.524193       33.712851     -436.190141       27.845682       26.970529       24.292377        4.090791
     34100      17050.000    280.8873     -239.657532     -313.223471       73.565939       39.478763     -446.535106       29.996031       36.278403       27.326305        0.232134
     34200      17100.000    298.0272     -239.667653     -317.722650       78.054996       25.832574     -428.082074       25.006393       31.965307       25.821810        1.733341
     34300      17150.000    298.6504     -239.563445     -317.781659       78.218214       21.080238     -432.652505       27.622128       36.513416       28.866290        0.788774
     34400      17200.000    322.0846     -239.698764     -324.054516       84.355752       28.181732     -453.908497       33.174423       41.063070       26.709996        0.724760
     34500      17250.000    249.4909     -239.586258     -304.929319       65.343061       25.961392     -443.953417       27.835926       49.915527       31.068140        4.243113
     34600      17300.000    265.5932     -239.517649     -309.077997       69.560348       21.010663     -435.842798       51.237719       28.899116       23.482160        2.135144
     34700      17350.000    327.9087     -239.654089     -325.535199       85.881110       28.848364     -449.827524       38.180514       29.042379       24.827083        3.393985
     34800      17400.000    346.9628     -239.603591     -330.475093       90.871502       21.495444     -437.359115       26.988444       27.148187       27.815751        3.436196
     34900      17450.000    261.7148     -239.459109     -308.003679       68.544569       32.644250     -431.645845       32.459322       33.675308       23.611166        1.252120
     35000      17500.000    281.7820     -239.648241     -313.448522       73.800282       28.382850     -438.213119       28.283481       46.359305       21.570730        0.168229
     35100      17550.000    321.6284     -239.746276     -323.982554       84.236279       31.635022     -455.941608       23.653450       50.973453       22.895243        2.801886
     35200      17600.000    278.7706     -239.612650     -312.624221       73.011571       26.448197     -440.706716       44.116025       27.939058       27.200310        2.378907
     35300      17650.000    286.3522     -239.512812     -314.510046       74.997233       19.207359     -441.416076       47.354706       38.247305       20.819795        1.276867
     35400      17700.000    303.7282     -239.469617     -319.017723       79.548105       31.966404     -453.538006       41.462151       28.658102       30.903521        1.530105
     35500      17750.000    273.9384     -239.559369     -311.305369       71.746000       28.743907     -438.374057       26.270633       42.273275       29.020831        0.760042
     35600      17800.000    283.5657     -239.617088     -313.884523       74.267435       43.740246     -442.947573       36.846032       18.952232       28.344793        1.179746
     35700      17850.000    344.5237     -239.497642     -329.730316       90.232674       30.354535     -448.280793       23.582708       39.467235       22.485610        2.660389
     35800      17900.000    315.1392     -239.557445     -322.094147       82.536702       18.836418     -440.788492       43.506738       25.246562       29.709953        1.394674
     35900      17950.000    283.6999     -239.585443     -313.888036       74.302593       28.958072     -441.090868       38.606492       22.553716       30.123135        6.961418
     36000      18000.000    295.0573     -239.587511     -316.864656       77.277145       23.767182     -443.893737       28.102615       35.830874       34.877891        4.450519
     36100      18050.000    211.2055     -239.623943     -294.939831       55.315888       24.474183     -445.902836       51.682351       36.932983       35.532893        2.340595
     36200      18100.000    272.9487     -239.619373     -311.106167       71.486795       20.692503     -443.254936       33.493715       43.610278       32.865319        1.486955
     36300      18150.000    387.4878     -239.510511     -340.995733      101.485221       23.254975     -437.607260       32.669968       14.342730       25.614451        0.729404
     36400      18200.000    354.2111     -239.619637     -332.389491       92.769854       31.870868     -451.595078       26.493991       37.448609       23.156791        0.235328
     36500      18250.000    277.2841     -239.604270     -312.226516       72.622246       30.804627     -441.608863       37.320585       31.779650       28.754774        0.722711
     36600      18300.000    247.3740     -239.447494     -304.236111       64.788618       27.619380     -430.102302       50.786273       23.273875       23.006895        1.179768
     36700      18350.000    310.8663     -239.674407     -321.092031       81.417624       43.153170     -459.124492       31.380403       34.448523       27.979052        1.071313
     36800      18400.000    372.4890     -239.743070     -337.300021       97.556951       24.835323     -451.144039       24.431780       41.030571       21.673552        1.872792
     36900      18450.000    246.7693     -239.549514     -304.179762       64.630249       35.718994     -439.543294       42.986995       29.254520       26.259788        1.143235
     37000      18500.000    311.1724     -239.453332     -320.951113       81.497781       33.727892     -451.703167       35.532842       35.633931       23.229420        2.627970
     37100      18550.000    333.6167     -239.592504     -326.968574       87.376069       26.443607     -440.982755       33.935618       26.412659       25.767216        1.455080
     37200      18600.000    318.3866     -239.686858     -323.074070       83.387212       38.909695     -434.482448       25.844637       16.416577       27.694675        2.542795
     37300      18650.000    357.6318     -239.594240     -333.260013       93.665773       20.053418     -438.396804       26.537657       28.837295       28.882571        0.825850
     37400      18700.000    250.8466     -239.479380     -305.177504       65.698124       18.088763     -448.901316       50.827496       42.998717       30.993686        0.815150
     37500      18750.000    293.3905     -239.549980     -316.390600       76.840620       30.900630     -447.004644       44.441769       24.077349       27.471880        3.722416
     37600      18800.000    261.4379     -239.693891     -308.165944       68.472053       19.455666     -428.671383       41.112947       17.790968       37.109356        5.036503
     37700      18850.000    278.5523     -239.590627     -312.545016       72.954389       22.228794     -442.459237       23.203784       47.124900       33.113336        4.243406
     37800      18900.000    261.8846     -239.544130     -308.133166       68.589036       24.350802     -451.561979       33.420891       37.991432       40.902649        6.763038
     37900      18950.000    246.6679     -239.523317     -304.127011       64.603694       25.169583     -426.578811       24.682643       39.076796       29.831937        3.690841
     38000      19000.000    354.4766     -239.880545     -332.719934       92.839389       26.237560     -432.692746       17.736488       25.745450       24.612400        5.640915
     38100      19050.000    243.6261     -239.915327     -303.722351       63.807024       29.886689     -448.434187       40.557386       43.233323       29.497760        1.536678
     38200      19100.000    310.9388     -239.808038     -321.244631       81.436593       20.867668     -426.559329       28.071279       19.097378       35.603068        1.675305
     38300      19150.000    318.2880     -239.705618     -323.067008       83.361390       41.467809     -449.803810       32.061854       28.330084       22.556693        2.320362
     38400      19200.000    269.9365     -239.642805     -310.340687       70.697882       26.168815     -448.226335       41.802158       48.641500       20.831128        0.442048
     38500      19250.000    335.2481     -239.651999     -327.455344       87.803346       21.293779     -438.451942       39.155467       25.885291       24.213973        0.448088
     38600      19300.000    305.9868     -239.804852     -319.944498       80.139646       25.384483     -431.917756       28.912475       30.396259       25.753066        1.526976
     38700      19350.000    320.5011     -239.790246     -323.731273       83.941027       32.944380     -452.450865       27.112833       46.225718       21.877201        0.559460
     38800      19400.000    258.4004     -239.718285     -307.394801       67.676516       24.100549     -443.748391       34.143360       42.186106       34.149633        1.773941
     38900      19450.000    373.1724     -239.716064     -337.451985       97.735920       30.370556     -439.861460       23.768796       26.311454       21.421241        0.537429
     39000      19500.000    368.7106     -239.807643     -336.375013       96.567370       26.492818     -442.710058       25.260965       21.501863       30.440449        2.638950
     39100      19550.000    311.1872     -239.737534     -321.239190       81.501656       26.367274     -446.956708       32.793084       33.548934       31.718027        1.290199
     39200      19600.000    245.8511     -239.706627     -304.096398       64.389771       29.581482     -442.776838       48.305921       33.437277       27.181634        0.174126
     39300      19650.000    297.7155     -239.877861     -317.851221       77.973360       33.755595     -448.564440       33.325903       33.656768       28.726520        1.248435
     39400      19700.000    280.4108     -239.807904     -313.249059       73.441156       14.107761     -444.151218       34.438220       40.568696       39.799026        1.988456
     39500      19750.000    292.0877     -239.640524     -316.139912       76.499389       27.026041     -443.310972       43.142454       17.379696       35.779403        3.843466
     39600      19800.000    299.0965     -239.888501     -318.223548       78.335047       16.979139     -423.345608       39.644781       18.413863       26.973565        3.110712
     39700      19850.000    250.6287     -239.901691     -305.542743       65.641051       39.735425     -460.017304       31.174681       46.287212       31.780062        5.497181
     39800      19900.000    310.9256     -240.018728     -321.451870       81.433142       16.992990     -441.801530       26.471153       27.897501       43.737480        5.250535
     39900      19950.000    285.3124     -239.831406     -314.556313       74.724907       25.621136     -434.493658       37.608331       13.101208       37.875541        5.731129
     40000      20000.000    293.5162     -239.662446     -316.535987       76.873541       16.578269     -435.935876       33.534917       35.199115       32.320919        1.766668
     40100      20050.000    266.6745     -239.791050     -309.634587       69.843537       22.219980     -446.110017       28.381925       43.846369       38.383176        3.643979
     40200      20100.000    348.5630     -239.945809     -331.236409       91.290599       22.750889     -441.010145       18.515932       25.713074       39.640624        3.153217
     40300      20150.000    327.1357     -239.834019     -325.512678       85.678659       21.412185     -429.370896       25.403945       15.296629       40.061321        1.684138
     40400      20200.000    224.4196     -239.814344     -298.591089       58.776746       33.531117     -441.553167       36.318380       35.635963       34.385960        3.090658
     40500      20250.000    325.8173     -239.878788     -325.212167       85.333379       20.159980     -441.609029       23.264753       34.307970       34.554186        4.109974
     40600      20300.000    279.3975     -239.888528     -313.064293       73.175766       41.814482     -447.407274       31.722147       25.195921       32.407847        3.202584
     40700      20350.000    288.6409     -239.898163     -315.494836       75.596673       16.584037     -439.269009       17.025789       48.693808       34.769787        6.700753
     40800      20400.000    311.5407     -240.035618     -321.629873       81.594255       28.266732     -449.709527       38.820798       30.435959       25.972705        4.583460
     40900      20450.000    325.6968     -239.913098     -325.214915       85.301817       24.400607     -436.400342       37.689039       21.980696       25.881858        1.233227
     41000      20500.000    366.2744     -239.770727     -335.700041       95.929314       32.736762     -434.758637       19.541410       22.941937       23.622904        0.215583
     41100      20550.000    275.3355     -239.838027     -311.949931       72.111904       26.895701     -445.649946       35.365066       41.229828       28.181013        2.028409
     41200      20600.000    281.1296     -239.849668     -313.479064       73.629397       38.018296     -446.302489       33.714887       32.036739       28.534934        0.518568
     41300      20650.000    261.6738     -239.817683     -308.351517       68.533834       22.936905     -428.386770       35.542736       36.879155       22.122452        2.554005
     41400      20700.000    316.0119     -239.841224     -322.606499       82.765275       36.096085     -454.695895       11.344691       64.059397       20.136137        0.453085
     41500      20750.000    308.7655     -239.796304     -320.663697       80.867393       25.796539     -442.143100       35.566212       35.233946       24.197553        0.685152
     41600      20800.000    289.9537     -239.719781     -315.660280       75.940499       26.882999     -440.921602       23.480591       48.994766       23.584125        2.318841
     41700      20850.000    343.8010     -239.829322     -329.872728       90.043406       34.713693     -442.442601       20.044499       27.239789       30.282223        0.289669
     41800      20900.000    258.0408     -239.764102     -307.346437       67.582334       19.260357     -432.173315       47.599232       26.790303       29.319513        1.857473
     41900      20950.000    296.2059     -239.750052     -317.328031       77.577979       34.314346     -438.707995       31.595971       27.578128       26.990318        0.901200
     42000      21000.000    283.2838     -239.772356     -313.965973       74.193617       21.521632     -445.889321       29.249536       49.164648       27.275163        4.712370
     42100      21050.000    336.3754     -239.729352     -327.827935       88.098583       21.964459     -438.559419       23.364342       31.776802       32.207749        1.418131
     42200      21100.000    258.1601     -239.748367     -307.361944       67.613577       21.440902     -431.626915       48.770531       17.896523       33.132749        3.024266
     42300      21150.000    289.7798     -239.789009     -315.683947       75.894938       15.875040     -424.802725       39.818519       12.965104       40.184955        0.275161
     42400      21200.000    286.0336     -239.971783     -314.885582       74.913799       24.986897     -446.554844       22.081082       39.368268       41.658342        3.574674
     42500      21250.000    326.6236     -239.926187     -325.470740       85.544553       32.725863     -439.470708       26.953389       27.191200       25.597540        1.531976
     42600      21300.000    289.1854     -239.931803     -315.671066       75.739263       20.934712     -423.199704       22.726210       29.194405       31.061909        3.611401
     42700      21350.000    254.3795     -239.751089     -306.374498       66.623410       22.922355     -437.531555       34.126715       42.967272       29.823571        1.317144
     42800      21400.000    316.2160     -239.765789     -322.584534       82.818745       31.375364     -449.805625       32.889462       27.211244       32.469376        3.275646
     42900      21450.000    272.6882     -239.928875     -311.347441       71.418566       25.240218     -441.369861       38.978489       31.448243       31.827740        2.527730
     43000      21500.000    369.1485     -239.815074     -336.497124       96.682050       27.902726     -441.678524       21.424389       22.874377       32.080733        0.899175
     43100      21550.000    267.5211     -239.887512     -309.952784       70.065272       27.983623     -444.537226       45.697996       29.890696       29.688194        1.323932
     43200      21600.000    312.7788     -239.989847     -321.908368       81.918520       23.847955     -440.143182       33.858316       26.876413       30.109333        3.542797
     43300      21650.000    299.7881     -239.727696     -318.243874       78.516179       34.003054     -443.370099       32.591269       27.640807       29.960753        0.930342
     43400      21700.000    253.7179     -239.818973     -306.269095       66.450122       24.045429     -455.670491       28.893575       64.820537       31.127990        0.513864
     43500      21750.000    271.6435     -239.955412     -311.100346       71.144934       30.091511     -455.755424       34.773920       47.076522       30.904152        1.808972
     43600      21800.000    237.3774     -239.799492     -301.969949       62.170457       17.429254     -428.493329       41.661978       27.967450       36.273677        3.191021
     43700      21850.000    270.4708     -239.717148     -310.554948       70.837800       34.773359     -445.442759       34.889708       30.124714       26.788639        8.311391
     43800      21900.000    266.1583     -239.894726     -309.603061       69.708335       28.600526     -459.311198       36.891195       56.082644       21.872742        6.261029
     43900      21950.000    275.7557     -239.717319     -311.939268       72.221949       33.327209     -441.897750       23.928574       38.242774       31.410239        3.049686
     44000      22000.000    356.4059     -239.824731     -333.169435       93.344704       35.380842     -450.341677       41.516070       15.758416       23.101499        1.415415
     44100      22050.000    275.5094     -239.726387     -311.883825       72.157438       27.726587     -447.868927       30.842432       47.408213       28.296094        1.711776
     44200      22100.000    347.7515     -239.755944     -330.833997       91.078053       24.961650     -432.652285       18.748957       28.151741       28.872843        1.083097
     44300      22150.000    309.3369     -239.631350     -320.648407       81.017057       30.913301     -442.098851       28.053362       27.936219       30.588469        3.959093
     44400      22200.000    290.2855     -239.736917     -315.764320       76.027403       25.251787     -449.502288       22.511237       52.085581       30.363465        3.525898
     44500      22250.000    320.4678     -239.741363     -323.673653       83.932290       23.511320     -435.356563       24.794192       30.589987       32.177730        0.609682
     44600      22300.000    301.5739     -239.685356     -318.669238       78.983882       17.918551     -430.289572       24.271757       28.480300       36.534273        4.415454
     44700      22350.000    350.6066     -239.681160     -331.506972       91.825812       26.043507     -449.868504       32.577981       27.128479       30.763080        1.848487
     44800      22400.000    303.0060     -239.783569     -319.142519       79.358950       23.420641     -442.724215       17.247095       37.009671       38.147663        7.756625
     44900      22450.000    345.4074     -239.762087     -330.226222       90.464135       20.807852     -438.095594       20.259282       32.618138       31.607576        2.576524
     45000      22500.000    256.5462     -239.773000     -306.963876       67.190876       28.439808     -437.797190       30.042109       36.278312       35.110490        0.962595
     45100      22550.000    303.8696     -239.794025     -319.379165       79.585140       16.169867     -442.546446       22.601652       50.260568       33.050108        1.085087
     45200      22600.000    295.8835     -239.699308     -317.192844       77.493537       40.072456     -453.614964       25.563774       27.255146       42.023201        1.507543
     45300      22650.000    309.9740     -239.751280     -320.935211       81.183930       19.168150     -420.029873       25.193126       30.907125       21.967314        1.858947
     45400      22700.000    309.8548     -239.836743     -320.989436       81.152693       41.976292     -451.227871       23.829133       32.862497       29.910933        1.659580
     45500      22750.000    309.0895     -239.816086     -320.768359       80.952273       21.194822     -436.046045       34.905435       30.333633       27.371934        1.471862
     45600      22800.000    310.4761     -239.836190     -321.151622       81.315432       40.747703     -443.603127       23.602314       31.854748       25.377417        0.869322
     45700      22850.000    263.9282     -239.640663     -308.764926       69.124262       20.545629     -438.971912       24.150081       51.586523       30.206359        3.718394
     45800      22900.000    332.2803     -239.631273     -326.657335       87.026061       43.317607     -453.299181       26.021291       42.505310       13.803649        0.993990
     45900      22950.000    265.0089     -239.629268     -309.036567       69.407300       25.371457     -425.727543       36.888693       24.506172       23.399795        6.524859
     46000      23000.000    287.5152     -239.643086     -314.944907       75.301821       45.590511     -438.759198       24.474111       30.354446       20.351993        3.043230
     46100      23050.000    231.1324     -239.588410     -300.123268       60.534858       28.765737     -442.310016       44.575021       40.880821       25.016160        2.949010
     46200      23100.000    398.5988     -239.769668     -344.164925      104.395257       39.988293     -446.284724       16.006347       21.165702       20.997419        3.962038
     46300      23150.000    310.8113     -239.718918     -321.122136       81.403219       27.282907     -445.923991       40.513217       27.866645       27.883663        1.255423
     46400      23200.000    326.0310     -239.557586     -324.946910       85.389325       18.267636     -445.864692       37.197705       30.416463       29.677307        5.358670
     46500      23250.000    339.7649     -239.771004     -328.757319       88.986314       32.046333     -455.689317       23.411499       38.801814       31.849764        0.822588
     46600      23300.000    279.0595     -239.680186     -312.767432       73.087246       19.614917     -430.598297       26.506559       28.108113       43.023198        0.578079
     46700      23350.000    330.8501     -239.767009     -326.418482       86.651473       30.630746     -441.882138       29.606545       26.378988       27.010215        1.837162
     46800      23400.000    287.6175     -239.569467     -314.898098       75.328630       23.258943     -445.348094       36.667002       33.187490       31.856106        5.480454
     46900      23450.000    378.4318     -239.669280     -338.782671       99.113391       19.324027     -438.412837       24.240855       28.338165       27.073735        0.653384
     47000      23500.000    263.3312     -239.623000     -308.590905       68.967905       35.700766     -448.313904       29.454895       33.984186       36.399916        4.183236
     47100      23550.000    210.7157     -239.470317     -294.657925       55.187608       25.737503     -453.586450       36.515678       64.693378       31.094579        0.887387
     47200      23600.000    307.3872     -239.576289     -320.082699       80.506410       20.091723     -441.489842       37.402542       32.177576       31.303713        0.431590
     47300      23650.000    311.5954     -239.690802     -321.299371       81.608569       22.750799     -439.033672       23.984126       34.299714       31.349529        5.350134
     47400      23700.000    286.9693     -239.525983     -314.684852       75.158869       21.278301     -445.195186       31.204556       46.038783       30.702547        1.286146
     47500      23750.000    266.8339     -239.484412     -309.369691       69.885279       40.066060     -453.714594       33.705085       34.168983       35.637614        0.767161
     47600      23800.000    314.6550     -239.545533     -321.955423       82.409890       12.071924     -420.757134       24.602627       30.217282       27.947536        3.962342
     47700      23850.000    336.6457     -239.628960     -327.798334       88.169374       24.509665     -451.099978       43.875277       26.156797       27.017894        1.742011
     47800      23900.000    277.7280     -239.632441     -312.370960       72.738519       23.104508     -457.562231       33.882490       50.195488       36.401139        1.607647
     47900      23950.000    254.2985     -239.895890     -306.498082       66.602191       26.788882     -446.860855       35.175816       39.604718       30.995614        7.797743
     48000      24000.000    307.6925     -239.759765     -320.346134       80.586369       18.007280     -444.471710       47.284753       30.083978       28.521264        0.228302
     48100      24050.000    301.0327     -239.615204     -318.457352       78.842148       36.542950     -461.887289       38.005899       44.268759       23.748841        0.863488
     48200      24100.000    347.5135     -239.540256     -330.555982       91.015726       26.968290     -436.372753       24.652576       28.533516       25.151086        0.511302
     48300      24150.000    290.5043     -239.609857     -315.694551       76.084694       17.292594     -423.578616       23.784693       33.776336       31.766425        1.264018
     48400      24200.000    305.8734     -239.727198     -319.837151       80.109952       34.728617     -456.794927       34.674059       36.994133       26.870824        3.690143
     48500      24250.000    365.4796     -239.748426     -335.469581       95.721155       18.099578     -442.812031       27.900416       38.170941       23.009331        0.162183
     48600      24300.000    236.5848     -239.616042     -301.578911       61.962869       47.701696     -444.908736       26.071400       31.222306       31.167284        7.167139
     48700      24350.000    223.4311     -239.610394     -298.128247       58.517853       10.959808     -437.512482       47.098792       46.597168       32.846374        1.882093
     48800      24400.000    224.4666     -239.518803     -298.307858       58.789055       41.433384     -462.543799       37.932146       41.261738       42.779700        0.828973
     48900      24450.000    315.5866     -239.685924     -322.339801       82.653876       21.820842     -422.868971       23.166157       26.117398       27.640845        1.783929
     49000      24500.000    336.2093     -239.766582     -327.821660       88.055078       22.324956     -427.537015       25.361531       19.904237       29.325272        2.799360
     49100      24550.000    243.7588     -239.694062     -303.535841       63.841779       22.004811     -447.222680       31.925813       47.910220       41.216955        0.629040
     49200      24600.000    352.7088     -239.776977     -332.153375       92.376398       26.603708     -436.781712       25.521121       23.054075       25.676675        3.772758
     49300      24650.000    253.6122     -239.637014     -306.059461       66.422447       34.469738     -439.074067       34.015751       31.178742       31.775688        1.574687
     49400      24700.000    291.2460     -239.663746     -315.942698       76.278952       28.679007     -445.226906       29.192474       42.454753       27.185567        1.772407
     49500      24750.000    233.5133     -239.671753     -300.830181       61.158429       23.049318     -447.367199       30.378319       53.218992       34.396684        5.493705
     49600      24800.000    325.5046     -239.718887     -324.970352       85.251465       24.261698     -432.114308       31.490347       24.874618       24.944417        1.572877
     49700      24850.000    273.5950     -239.848192     -311.504237       71.656046       38.783171     -446.371141       21.652560       42.407461       28.949177        3.074535
     49800      24900.000    283.6508     -239.860411     -314.150127       74.289716       25.570403     -443.508683       46.871968       32.598405       23.257808        1.059972
     49900      24950.000    302.1578     -239.942849     -319.079654       79.136805       33.125167     -437.316553       21.830207       35.071626       26.583156        1.626743
     50000      25000.000    324.1238     -239.811695     -324.701531       84.889835       17.854693     -420.297707       24.500571       20.720543       32.071473        0.448897
     50100      25050.000    235.4273     -239.875294     -301.535016       61.659723       44.039975     -452.770396       27.484172       39.102594       39.214595        1.394044
     50200      25100.000    276.3631     -239.695949     -312.076979       72.381030       21.554316     -437.454030       23.283003       46.265551       32.069973        2.204208
     50300      25150.000    279.5558     -239.804575     -313.021809       73.217234       24.273214     -436.763185       25.582310       32.498090       40.114711        1.273050
     50400      25200.000    302.2908     -239.794915     -318.966564       79.171648       27.457948     -446.357796       23.872298       34.008447       36.912083        5.140457
     50500      25250.000    292.3392     -239.686931     -316.252194       76.565262       25.220277     -436.301493       23.024475       40.860703       30.377810        0.566036
     50600      25300.000    271.9030     -239.652688     -310.865606       71.212918       18.513598     -422.627057       22.449994       27.840600       40.767206        2.190054
     50700      25350.000    300.0068     -239.487989     -318.061434       78.573445       20.406809     -436.172613       19.914099       36.115360       39.982154        1.692756
     50800      25400.000    300.4899     -239.752853     -318.452840       78.699987       27.876453     -447.290004       13.918997       35.735307       50.039967        1.266441
     50900      25450.000    262.2146     -239.749069     -308.424523       68.675454       28.205518     -448.084724       37.213558       30.155277       40.255263        3.830585
     51000      25500.000    278.8861     -239.558803     -312.600627       73.041824       19.128050     -429.008745       27.166478       33.937763       32.572182        3.603645
     51100      25550.000    375.7700     -239.724150     -338.140409       98.416259       24.428588     -456.439254       15.397681       48.466072       29.448015        0.558489
     51200      25600.000    271.3922     -239.733014     -310.812143       71.079129       26.622280     -449.903883       22.927390       47.122051       38.297295        4.122724
     51300      25650.000    314.5167     -239.730647     -322.104316       82.373669       27.428763     -440.831139       29.830121       30.347153       29.144012        1.976775
     51400      25700.000    278.8445     -239.660045     -312.690986       73.030941       25.139500     -440.663494       34.377051       33.223463       31.490426        3.742068
     51500      25750.000    258.1229     -239.564999     -307.168833       67.603835       22.526529     -439.745685       39.706268       36.683685       28.187698        5.472672
     51600      25800.000    283.3221     -239.735636     -313.939264       74.203628       41.979327     -444.999069       15.928240       45.283753       25.900487        1.967997
     51700      25850.000    269.4363     -239.517415     -310.084285       70.566869       20.949522     -441.227255       32.302820       47.452524       27.889613        2.548492
     51800      25900.000    319.3945     -239.494625     -323.145817       83.651191       25.690254     -452.883661       37.015817       45.871899       20.722491        0.437383
     51900      25950.000    330.5289     -239.529604     -326.096970       86.567365       16.138112     -435.640176       32.713559       24.445172       33.687288        2.559075
     52000      26000.000    258.5665     -239.632601     -307.352601       67.720000       44.926584     -442.572830       30.000263       28.768058       28.382818        3.142506
     52100      26050.000    289.0530     -239.372635     -315.077234       75.704599       21.123147     -436.154886       42.839370       24.171094       24.438860        8.505181
     52200      26100.000    304.6414     -239.706114     -319.493385       79.787272       28.872884     -452.335474       29.705228       31.384732       37.893176        4.986070
     52300      26150.000    284.1415     -239.602709     -314.020945       74.418236       21.410865     -435.292367       36.536185       21.123508       37.648300        4.552564
     52400      26200.000    266.0284     -239.528909     -309.203221       69.674312       19.862114     -433.273970       46.374677       17.390984       33.719152        6.723822
     52500      26250.000    310.4328     -239.711797     -321.015888       81.304091       22.997762     -457.280632       20.918595       50.544209       34.964059        6.840120
     52600      26300.000    284.9508     -239.622767     -314.252965       74.630198       19.292442     -442.631726       45.273443       18.787553       35.186392        9.838931
     52700      26350.000    335.5317     -239.614917     -327.492537       87.877619       24.080470     -439.905941       23.635305       22.444231       32.539057        9.714341
     52800      26400.000    256.0778     -239.466919     -306.535115       67.068196       25.022253     -443.485728       23.577743       50.549085       35.500551        2.300982
     52900      26450.000    295.9488     -239.389817     -316.900448       77.510632       24.175288     -443.512425       40.968854       33.862306       25.027495        2.578032
     53000      26500.000    285.7310     -239.496889     -314.331417       74.834528       20.127720     -434.927819       32.366729       28.265870       35.674849        4.161234
     53100      26550.000    299.4397     -239.485432     -317.910352       78.424920       31.688037     -450.970953       33.005695       33.288337       30.558149        4.520383
     53200      26600.000    232.6887     -239.517065     -300.459525       60.942460       30.097552     -442.752725       37.434260       34.447340       34.510974        5.803074
     53300      26650.000    274.2593     -239.527818     -311.357869       71.830051       32.894300     -449.424185       33.760558       39.437293       30.042640        1.931525
     53400      26700.000    311.3480     -239.721140     -321.264928       81.543788       21.079235     -432.049034       30.825557       16.996260       40.294446        1.588607
     53500      26750.000    289.1922     -239.665584     -315.406641       75.741057       49.721853     -451.197387       31.225717       15.970902       30.433387        8.438888
     53600      26800.000    292.0548     -239.522998     -316.013778       76.490780       24.658228     -439.929191       23.071034       40.357486       32.185978        3.642686
     53700      26850.000    247.0051     -239.533730     -304.225754       64.692024       31.672515     -436.274730       27.472296       39.241554       25.740725        7.921885
     53800      26900.000    273.8185     -239.652833     -311.367413       71.714580       23.246557     -450.809206       32.804976       36.893193       33.980838       12.516229
     53900      26950.000    365.7155     -239.662245     -335.445166       95.782921       26.514459     -446.663639       28.419106       21.272829       33.269570        1.742509
     54000      27000.000    289.8066     -239.514482     -315.416434       75.901952       19.945886     -432.394036       40.454068       26.757332       27.337194        2.483122
     54100      27050.000    259.3044     -239.412881     -307.326146       67.913266       27.502557     -448.453593       47.822144       30.592932       33.626844        1.582970
     54200      27100.000    403.8233     -239.668646     -345.432224      105.763578       28.232889     -439.878404       19.596172       21.247571       24.612334        0.757214
     54300      27150.000    284.8366     -239.458660     -314.058943       74.600284       30.953183     -442.317322       39.583181       20.386370       32.207149        5.128496
     54400      27200.000    280.3376     -239.444965     -312.866947       73.421982       27.796455     -451.947811       33.230535       45.082967       32.476844        0.494063
     54500      27250.000    293.0334     -239.569293     -316.316372       76.747079       27.804888     -445.462885       36.325544       34.105321       30.152523        0.758238
     54600      27300.000    348.4392     -239.613334     -330.871491       91.258157       21.935768     -433.858244       25.310123       29.447909       23.351772        2.941180
     54700      27350.000    362.4007     -239.640821     -334.555594       94.914773       28.915599     -442.765713       28.238717       24.989503       22.911789        3.154511
     54800      27400.000    263.7251     -239.501433     -308.572496       69.071063       27.022807     -449.167390       39.288009       35.889502       30.850862        7.543714
     54900      27450.000    311.8151     -239.575247     -321.241360       81.666113       30.498071     -451.049360       23.776425       46.874433       25.036221        3.622850
     55000      27500.000    315.1373     -239.704215     -322.240423       82.536208       20.641630     -432.792574       21.966701       30.016609       37.320524        0.606686
     55100      27550.000    286.1753     -239.512352     -314.463253       74.950902       30.713599     -455.601332       34.140602       45.404899       29.776691        1.102287
     55200      27600.000    324.5925     -239.584091     -324.596683       85.012593       25.720562     -445.171876       28.809064       30.657279       31.343191        4.045097
     55300      27650.000    360.8297     -239.542355     -334.045673       94.503318       19.329275     -437.122443       27.457570       25.345677       27.548117        3.396132
     55400      27700.000    241.5571     -239.510346     -302.775503       63.265157       38.632419     -458.555358       27.022270       46.860857       36.416757        6.847553
     55500      27750.000    272.6034     -239.294482     -310.690827       71.396345       25.291686     -445.200884       41.586859       28.922784       33.598100        5.110627
     55600      27800.000    320.5604     -239.308427     -323.264988       83.956560       35.658622     -441.500669       23.126248       23.735389       33.966077        1.749346
     55700      27850.000    314.9822     -239.476998     -321.972594       82.495595       13.822216     -437.320908       29.727417       38.042292       31.165186        2.591204
     55800      27900.000    304.6636     -239.406545     -319.199642       79.793097       43.769078     -458.198953       36.285754       33.314000       24.930999        0.699480
     55900      27950.000    345.8909     -239.528722     -330.119480       90.590758       17.905093     -434.037373       29.097391       29.688504       26.406789        0.820117
     56000      28000.000    305.2422     -239.369315     -319.313946       79.944630       28.257802     -439.606888       45.330999       16.914428       28.233847        1.555867
     56100      28050.000    253.5730     -239.402068     -305.814258       66.412190       22.850532     -453.880640       41.506057       52.211130       31.081293        0.417371
     56200      28100.000    303.8587     -239.392816     -318.975091       79.582275       28.869837     -440.427885       24.609050       42.490663       23.190849        2.292395
     56300      28150.000    301.4729     -239.563808     -318.521242       78.957434       26.584993     -432.852806       27.087443       33.158884       25.462862        2.037382
     56400      28200.000    286.2004     -239.373414     -314.330880       74.957467       35.708136     -456.873475       34.120736       37.574321       31.293027        3.846374
     56500      28250.000    338.2119     -239.489224     -328.068797       88.579573       25.786351     -449.893613       21.548760       34.536892       28.959076       10.993739
     56600      28300.000    311.4186     -239.333033     -320.895302       81.562269       30.817681     -427.022956       24.206234       16.580997       32.327236        2.195507
     56700      28350.000    249.8622     -239.405529     -304.845820       65.440292       27.204987     -439.626957       28.012987       42.411944       35.320780        1.830439
     56800      28400.000    311.1930     -239.402888     -320.906067       81.503180       33.019400     -448.479497       35.613308       31.151657       24.077786        3.711279
     56900      28450.000    342.2173     -239.427337     -329.055961       89.628624       18.200596     -426.364603       23.804895       22.300060       32.041257        0.961834
     57000      28500.000    279.7671     -239.566494     -312.839057       73.272563       26.266138     -444.690969       27.392588       38.689412       37.394517        2.109256
     57100      28550.000    262.9579     -239.179441     -308.049592       68.870152       30.238485     -444.409819       39.757237       33.591708       27.402302        5.370494
     57200      28600.000    296.7141     -239.292846     -317.003929       77.711083       20.734476     -431.353392       18.636898       33.940735       39.563417        1.473938
     57300      28650.000    316.4772     -239.355631     -322.242785       82.887155       26.976854     -427.122822       21.254050       17.700819       34.785819        4.162494
     57400      28700.000    282.8274     -239.177455     -313.251536       74.074080       29.123149     -446.627770       27.412652       41.476425       30.828686        4.535322
     57500      28750.000    282.1887     -239.154720     -313.061510       73.906790       24.420348     -441.094902       32.090735       41.305612       25.740011        4.476685
     57600      28800.000    322.9147     -239.484773     -324.057933       84.573159       24.721755     -424.163813       16.268785       18.760333       34.821740        5.533266
     57700      28850.000    264.8182     -239.348098     -308.705472       69.357374       30.705165     -440.369731       34.321143       28.031381       36.872325        1.734245
     57800      28900.000    294.2384     -239.386946     -316.449633       77.062687       20.578059     -440.738212       32.479674       37.554526       32.607902        1.068418
     57900      28950.000    217.4476     -239.334583     -296.285329       56.950746       34.805060     -433.756564       33.368490       34.115865       30.717977        4.463843
     58000      29000.000    363.7911     -239.393504     -334.672423       95.278919       20.126595     -437.666443       18.653838       32.307063       30.874579        1.031945
     58100      29050.000    300.2948     -239.212601     -317.861470       78.648869       38.090097     -451.146426       30.669688       26.195178       33.144728        5.185264
     58200      29100.000    310.3858     -239.420309     -320.712078       81.291770       14.791586     -427.657756       21.988491       25.521902       42.926474        1.717225
     58300      29150.000    253.0258     -239.271041     -305.539908       66.268868       33.780998     -445.679562       17.740562       36.811541       49.611856        2.194697
     58400      29200.000    289.3903     -239.270193     -315.063114       75.792921       24.005819     -442.867212       34.509628       27.390868       40.701971        1.195813
     58500      29250.000    339.8256     -239.375367     -328.377581       89.002213       25.886912     -443.655701       18.360503       19.970713       44.667416        6.392577
     58600      29300.000    355.4093     -239.343851     -332.427523       93.083672       27.701646     -450.419698       24.698215       39.403510       25.776156        0.412648
     58700      29350.000    318.8991     -239.235505     -322.756956       83.521451       21.601270     -435.323667       31.855268       20.509507       30.653323        7.947343
     58800      29400.000    291.0036     -239.191101     -315.406561       76.215460       24.165124     -449.354063       34.026184       29.985755       43.492706        2.277732
     58900      29450.000    351.8976     -239.453220     -331.617165       92.163945       28.528824     -448.033035       21.368623       25.688668       38.973623        1.856132
     59000      29500.000    329.2360     -239.318512     -325.547252       86.228740       26.773560     -444.674227       29.112147       31.122321       31.494078        0.624868
     59100      29550.000    274.1542     -239.458335     -311.260841       71.802506       27.936680     -454.977561       38.845656       33.414920       41.318056        2.201407
     59200      29600.000    343.3317     -239.334523     -329.255017       89.920495       26.615387     -441.181782       27.158718       18.775027       31.350387        8.027246
     59300      29650.000    326.1309     -239.454446     -324.869941       85.415495       26.122888     -439.488628       30.107363       19.416564       38.128838        0.843034
     59400      29700.000    298.0705     -239.535694     -317.602026       78.066333       26.070352     -452.826178       25.789644       42.158701       39.113232        2.092223
     59500      29750.000    288.7604     -239.439110     -315.067071       75.627961       21.902569     -436.792266       33.149760       33.076822       31.201125        2.394919
     59600      29800.000    338.0433     -239.482294     -328.017719       88.535426       36.999294     -447.770316       20.495702       24.729262       32.603949        4.924389
     59700      29850.000    310.2841     -239.414285     -320.679421       81.265136       16.872763     -443.204727       34.308127       43.196273       27.071168        1.076975
     59800      29900.000    248.8561     -239.241421     -304.418227       65.176806       36.382461     -447.980927       43.052026       26.113001       32.580204        5.435007
     59900      29950.000    298.7716     -239.450846     -317.700783       78.249937       16.780392     -436.400058       35.343672       34.668398       26.856354        5.050460
     60000      30000.000    283.7560     -239.360641     -313.677911       74.317269       38.629745     -458.873829       25.972317       37.436178       39.646969        3.510710
     60100      30050.000    395.5568     -239.222573     -342.821097      103.598524       13.227199     -439.524199       23.167574       23.785474       32.021065        4.501789
     60200      30100.000    270.8532     -239.272107     -310.210075       70.937969       39.387746     -454.052853       30.553965       31.066129       38.612028        4.222910
     60300      30150.000    320.5842     -239.352488     -323.315282       83.962793       22.538756     -435.659673       34.992957       21.682684       30.909822        2.220172
     60400      30200.000    370.3129     -239.523525     -336.510533       96.987008       29.366093     -442.520512       16.619734       19.899770       31.926151        8.198231
     60500      30250.000    274.3231     -239.290676     -311.137413       71.846737       21.532442     -435.768165       35.819836       27.710700       37.704956        1.862819
     60600      30300.000    319.4298     -239.181380     -322.841816       83.660436       25.023223     -434.574012       25.709913       21.280215       36.720974        2.997870
     60700      30350.000    315.3494     -239.214127     -321.805888       82.591762       22.791815     -446.274714       30.098110       34.292760       30.884398        6.401742
     60800      30400.000    346.4357     -239.183183     -329.916611       90.733428       26.148236     -448.401165       33.391496       22.694666       26.834648        9.415507
     60900      30450.000    259.2092     -239.260573     -307.148897       67.888323       19.878801     -433.321475       34.317361       29.285325       38.026090        4.665002
     61000      30500.000    305.2272     -239.251957     -319.192655       79.940698       19.752734     -446.102932       21.599209       48.440769       28.102231        9.015335
     61100      30550.000    287.2992     -239.367968     -314.613229       75.245262       34.450339     -448.310839       30.633709       28.656498       38.496873        1.460192
     61200      30600.000    280.5387     -239.337494     -312.812134       73.474640       27.523634     -429.375393       24.688502       31.251923       29.476479        3.622721
     61300      30650.000    306.9839     -239.219391     -319.620185       80.400793       25.615088     -442.900857       31.136285       37.251944       23.593915        5.683439
     61400      30700.000    266.8081     -239.241911     -309.120446       69.878535       29.590028     -457.883253       41.555978       42.371305       31.310368        3.935127
     61500      30750.000    347.8426     -239.390528     -330.492431       91.101903       33.639661     -444.142807       17.969062       25.823738       31.949353        4.268563
     61600      30800.000    355.0686     -239.377261     -332.371704       92.994443       27.217245     -444.056485       34.479032       26.267771       21.610736        2.109996
     61700      30850.000    261.0615     -239.100978     -307.474434       68.373456       33.800283     -455.688739       41.623155       37.123805       31.247019        4.420044
     61800      30900.000    306.3585     -239.264384     -319.501376       80.236992       26.890819     -437.919681       24.901593       30.156957       33.683592        2.785344
     61900      30950.000    331.8266     -239.414057     -326.321297       86.907240       35.420217     -440.094105       11.712911       35.055089       29.366821        2.217769
     62000      31000.000    303.9730     -239.402102     -319.014316       79.612214       22.514327     -438.418981       28.753668       28.855626       35.336802        3.944243
     62100      31050.000    340.0201     -239.419437     -328.472597       89.053160       22.239041     -450.142736       35.219005       36.277648       26.770487        1.163958
     62200      31100.000    332.3219     -239.504625     -326.541573       87.036948       14.988226     -433.890462       32.595219       24.414100       34.686085        0.665260
     62300      31150.000    350.5746     -239.605470     -331.422918       91.817448       18.542350     -440.285167       25.657175       30.281604       27.896138        6.484981
     62400      31200.000    291.6079     -239.377233     -315.750963       76.373730       41.441237     -455.865689       30.376797       35.231320       32.142145        0.923228
     62500      31250.000    332.2443     -239.256922     -326.273547       87.016625       15.458775     -434.864481       28.220572       28.609775       34.218883        2.082929
     62600      31300.000    330.6891     -239.485004     -326.094312       86.609308       42.699453     -451.474139       23.320837       26.518354       28.379555        4.461627
     62700      31350.000    281.6942     -239.321730     -313.099019       73.777288       16.487732     -444.421963       26.168180       55.851568       32.036520        0.778944
     62800      31400.000    302.3536     -239.314322     -318.502411       79.188089       36.453714     -446.831046       40.639069       22.091940       28.120306        1.023606
     62900      31450.000    327.9331     -239.373038     -325.260550       85.887512       16.227769     -435.711508       27.174937       38.233407       27.247849        1.566996
     63000      31500.000    354.3473     -239.355898     -332.161425       92.805527       33.119966     -451.027930       30.777023       28.434374       25.687538        0.847604
     63100      31550.000    311.9442     -239.412628     -321.112545       81.699917       31.184170     -444.829983       27.915531       30.838841       32.357916        1.420979
     63200      31600.000    252.2464     -239.335851     -305.400578       66.064727       18.705007     -435.950389       56.775845       22.585793       30.191816        2.291350
     63300      31650.000    306.0438     -239.545533     -319.700111       80.154578       21.936334     -454.107841       34.832100       47.291085       29.579086        0.769124
     63400      31700.000    296.9830     -239.455526     -317.237018       77.781492       19.236944     -435.554679       31.768327       29.152295       34.734960        3.425136
     63500      31750.000    334.1364     -239.563865     -327.076049       87.512184       29.156570     -443.781465       24.010470       27.655159       32.548405        3.334812
     63600      31800.000    358.0505     -239.325878     -333.101294       93.775416       21.957424     -444.807423       22.938505       29.684988       35.815197        1.310015
     63700      31850.000    366.9340     -239.467366     -335.569413       96.102046       27.870493     -444.987742       34.002140       16.150014       31.002460        0.393222
     63800      31900.000    317.2035     -239.346306     -322.423673       83.077367       25.603536     -445.943740       30.226752       33.041472       33.281845        1.366461
     63900      31950.000    322.2068     -239.538460     -323.926218       84.387759       18.713856     -435.906349       26.192248       21.414596       44.524161        1.135270
     64000      32000.000    256.7645     -239.569221     -306.817273       67.248052       30.402611     -448.958056       28.419976       39.843856       40.143592        3.330748
     64100      32050.000    377.5868     -239.628978     -338.521072       98.892094       31.980458     -448.267862       17.449413       32.240536       26.930813        1.145569
     64200      32100.000    314.4616     -239.632017     -321.991258       82.359240       25.914123     -435.668328       31.532995       21.929961       34.120560        0.179433
     64300      32150.000    282.8769     -239.467955     -313.554999       74.087044       37.115469     -446.286578       33.137263       26.830584       33.111538        2.536725
     64400      32200.000    276.6024     -239.450417     -311.894118       72.443701       20.184950     -436.360644       26.687800       38.275587       34.995291        4.322897
     64500      32250.000    380.2208     -239.831917     -339.413853       99.581935       36.773891     -445.928839       15.687346       26.963124       26.314253        0.776372
     64600      32300.000    288.5852     -239.693925     -315.275992       75.582067       15.772579     -434.399318       31.803136       35.158112       32.102237        4.287262
     64700      32350.000    249.3829     -239.453956     -304.768736       65.314780       42.803542     -459.282475       46.563833       35.042696       29.173144        0.930524
     64800      32400.000    292.0369     -239.645717     -316.131812       76.486095       15.464037     -428.437474       34.586214       36.204863       24.854658        1.195890
     64900      32450.000    330.9798     -239.768958     -326.454415       86.685457       31.409715     -440.289417       24.285048       21.585359       35.521444        1.033436
     65000      32500.000    321.1733     -239.649336     -323.766406       84.117071       26.780303     -440.510242       35.370903       24.277594       28.366619        1.948416
     65100      32550.000    255.2126     -239.545075     -306.386681       66.841607       19.644918     -423.344247       37.525558       23.831842       34.578978        1.376270
     65200      32600.000    275.6313     -239.422575     -311.611947       72.189372       33.438266     -443.657763       40.324544       26.391629       31.210893        0.680484
     65300      32650.000    272.4418     -239.695103     -311.049118       71.354015       19.053496     -430.849431       30.201647       31.955708       37.026464        1.562999
     65400      32700.000    363.7498     -239.541135     -334.809230       95.268094       41.365697     -448.331498       22.283741       21.166708       28.087914        0.618209
     65500      32750.000    295.7249     -239.554469     -317.006470       77.452001       11.644410     -421.437185       37.688513       21.612092       33.225940        0.259760
     65600      32800.000    273.9238     -239.524557     -311.266725       71.742169       28.936440     -444.643058       49.381760       26.382084       27.496589        1.179460
     65700      32850.000    264.4219     -239.677247     -308.930829       69.253582       23.838267     -443.376481       27.068888       45.606198       35.355822        2.576476
     65800      32900.000    355.4776     -239.743084     -332.844651       93.101567       19.300145     -427.014926       17.635207       29.738812       26.723936        0.772177
     65900      32950.000    272.1919     -239.619566     -310.908141       71.288575       25.004338     -440.460062       37.898784       34.257274       31.086571        1.304954
     66000      33000.000    264.5484     -239.666399     -308.953105       69.286706       29.030798     -438.927200       34.285160       31.170438       28.042866        7.444832
     66100      33050.000    335.0318     -239.659900     -327.406593       87.746693       24.337478     -439.626239       30.588262       28.659327       23.919453        4.715126
     66200      33100.000    303.7947     -239.664617     -319.230151       79.565534       29.961660     -447.791338       35.849995       34.651959       19.117834        8.979740
     66300      33150.000    330.4762     -239.823631     -326.377194       86.553564       23.154158     -448.704087       42.502585       33.066709       18.835860        4.767582
     66400      33200.000    264.3808     -239.637554     -308.880352       69.242798       37.729567     -449.395342       40.279195       40.953236       19.319044        2.233948
     66500      33250.000    306.6275     -239.882916     -320.190374       80.307458       26.171108     -439.491428       37.657517       29.512473       23.552428        2.407528
     66600      33300.000    276.0224     -239.742824     -312.034626       72.291803       41.154595     -462.556574       42.554191       39.431043       26.484483        0.897636
     66700      33350.000    298.5445     -239.814987     -318.005445       78.190458       22.195475     -435.532210       48.113130       17.161429       26.213104        3.843627
     66800      33400.000    265.7500     -239.795360     -309.396762       69.601402       29.731613     -437.158480       40.109754       30.942295       25.245092        1.732963
     66900      33450.000    292.8461     -239.660905     -316.358930       76.698025       31.453875     -438.547454       43.212525       16.104788       27.978863        3.438473
     67000      33500.000    312.4398     -239.827955     -321.657691       81.829736        8.353438     -435.107408       28.602048       44.179947       31.158441        1.155843
     67100      33550.000    338.8441     -239.990886     -328.736047       88.745160       29.074401     -447.314739       28.340081       27.565202       32.646514        0.952495
     67200      33600.000    300.4558     -239.862311     -318.553362       78.691051       16.846939     -435.157668       48.865388       21.618109       29.208302        0.065570
     67300      33650.000    333.0674     -239.785019     -327.017216       87.232197       28.012057     -447.831907       35.294148       24.286951       32.031753        1.189782
     67400      33700.000    275.7554     -239.680460     -311.902336       72.221875       21.709215     -444.476048       36.624075       27.749618       37.186832        9.303973
     67500      33750.000    300.6340     -239.807665     -318.545396       78.737731       25.740642     -439.107498       22.556598       32.091992       39.410738        0.762133
     67600      33800.000    287.6009     -239.755072     -315.079354       75.324282       23.572935     -440.055171       40.010846       21.239508       38.548816        1.603711
     67700      33850.000    320.3054     -239.779320     -323.669076       83.889756       23.743550     -444.071703       25.608404       31.889628       37.133220        2.027824
     67800      33900.000    326.4260     -239.714731     -325.207519       85.492787       28.688771     -443.454206       27.183792       27.671513       33.186589        1.516023
     67900      33950.000    309.2029     -239.770927     -320.752886       80.981959       26.545568     -445.244481       38.112864       28.147246       28.739829        2.946088
     68000      34000.000    323.2498     -239.739083     -324.400018       84.660936       29.428085     -445.007688       24.062834       33.710000       26.172113        7.234638
     68100      34050.000    278.5553     -239.699266     -312.654459       72.955192       24.607949     -447.178859       26.762869       46.071248       36.573235        0.509100
     68200      34100.000    266.1356     -239.831176     -309.533567       69.702391       35.528748     -450.474467       37.973995       32.603679       30.743940        4.090537
     68300      34150.000    284.4114     -239.873750     -314.362669       74.488918       16.454286     -438.070600       25.196545       41.833346       30.609178        9.614575
     68400      34200.000    274.3329     -239.709623     -311.558942       71.849319       31.371962     -450.728296       28.614119       38.093721       33.689408        7.400144
     68500      34250.000    288.2524     -239.832157     -315.327064       75.494907       21.158528     -438.988981       21.734077       42.474533       31.751834        6.542944
     68600      34300.000    369.9759     -239.941812     -336.840572       96.898760       26.218589     -436.369098       16.996338       25.313209       27.714412        3.285978
     68700      34350.000    362.2600     -239.851409     -334.729324       94.877915       30.816781     -450.760434       17.823618       38.089602       23.437792        5.863317
     68800      34400.000    324.1859     -239.812001     -324.718098       84.906097       32.090144     -443.969410       19.316392       23.769998       42.824848        1.249930
     68900      34450.000    213.3570     -239.801211     -295.680586       55.879375       20.153247     -424.656123       28.691423       30.969080       42.966460        6.195328
     69000      34500.000    263.8695     -239.742871     -308.851767       69.108897       28.042962     -438.374868       27.297473       27.549269       40.561933        6.071464
     69100      34550.000    201.7432     -239.789236     -292.626896       52.837660       26.613957     -436.089648       39.412469       26.820606       39.382376       11.233343
     69200      34600.000    204.6298     -239.917818     -293.511509       53.593690       24.725715     -431.693831       33.468701       32.022514       43.326867        4.638525
     69300      34650.000    257.9719     -239.817831     -307.382097       67.564266       23.137820     -439.349942       25.389563       34.564158       46.481303        2.395002
     69400      34700.000    275.3399     -239.829319     -311.942373       72.113054       26.509481     -438.463394       19.988095       27.777805       49.837525        2.408117
     69500      34750.000    288.0499     -239.667350     -315.109233       75.441883       19.842372     -429.608336       32.985665       18.046805       41.231284        2.392978
     69600      34800.000    315.9214     -239.821742     -322.563306       82.741564       21.571451     -429.880355       26.218865       19.552647       39.380733        0.593353
     69700      34850.000    308.9001     -239.982472     -320.885120       80.902648       29.873857     -434.170364       19.442352       22.269435       39.693799        2.005801
     69800      34900.000    267.3002     -239.996103     -310.003527       70.007424       27.196339     -427.490165       19.324427       25.307411       43.584035        2.074426
     69900      34950.000    279.4625     -239.824178     -313.016956       73.192778       39.233146     -445.981182       29.790565       27.659081       32.271826        4.009608
     70000      35000.000    296.2699     -239.804029     -317.398762       77.594733       21.859695     -435.813366       32.747566       24.931549       34.358768        4.517027
     70100      35050.000    321.9333     -239.900543     -324.216678       84.316135       28.467880     -442.628478       35.355508       14.211828       35.237012        5.139572
     70200      35100.000    342.5902     -239.961716     -329.688006       89.726290       22.219811     -438.826947       25.009094       25.632819       34.872326        1.404892
     70300      35150.000    250.9624     -239.842028     -305.570474       65.728446       31.903762     -448.429944       34.104530       31.155986       43.916104        1.779088
     70400      35200.000    226.1137     -239.932074     -299.152509       59.220435       19.131753     -437.017998       44.655973       36.481153       37.017916        0.578695
     70500      35250.000    299.5982     -239.759589     -318.226021       78.466432       20.896429     -434.657688       31.581934       27.337352       33.818949        2.797003
     70600      35300.000    319.5529     -239.993588     -323.686273       83.692685       33.470240     -456.473616       31.183482       41.175835       25.473414        1.484372
     70700      35350.000    275.8519     -239.875771     -312.122929       72.247157       29.851614     -445.570837       49.111572       26.069761       27.053895        1.361067
     70800      35400.000    272.8939     -239.886491     -311.358928       71.472437       21.968637     -441.279662       44.439429       37.837007       24.383760        1.291901
     70900      35450.000    233.8403     -239.760883     -301.004969       61.244086       26.002402     -448.784326       32.376391       47.204538       40.111977        2.084048
     71000      35500.000    277.7258     -239.842815     -312.580753       72.737938       22.533924     -443.986071       47.261305       24.639766       32.198354        4.771970
     71100      35550.000    262.6952     -239.899453     -308.700778       68.801324       18.636991     -441.242040       31.865325       47.039526       31.587311        3.412109
     71200      35600.000    332.3831     -239.875507     -326.928490       87.052983       25.260363     -442.742015       27.111488       28.676266       34.364888        0.400518
     71300      35650.000    327.1798     -239.884092     -325.574295       85.690202       33.561010     -453.953423       26.684036       39.160516       28.329365        0.644202
     71400      35700.000    265.4046     -239.804022     -309.314977       69.510955       18.956531     -430.196771       34.621260       33.427309       32.420034        1.456659
     71500      35750.000    315.0590     -239.960732     -322.476453       82.515720       21.393116     -438.055975       28.607164       34.651687       29.571253        1.356302
     71600      35800.000    297.4591     -239.849730     -317.755918       77.906188       26.708972     -444.609251       30.143212       32.386137       32.586687        5.028325
     71700      35850.000    363.6079     -239.954901     -335.185841       95.230940       18.107764     -442.383467       33.348992       27.576232       26.354827        1.809811
     71800      35900.000    335.4736     -239.998883     -327.861291       87.862408       41.324411     -448.224776       28.536230       25.979529       22.726669        1.796646
     71900      35950.000    296.6730     -239.751034     -317.451337       77.700303       21.885174     -433.318243       35.792485       37.801281       17.496019        2.891948
     72000      36000.000    267.2142     -239.859230     -309.844128       69.984898       49.481894     -459.530449       26.608985       50.553561       20.853329        2.188553
     72100      36050.000    273.8007     -239.675356     -311.385291       71.709935       28.102552     -429.652083       29.465727       25.787682       30.100821        4.810010
     72200      36100.000    307.6685     -239.815497     -320.395594       80.580097       35.730988     -429.014153       18.802057       23.669981       27.776378        2.639155
     72300      36150.000    300.4643     -239.704717     -318.397988       78.693271       33.620070     -453.046763       31.134197       38.212289       30.402963        1.279255
     72400      36200.000    297.9680     -239.900665     -317.940153       78.039489       28.484463     -443.766600       23.232743       42.821567       28.418305        2.869369
     72500      36250.000    314.0912     -240.000895     -322.263131       82.262235       22.673094     -434.471848       26.827493       38.161319       22.782944        1.763868
     72600      36300.000    261.3429     -239.913421     -308.360586       68.447165       28.086668     -448.549129       45.629604       34.563135       26.489749        5.419386
     72700      36350.000    266.7193     -239.806197     -309.661465       69.855268       19.572186     -439.327880       24.683274       38.848040       42.390066        4.172849
     72800      36400.000    279.0781     -239.860740     -312.952844       73.092104       23.754498     -427.878464       20.813561       29.900241       38.671058        1.786264
     72900      36450.000    220.8548     -239.872278     -297.715390       57.843112       23.516926     -437.820530       35.118146       35.552508       43.995157        1.922405
     73000      36500.000    353.2146     -239.951392     -332.460265       92.508873       26.516061     -442.800152       20.993624       25.231456       34.841546        2.757200
     73100      36550.000    397.5630     -239.928644     -344.052607      104.123963       25.504509     -442.997213       18.050391       28.899063       26.328127        0.162516
     73200      36600.000    296.5354     -239.773014     -317.437286       77.664272       21.784416     -427.392599       25.089956       26.153806       32.787663        4.139472
     73300      36650.000    250.6087     -239.781955     -305.417763       65.635808       18.671506     -424.027370       27.339163       21.468966       49.789217        1.340756
     73400      36700.000    285.0193     -239.802519     -314.450665       74.648146       18.358895     -442.675321       19.036138       42.745355       45.391420        2.692849
     73500      36750.000    278.6067     -239.812818     -312.781468       72.968650       25.165086     -445.578732       35.252353       25.577884       43.769180        3.032760
     73600      36800.000    278.7407     -240.113037     -313.116772       73.003735       23.308178     -438.433318       29.097853       28.535110       32.322107       12.053298
     73700      36850.000    273.8437     -240.031330     -311.752529       71.721199       27.047026     -441.395537       18.202260       29.783044       38.831300       15.779379
     73800      36900.000    252.7273     -240.093148     -306.283845       66.190697       20.116593     -443.912947       42.935957       39.707262       29.186465        5.682826
     73900      36950.000    333.6693     -240.045793     -327.435646       87.389853       32.162071     -451.631780       22.844447       29.734861       37.558717        1.896037
     74000      37000.000    262.7442     -240.019046     -308.833218       68.814172       16.441691     -442.247847       36.034636       32.811959       43.719828        4.406515
     74100      37050.000    333.8315     -240.037946     -327.470276       87.432330       20.372857     -439.944714       20.744062       19.724186       48.803886        2.829447
     74200      37100.000    233.5329     -240.100011     -301.263579       61.163568       22.707309     -448.159041       33.193321       30.076104       56.269949        4.648780
     74300      37150.000    345.2381     -240.135064     -330.554839       90.419774       24.824051     -436.351973       15.060446       30.835293       33.684587        1.392758
     74400      37200.000    259.7868     -240.011736     -308.051334       68.039598       36.398919     -447.581063       19.838314       51.956019       30.811122        0.525355
     74500      37250.000    276.0010     -239.975989     -312.262176       72.286188       26.099834     -440.139002       24.051452       45.439098       28.679736        3.606705
     74600      37300.000    307.9886     -240.109360     -320.773300       80.663941       25.809162     -447.830934       28.131095       35.712698       36.335099        1.069580
     74700      37350.000    278.2206     -240.008908     -312.876431       72.867524       35.101241     -444.046161       29.939476       20.801915       43.365186        1.961912
     74800      37400.000    289.2498     -240.037253     -315.793397       75.756144       14.861457     -424.918442       18.473351       20.150144       51.897828        3.742264
     74900      37450.000    300.5235     -240.029329     -318.738118       78.708788       49.522407     -460.284921       17.283391       41.238302       32.386583        1.116120
     75000      37500.000    361.0980     -240.215602     -334.789180       94.573578       16.769583     -433.078605       20.586526       22.879402       36.507860        1.546053
     75100      37550.000    235.5160     -240.148150     -301.831115       61.682965       17.441188     -427.417442       11.449805       44.298254       48.012980        4.384098
     75200      37600.000    360.1701     -240.153826     -334.484375       94.330549       21.777684     -442.581917       19.877091       25.387132       38.664407        2.391228
     75300      37650.000    259.2019     -240.032526     -307.918940       67.886414       21.211372     -439.825306       32.559144       29.469443       44.137639        4.528768
     75400      37700.000    307.1616     -240.180117     -320.627460       80.447343       23.635380     -430.419186       16.311381       19.369621       44.955604        5.519741
     75500      37750.000    305.3855     -240.001548     -319.983700       79.982153       12.988009     -428.376123       22.791839       26.401478       41.606539        4.604558
     75600      37800.000    201.2754     -240.213913     -292.929057       52.715144       38.301751     -453.825492       20.464526       56.724800       40.150481        5.254877
     75700      37850.000    314.6314     -239.940351     -322.344070       82.403719       18.366112     -430.096109       29.284623       21.416320       34.532166        4.152818
     75800      37900.000    293.0765     -240.080299     -316.838655       76.758356       31.879191     -446.467332       24.737652       40.746871       28.754215        3.510748
     75900      37950.000    324.0353     -240.063441     -324.930092       84.866651       16.703365     -436.069273       15.923584       36.107530       39.137017        3.267685
     76000      38000.000    231.4919     -240.167061     -300.796087       60.629025       30.391926     -439.873052       41.731638       35.374789       28.961126        2.617486
     76100      38050.000    315.1849     -240.117037     -322.665722       82.548685       36.470061     -440.591684       17.378928       32.660163       29.292285        2.124524
     76200      38100.000    314.4891     -240.095849     -322.462302       82.366453       33.011029     -437.666960       31.728961       18.824565       30.437468        1.202635
     76300      38150.000    290.9455     -240.065008     -316.265258       76.200249       28.956213     -456.279759       30.623762       55.618765       23.513566        1.302195
     76400      38200.000    384.7465     -240.026757     -340.794003      100.767246       39.507116     -454.123821       23.508311       32.945027       17.118358        0.251005
     76500      38250.000    257.0286     -239.855942     -307.173168       67.317226       17.012376     -429.839275       34.049508       39.549220       31.331802        0.723200
     76600      38300.000    368.4764     -240.065842     -336.571863       96.506021       40.034970     -445.781284        9.563692       24.613186       33.553133        1.444441
     76700      38350.000    215.0841     -239.898893     -296.230610       56.331716       16.691654     -427.969802       32.107078       53.011257       27.939368        1.989836
     76800      38400.000    316.5274     -239.906257     -322.806544       82.900286       25.807771     -434.685733       17.525761       31.518903       36.031475        0.995279
     76900      38450.000    290.5023     -239.897563     -315.981738       76.084175       23.978252     -433.028988       20.307106       29.004442       38.353136        5.404314
     77000      38500.000    390.4231     -240.008875     -342.262856      102.253981       22.261643     -443.067775       12.249609       41.825945       23.681895        0.785826
     77100      38550.000    319.4291     -240.078497     -323.738747       83.660250       22.793747     -440.981022       19.383705       29.576923       42.000127        3.487773
     77200      38600.000    253.2055     -239.989204     -306.305126       66.315922       17.575431     -432.190801       25.686568       34.605152       45.959088        2.059436
     77300      38650.000    302.2105     -239.915527     -319.066133       79.150606       36.969807     -441.334204       24.617727       17.481614       42.770417        0.428506
     77400      38700.000    247.2939     -239.996843     -304.764499       64.767656       16.186258     -434.654451       38.566364       30.880137       42.375040        1.882154
     77500      38750.000    314.1821     -239.898917     -322.184958       82.286042       35.072290     -441.678647       15.293897       22.238209       43.308080        3.581214
     77600      38800.000    246.4285     -240.069536     -304.610539       64.541003       15.893586     -423.164095       19.049426       35.228341       42.850135        5.532068
     77700      38850.000    319.4300     -239.953038     -323.613547       83.660509       35.293084     -443.295823       16.431644       25.397197       42.197411        0.362939
     77800      38900.000    311.5160     -240.085375     -321.673151       81.587776       21.333040     -431.571997       17.339826       27.421007       42.397672        1.407301
     77900      38950.000    212.0346     -239.983007     -295.516050       55.533043       16.642968     -428.817950       37.041661       24.724982       53.418610        1.473680
     78000      39000.000    280.5836     -239.967452     -313.453851       73.486399       24.160932     -446.719766       13.730632       35.680573       53.756906        5.936872
     78100      39050.000    281.3794     -239.988275     -313.683121       73.694845       16.108709     -434.608235       20.484065       32.580511       50.997029        0.754800
     78200      39100.000    346.4740     -240.058699     -330.802159       90.743459       20.582600     -438.551932       17.492587       35.071158       33.900520        0.702909
     78300      39150.000    272.6239     -240.071424     -311.473147       71.401723       39.867585     -447.542452       24.324576       37.562595       33.543988        0.770561
     78400      39200.000    309.2475     -240.055191     -321.048824       80.993632       15.419848     -423.952928       27.675023       28.521855       29.840567        1.446812
     78500      39250.000    268.8711     -240.074030     -310.492859       70.418829       19.225033     -442.968684       33.988202       27.263522       49.979291        2.019778
     78600      39300.000    280.3425     -240.008724     -313.431996       73.423273       19.948254     -429.207628       22.792783       27.088076       44.276587        1.669932
     78700      39350.000    269.9780     -240.011093     -310.719827       70.708733       10.280072     -418.092842       20.318550       30.430525       42.522081        3.821788
     78800      39400.000    250.5212     -240.029149     -305.642036       65.612886       20.775265     -429.530780       15.560531       45.919603       41.198749        0.434595
     78900      39450.000    304.9376     -239.950445     -319.815301       79.864856       23.442751     -431.244953       18.140647       24.416675       44.941531        0.488047
     79000      39500.000    272.2220     -239.988298     -311.284757       71.296459       24.972137     -434.781724       19.693522       46.473152       30.855787        1.502369
     79100      39550.000    318.9191     -240.048386     -323.575078       83.526692       27.623082     -440.199171       18.568287       45.807614       22.301068        2.324042
     79200      39600.000    328.3896     -240.088557     -326.095630       86.007072       32.526905     -443.068615       19.472044       27.927466       35.422716        1.623854
     79300      39650.000    300.4795     -240.139372     -318.836617       78.697245       23.415432     -445.407975       23.778651       42.002879       35.904233        1.470164
     79400      39700.000    280.8575     -240.036222     -313.594357       73.558135       24.511516     -440.537996       25.991914       34.329964       41.026088        1.084156
     79500      39750.000    226.8456     -239.970013     -299.382153       59.412140       22.411482     -435.787750       40.727012       28.042461       43.955866        1.268776
     79600      39800.000    408.5081     -240.065194     -347.055748      106.990554       29.718885     -445.703219        7.760386       24.231127       36.413856        0.523217
     79700      39850.000    246.0634     -239.804884     -304.250252       64.445368       19.467769     -434.484223       29.236991       35.163188       45.727978        0.638045
     79800      39900.000    347.1571     -239.913455     -330.835840       90.922385       32.389420     -440.109151       27.715963       18.485663       30.154873        0.527391
     79900      39950.000    263.7615     -239.939306     -309.019916       69.080611       20.992098     -442.988477       36.928503       29.945258       41.325036        4.777665
     80000      40000.000    286.9609     -239.914573     -315.071222       75.156650       20.594025     -443.082909       23.418834       38.754314       44.214847        1.029668
     80100      40050.000    310.4489     -240.102123     -321.410412       81.308289       16.069228     -447.320753       28.712121       32.186798       48.212848        0.729347
     80200      40100.000    256.0463     -240.117576     -307.177535       67.059959       21.026368     -444.827235       37.028077       28.499383       49.667558        1.428313
     80300      40150.000    296.7700     -240.138844     -317.864553       77.725709       26.662753     -446.916276       14.256086       31.557830       55.533687        1.041368
     80400      40200.000    234.3124     -239.834568     -301.202281       61.367713       15.328681     -431.059685       34.810113       30.620640       47.333314        1.764656
     80500      40250.000    315.2905     -240.018331     -322.594683       82.576352       18.093455     -420.613353       23.732876       20.165019       34.760072        1.267247
     80600      40300.000    270.9315     -239.934415     -310.892876       70.958461       13.349455     -428.796369       34.859468       32.286451       33.701550        3.706569
     80700      40350.000    328.4757     -239.925833     -325.955457       86.029624       24.038686     -443.930716       19.616044       34.560498       36.885864        2.874166
     80800      40400.000    321.9075     -240.020136     -324.329493       84.309357       19.949257     -431.715891       18.611078       31.188722       36.552570        1.084770
     80900      40450.000    285.3260     -239.981254     -314.709729       74.728475       24.561619     -442.649964       30.123500       45.074864       27.395142        0.785109
     81000      40500.000    369.3369     -239.920205     -336.651601       96.731396       29.161677     -450.307484       16.503826       33.648904       33.927742        0.413735
     81100      40550.000    309.3295     -239.893246     -320.908373       81.015128       26.780156     -450.605019       21.603206       55.035693       24.279575        1.998016
     81200      40600.000    384.1430     -239.978371     -340.587552      100.609181       22.936579     -438.257715       16.006015       33.823971       24.042441        0.861158
     81300      40650.000    259.8056     -239.777416     -307.821958       68.044542       22.788637     -434.163466       32.639503       35.868303       33.665446        1.379620
     81400      40700.000    374.3111     -239.989120     -338.023272       98.034152       24.867929     -439.872000       19.869727       31.609948       24.455997        1.045127
     81500      40750.000    341.9014     -239.944570     -329.490453       89.545883       30.607897     -438.135463       25.822574       15.999805       33.853962        2.360772
     81600      40800.000    283.7802     -239.865002     -314.188622       74.323621       18.107168     -438.632214       23.801889       38.910365       43.140668        0.483502
     81700      40850.000    253.2747     -239.825126     -306.159190       66.334064       17.445348     -439.438777       21.993569       47.564622       43.767513        2.508535
     81800      40900.000    268.1256     -240.019570     -310.243153       70.223583       20.658494     -429.383656       28.193666       27.478929       41.339258        1.470156
     81900      40950.000    341.0897     -239.932293     -329.265589       89.333296       27.681050     -425.688077       17.783037       14.578670       36.112684        0.267046
     82000      41000.000    239.6795     -239.954729     -302.728135       62.773406       29.521963     -443.694576       25.638451       45.504099       39.224197        1.077731
     82100      41050.000    304.3424     -239.951704     -319.660666       79.708962       21.708986     -433.561439       18.264630       26.866488       43.965325        3.095344
     82200      41100.000    248.2799     -239.922960     -304.948855       65.025895       27.417962     -432.853562       28.019405       19.371730       50.279312        2.816299
     82300      41150.000    298.5527     -239.903519     -318.096125       78.192605       16.634742     -430.118412       29.985815       30.479860       34.614130        0.307741
     82400      41200.000    314.4214     -239.934395     -322.283109       82.348714       31.399892     -447.457060       25.763957       29.726247       37.377006        0.906850
     82500      41250.000    314.3140     -239.984433     -322.305024       82.320591       23.032201     -442.111818       32.571542       35.372275       28.331807        0.498968
     82600      41300.000    293.9104     -239.843228     -316.819997       76.976769       26.569094     -432.573956       25.200615       25.402395       37.423310        1.158545
     82700      41350.000    298.3780     -239.794901     -317.941767       78.146866       24.201202     -435.641645       31.137378       34.267306       27.667825        0.426168
     82800      41400.000    281.8026     -239.846333     -313.651992       73.805660       22.798229     -446.597324       18.350717       52.137379       35.416362        4.242644
     82900      41450.000    272.1583     -239.688947     -310.968712       71.279765       24.762072     -434.836012       24.391743       29.074575       43.273828        2.365082
     83000      41500.000    232.7006     -239.677255     -300.622834       60.945579       21.273836     -432.959404       27.693490       36.375810       46.554561        0.438873
     83100      41550.000    314.0765     -239.791434     -322.049809       82.258375       23.507843     -444.013323       26.828023       32.028046       38.666438        0.933165
     83200      41600.000    325.2571     -239.699278     -324.885938       85.186659       27.417125     -447.484559       36.094359       33.127968       21.427212        4.531956
     83300      41650.000    338.5059     -239.580264     -328.236836       88.656571       23.069768     -431.142267       26.595738       20.874569       30.360404        2.004952
     83400      41700.000    279.8544     -239.659615     -312.955039       73.295424       24.038431     -443.570037       29.822198       43.299574       30.551812        2.902982
     83500      41750.000    300.6185     -239.749753     -318.483423       78.733670       17.529390     -442.533836       31.420246       36.269960       37.651032        1.179786
     83600      41800.000    316.0176     -239.816333     -322.583104       82.766770       25.134189     -441.445909       23.608482       27.228566       40.404936        2.486632
     83700      41850.000    302.9521     -239.740126     -319.084968       79.344842       16.967783     -426.766495       23.694989       21.540622       44.524242        0.953890
     83800      41900.000    332.1997     -239.682838     -326.687779       87.004941       31.600404     -453.167726       15.942341       42.790771       32.189574        3.956857
     83900      41950.000    219.9023     -239.573738     -297.167366       57.593628       22.670501     -443.561143       44.938585       38.261424       39.281083        1.242185
     84000      42000.000    269.1722     -239.514970     -310.012671       70.497701       10.741462     -427.959127       40.406539       28.607752       36.884015        1.306688
     84100      42050.000    314.4877     -239.716697     -322.082782       82.366085       26.717970     -438.032032       20.411664       24.414262       41.260170        3.145184
     84200      42100.000    275.0410     -239.709370     -311.744145       72.034775       11.881182     -435.595741       38.489959       31.590621       38.540053        3.349780
     84300      42150.000    278.9157     -239.640975     -312.690542       73.049568       27.593843     -439.911155       33.396948       36.622593       26.769763        2.837466
     84400      42200.000    283.2861     -239.370502     -313.564722       74.194220       22.951072     -433.794588       32.740219       25.660639       37.975545        0.902390
     84500      42250.000    321.4132     -239.349924     -323.529820       84.179896       35.603250     -452.624322       37.937504       16.415712       37.109405        2.028631
     84600      42300.000    274.1214     -239.455702     -311.249636       71.793934       23.798366     -452.461705       34.694622       53.528860       25.493887        3.696334
     84700      42350.000    245.7700     -239.542692     -303.911215       64.368523       19.716355     -428.829633       41.373695       32.268472       26.176064        5.383832
     84800      42400.000    253.7983     -239.377374     -305.848553       66.471180       40.414786     -452.412517       32.541107       46.361136       25.225399        2.021535
     84900      42450.000    335.2144     -239.611673     -327.406190       87.794516       27.904532     -443.260795       29.919151       26.158537       27.451177        4.421208
     85000      42500.000    378.7055     -239.494462     -338.679542       99.185080       27.246050     -441.980247       33.650200       18.833137       21.939764        1.631554
     85100      42550.000    375.6818     -239.641825     -338.034984       98.393159       27.564028     -441.676858       30.762912       17.898518       27.304907        0.111509
     85200      42600.000    333.2643     -239.457638     -326.741404       87.283766       14.399705     -441.925626       26.159704       35.540596       36.152086        2.932131
     85300      42650.000    267.0449     -239.529404     -309.469941       69.940537       11.354365     -434.406482       23.536271       46.968547       39.036361        4.040997
     85400      42700.000    323.3256     -239.373409     -324.054174       84.680765       21.752559     -442.969821       29.624856       14.244608       50.100072        3.193552
     85500      42750.000    314.4804     -239.337745     -321.701919       82.364175       23.697966     -442.447029       28.868497       31.966984       35.825017        0.386645
     85600      42800.000    260.5638     -239.520508     -307.763619       68.243111       21.631782     -438.976722       25.445963       41.096245       41.553881        1.485232
     85700      42850.000    309.6685     -239.366846     -320.470751       81.103905       24.117123     -433.336271       24.432859       30.227976       30.879482        3.208080
     85800      42900.000    334.6956     -239.397484     -327.056125       87.658641       24.901733     -426.361231        9.427588       26.867741       36.715140        1.392904
     85900      42950.000    311.2731     -239.566385     -321.090550       81.524165       24.217427     -439.553097       20.319331       29.678548       37.840203        6.407038
     86000      43000.000    242.0173     -239.393411     -302.779089       63.385678       27.686222     -437.841514       37.519004       27.790748       38.352563        3.713889
     86100      43050.000    260.3111     -239.539457     -307.716377       68.176919       26.866353     -435.596711       17.952213       29.097628       51.008463        2.955677
     86200      43100.000    292.8608     -239.518214     -316.220084       76.701870       35.759756     -445.013991       35.387772       25.595106       30.334742        1.716531
     86300      43150.000    329.8851     -239.550263     -325.948998       86.398736       23.785920     -435.968841       36.299422       17.683210       27.015456        5.235836
     86400      43200.000    260.0372     -239.489782     -307.594979       68.105197       38.253664     -451.503575       25.308265       34.291173       38.712989        7.342506
     86500      43250.000    188.2310     -239.407762     -288.706508       49.298746       20.137709     -426.420160       25.147385       36.122106       46.069183       10.237269
     86600      43300.000    291.2555     -239.599717     -315.881154       76.281437       38.048030     -448.731684       19.233813       30.291401       38.493362        6.783925
     86700      43350.000    299.9491     -239.421147     -317.979487       78.558340       28.911453     -431.694572       32.525297       19.277569       25.322639        7.678127
     86800      43400.000    286.9461     -239.445962     -314.598754       75.152792       25.931996     -428.795273       33.969700       19.788047       27.597894        6.908883
     86900      43450.000    255.9282     -239.481565     -306.510579       67.029014       25.970991     -440.237796       35.770885       37.923744       31.887325        2.174272
     87000      43500.000    251.5389     -239.515488     -305.394916       65.879429       28.070432     -443.863708       40.162471       29.027047       37.784174        3.424669
     87100      43550.000    326.8408     -239.600202     -325.201623       85.601422       37.321722     -445.460195       28.006407       22.777235       26.763136        5.390071
     87200      43600.000    291.9803     -239.584187     -316.055467       76.471280       14.455909     -417.403591       24.133597       21.921685       39.973087        0.863845
     87300      43650.000    273.6008     -239.546860     -311.204422       71.657562       47.405840     -458.202437       25.265983       38.618993       33.207600        2.499600
     87400      43700.000    289.6231     -239.581958     -315.435850       75.853892       16.953814     -426.123189       28.811810       31.673976       30.047672        3.200068
     87500      43750.000    380.8565     -239.655025     -339.403460       99.748435       26.657286     -435.209993       16.158880       28.590219       24.349942        0.050207
     87600      43800.000    375.5301     -239.451985     -337.805413       98.353428       16.187555     -443.438075       25.286172       32.557552       28.705801        2.895582
     87700      43850.000    324.9998     -239.406288     -324.525535       85.119248       23.685393     -448.115763       25.877549       43.546796       29.063293        1.417198
     87800      43900.000    352.9704     -239.400422     -331.845324       92.444902       21.575998     -437.010495       14.843663       35.982881       30.440250        2.322379
     87900      43950.000    377.0647     -239.453449     -338.208800       98.755351       24.845468     -436.454619       21.178972       27.352975       22.389046        2.479358
     88000      44000.000    333.3119     -239.692893     -326.989134       87.296241       24.073269     -455.442907       38.875441       33.067180       29.353712        3.084171
     88100      44050.000    318.1173     -239.582175     -322.898880       83.316705       23.741638     -436.568199       15.236154       35.585287       34.833455        4.272784
     88200      44100.000    264.8396     -239.451764     -308.814739       69.362975       34.760535     -438.506763       24.247772       43.621249       25.797806        1.264661
     88300      44150.000    364.0825     -239.494372     -334.849600       95.355228       36.682800     -457.101787       22.719179       41.337852       20.429609        1.082746
     88400      44200.000    259.2479     -239.314714     -307.213173       67.898459       22.867218     -432.086272       25.997596       46.426575       28.337619        1.244091
     88500      44250.000    288.1522     -239.261917     -314.730572       75.468656       40.882057     -450.218166       22.179498       33.826736       32.261010        6.338293
     88600      44300.000    282.4330     -239.266449     -313.237221       73.970772       32.212433     -460.351945       28.024441       59.088896       25.396017        2.392936
     88700      44350.000    308.5009     -239.238336     -320.036446       80.798110       33.660429     -454.169047       30.819057       46.082127       21.099678        2.471311
     88800      44400.000    311.7542     -239.342330     -320.992482       81.650152       39.764076     -443.003752       33.951388       24.807447       22.850729        0.637630
     88900      44450.000    207.3114     -239.323580     -293.619595       54.296014       37.515154     -442.213102       34.733765       42.401678       33.386827        0.556083
     89000      44500.000    360.6065     -239.301560     -333.746416       94.444856       29.726890     -441.593293       22.877777       18.058576       36.509363        0.674271
     89100      44550.000    290.8841     -239.244215     -315.428377       76.184161       18.083200     -445.803774       38.411650       34.602679       34.855121        4.422748
     89200      44600.000    335.3195     -239.203445     -327.025500       87.822055       17.951313     -446.777348       29.050803       37.952845       34.243643        0.553244
     89300      44650.000    348.4884     -239.397057     -330.668112       91.271055       29.263783     -450.366079       10.666881       36.607827       38.173800        4.985676
     89400      44700.000    316.7436     -239.293307     -322.250216       82.956909       23.323818     -433.609348       33.245039       21.359357       31.273218        2.157700
     89500      44750.000    366.3697     -239.316511     -335.270774       95.954263       15.717491     -435.697228       17.062165       27.664084       36.727032        3.255684
     89600      44800.000    289.5916     -239.459615     -315.305267       75.845652       21.116922     -429.536244       27.489809       21.907034       36.915611        6.801601
     89700      44850.000    235.5785     -239.313403     -301.012730       61.699327       10.020517     -419.117672       25.082227       33.045067       47.487523        2.469608
     89800      44900.000    264.1260     -239.414725     -308.590806       69.176080       21.963564     -430.821789       17.126402       24.029928       56.495267        2.615823
     89900      44950.000    308.1887     -239.203481     -319.919818       80.716337       12.176600     -434.252753       15.644240       48.273113       36.900998        1.337985
     90000      45000.000    356.8802     -239.297712     -332.766624       93.468912       20.023923     -443.267585       16.668181       37.547673       33.850744        2.410441
     90100      45050.000    291.5727     -239.331037     -315.695545       76.364508       25.447542     -436.572354       36.184358       20.887399       34.136965        4.220546
     90200      45100.000    311.8235     -239.424296     -321.092607       81.668311       23.009863     -439.403300       30.394685       37.175217       27.093737        0.637191
     90300      45150.000    348.9587     -239.345198     -330.739427       91.394229       23.825262     -441.364897       21.872379       36.736452       25.108285        3.083092
     90400      45200.000    307.8329     -239.393296     -320.016441       80.623145       19.971125     -430.999427       18.911821       34.915642       36.275245        0.909153
     90500      45250.000    260.9089     -239.393885     -307.727393       68.333507       37.620959     -440.439126       33.998137       26.736750       32.767915        1.587971
     90600      45300.000    239.3766     -239.384131     -302.078209       62.694077       27.182265     -434.577880       36.514790       32.159073       35.961573        0.681969
     90700      45350.000    240.4389     -239.329724     -302.302024       62.972299       40.266149     -451.708545       26.983007       49.513591       30.270112        2.373662
     90800      45400.000    227.1893     -239.384368     -298.886508       59.502141       29.069794     -426.857434       27.484706       44.990219       25.175821        1.250385
     90900      45450.000    305.5182     -239.404729     -319.421649       80.016919       50.667974     -450.879677       26.081025       22.771486       28.538659        3.398885
     91000      45500.000    246.9060     -239.450456     -304.116514       64.666058       20.234599     -423.338730       38.165374       26.769848       32.760180        1.292216
     91100      45550.000    284.3161     -239.523179     -313.987152       74.463973       45.435774     -440.170122       20.768877       35.491746       23.743706        0.742867
     91200      45600.000    300.5070     -239.504237     -318.208698       78.704461       22.424583     -428.783887       36.015730       29.224174       22.364029        0.546673
     91300      45650.000    235.4438     -239.518705     -301.182747       61.664043       40.111834     -446.626852       19.360098       61.575379       24.005962        0.390834
     91400      45700.000    294.0996     -239.497999     -316.524312       77.026313       24.327412     -437.174659       30.837930       33.737318       30.286420        1.461266
     91500      45750.000    296.7343     -239.613496     -317.329861       77.716365       40.553704     -443.059750       26.720156       33.673158       24.509099        0.273772
     91600      45800.000    291.8877     -239.566383     -316.013387       76.447004       16.094294     -429.257785       22.534168       47.073893       25.900056        1.641987
     91700      45850.000    258.6447     -239.505783     -307.246261       67.740478       41.487351     -458.199103       19.775393       56.887575       31.726608        1.075916
     91800      45900.000    282.8486     -239.502809     -313.582433       74.079625       11.354675     -429.321842       37.504922       37.002419       28.312159        1.565234
     91900      45950.000    331.3789     -239.413274     -326.203259       86.789985       23.773890     -440.066485       35.112675       24.112684       29.562270        1.301707
     92000      46000.000    223.9023     -239.466945     -298.108210       58.641265       16.678566     -442.465576       42.695587       50.015967       34.285315        0.681930
     92100      46050.000    298.4927     -239.543426     -317.720315       78.176889       19.854847     -446.449962       44.327039       21.473427       40.171338        2.902995
     92200      46100.000    307.0758     -239.532019     -319.956892       80.424873       17.450456     -441.222911       41.807893       22.654044       36.584721        2.768903
     92300      46150.000    228.5737     -239.582438     -299.447167       59.864729       13.125242     -442.458431       27.472366       56.666792       45.547830        0.199034
     92400      46200.000    248.8400     -239.532002     -304.704575       65.172573       36.668144     -457.370330       27.898666       43.079910       43.046637        1.972398
     92500      46250.000    267.7850     -239.440604     -309.574983       70.134379       12.239092     -435.812267       41.394367       34.406975       37.275187        0.921663
     92600      46300.000    307.6434     -239.506147     -320.079665       80.573518       23.599594     -443.145981       29.085004       38.053326       30.299303        2.029088
     92700      46350.000    295.5830     -239.506244     -316.921071       77.414826       24.970816     -448.477307       26.106083       45.934877       32.010411        2.534050
     92800      46400.000    318.4753     -239.486230     -322.896699       83.410469       35.092924     -445.784876       38.689059       19.683884       22.255947        7.166362
     92900      46450.000    299.6250     -239.481077     -317.954543       78.473466       22.151783     -440.909020       31.645452       42.490771       24.723804        1.942668
     93000      46500.000    315.5164     -239.515299     -322.150801       82.635501       26.038721     -438.730837       39.245922       18.599968       28.147922        4.547504
     93100      46550.000    350.0736     -239.462739     -331.148961       91.686223       28.974602     -447.752463       21.459114       38.134102       22.064410        5.971273
     93200      46600.000    360.7940     -239.411898     -333.905856       94.493958       21.995372     -435.930453       24.558452       27.649249       23.958034        3.863490
     93300      46650.000    319.2876     -239.307376     -322.930585       83.623209       25.934242     -455.276363       29.853932       55.019573       21.281836        0.256195
     93400      46700.000    363.0159     -239.231758     -334.307636       95.075877       25.702550     -443.699240       28.386676       35.875277       18.686006        0.741096
     93500      46750.000    313.3587     -239.423947     -321.494347       82.070400       31.048275     -436.140377       17.855668       37.154899       27.998957        0.588231
     93600      46800.000    237.3110     -239.454737     -301.607812       62.153075       27.611487     -442.152753       33.583215       37.862347       37.134500        4.353393
     93700      46850.000    277.6555     -239.397663     -312.117195       72.719532       33.407834     -445.562052       20.182627       44.715878       33.323680        1.814838
     93800      46900.000    355.0905     -239.365556     -332.365731       93.000175       28.942407     -433.472260       12.705779       27.488492       29.982794        1.987057
     93900      46950.000    320.0273     -239.408719     -323.225661       83.816942       25.578299     -440.708754       24.675598       24.633807       41.086696        1.508694
     94000      47000.000    287.5338     -239.350239     -314.656950       75.306711       25.545748     -444.677231       24.467447       46.355452       32.706517        0.945115
     94100      47050.000    291.1968     -239.263083     -315.529146       76.266062       27.124786     -428.246721       23.649415       24.197700       35.946204        1.799470
     94200      47100.000    246.5382     -239.251027     -303.820763       64.569736       26.365618     -427.686148       33.118635       23.893708       39.189381        1.298043
     94300      47150.000    290.8115     -239.423218     -315.588361       76.165143       30.387189     -449.585030       31.709547       36.984177       33.563396        1.352361
     94400      47200.000    295.7304     -239.500009     -316.953439       77.453430       19.792458     -431.563841       30.487665       27.907250       34.754945        1.668084
     94500      47250.000    285.5107     -239.423995     -314.200840       74.776845       34.744522     -444.326518       28.407947       21.374678       37.549127        8.049404
     94600      47300.000    319.7759     -239.575360     -323.326457       83.751096       17.658472     -447.021788       26.417540       35.605762       41.151956        2.861601
     94700      47350.000    295.0382     -239.358753     -316.630900       77.272147       37.692597     -451.943670       37.907004       25.483210       29.804580        4.425380
     94800      47400.000    385.1400     -239.455302     -340.325602      100.870300       24.069403     -439.239525       24.038219       15.215939       30.018220        5.572142
     94900      47450.000    292.4987     -239.322347     -315.929378       76.607030       24.886903     -435.570417       25.735103       24.241702       41.577879        3.199454
     95000      47500.000    281.4179     -239.455715     -313.160640       73.704925       37.043241     -450.933989       22.332689       38.774222       35.974867        3.648330
     95100      47550.000    323.6168     -239.463209     -324.220240       84.757031       23.331961     -427.645200       22.098645       32.490944       24.330095        1.173315
     95200      47600.000    303.0347     -239.380084     -318.746565       79.366481       30.385638     -446.738101       26.594843       30.758706       38.031448        2.220901
     95300      47650.000    269.5394     -239.277468     -309.871335       70.593867       28.064981     -453.873751       37.905984       43.685353       32.717372        1.628726
     95400      47700.000    332.6419     -239.244320     -326.365098       87.120778       27.798169     -443.355042       35.747558       20.812164       31.916432        0.715620
     95500      47750.000    301.1841     -239.344517     -318.226320       78.881803       18.954896     -435.325862       36.146176       28.351569       33.022611        0.624290
     95600      47800.000    321.3704     -239.471008     -323.639715       84.168707       23.725065     -446.742011       37.046641       32.213052       29.083325        1.034212
     95700      47850.000    332.5704     -239.381962     -326.483996       87.102034       31.229081     -450.997575       25.264291       42.617960       24.119421        1.282826
     95800      47900.000    253.2355     -239.364090     -305.687867       66.323778       15.492762     -428.457545       22.441851       41.039557       42.045932        1.749574
     95900      47950.000    286.1490     -239.326105     -314.270130       74.944025       26.432275     -446.788885       38.578983       32.986000       33.285155        1.236342
     96000      48000.000    334.8418     -239.320970     -327.017915       87.696945       22.509513     -450.998556       29.344218       36.782458       35.011589        0.332863
     96100      48050.000    319.8793     -239.395485     -323.173658       83.778173       18.257572     -437.093895       29.484223       31.407068       33.582270        1.189105
     96200      48100.000    292.2552     -239.379408     -315.922664       76.543256       29.158537     -450.510432       45.551141       28.616001       30.287998        0.974091
     96300      48150.000    332.9393     -239.438633     -326.637302       87.198669       22.815736     -444.308081       28.143450       35.167450       30.750070        0.794072
     96400      48200.000    336.3678     -239.419562     -327.516163       88.096601       37.784592     -454.065421       32.278341       28.040041       28.019490        0.426794
     96500      48250.000    208.5413     -239.346090     -293.964213       54.618123       25.717330     -431.298724       20.568632       51.563332       38.939375        0.545842
     96600      48300.000    263.5328     -239.414910     -308.435625       69.020715       27.960978     -448.947776       25.263561       48.768674       36.687434        1.831505
     96700      48350.000    327.6021     -239.557892     -325.358716       85.800824       33.057940     -451.349959       14.738543       40.478840       35.585834        2.130086
     96800      48400.000    261.6855     -239.544047     -308.080942       68.536895       18.350371     -431.317884       34.921744       34.728197       34.816585        0.420045
     96900      48450.000    364.9494     -239.436333     -335.018618       95.582285       22.457205     -443.979001       29.274757       25.820617       30.519915        0.887890
     97000      48500.000    314.0773     -239.269025     -321.527626       82.258602       20.472099     -450.204760       45.000920       27.308098       35.242397        0.653621
     97100      48550.000    292.8027     -239.367606     -316.054259       76.686653       25.820316     -435.351801       21.465528       42.289595       28.901290        0.820813
     97200      48600.000    281.6401     -239.432862     -313.195977       73.763115       18.764966     -440.375901       19.300581       43.490075       44.634890        0.989412
     97300      48650.000    289.9338     -239.341674     -315.276944       75.935270       29.260026     -439.683244       30.231829       26.508277       36.255230        2.150938
     97400      48700.000    257.7702     -239.369122     -306.880571       67.511449       22.876759     -433.418260       18.688786       44.543015       39.499208        0.929921
     97500      48750.000    283.8780     -239.460046     -313.809274       74.349229       15.606143     -423.872117       35.630605       21.908826       32.523701        4.393568
     97600      48800.000    294.2682     -239.546236     -316.616715       77.070479       39.454493     -451.593770       14.499425       44.977708       35.017867        1.027562
     97700      48850.000    247.1397     -239.418841     -304.146105       64.727263       20.109363     -427.044220       35.464586       28.556739       35.527777        3.239650
     97800      48900.000    272.9945     -239.395531     -310.894317       71.498786       28.155828     -433.275397       28.365725       27.371533       38.106358        0.381635
     97900      48950.000    290.0762     -239.459444     -315.432022       75.972579       17.132025     -419.400511       21.475572       26.309052       37.934420        1.117420
     98000      49000.000    281.5337     -239.329875     -313.065108       73.735233       26.628290     -438.607696       20.635666       45.789076       31.674605        0.814952
     98100      49050.000    282.8600     -239.460366     -313.542973       74.082608       26.232929     -431.716276       46.912519       22.695350       22.047213        0.285292
     98200      49100.000    277.1004     -239.534046     -312.108174       72.574128       15.704400     -432.697878       32.638969       47.326573       24.382572        0.537189
     98300      49150.000    281.6119     -239.508022     -313.263737       73.755715       29.897863     -454.017513       48.327241       37.111223       23.401539        2.015910
     98400      49200.000    338.5896     -239.564390     -328.242881       88.678491       22.879207     -441.949697       22.639034       43.828483       23.711917        0.648175
     98500      49250.000    331.8853     -239.594688     -326.517305       86.922617       22.191506     -426.004345       22.782296       33.418670       20.080606        1.013963
     98600      49300.000    301.5010     -239.503856     -318.468638       78.964782       37.312414     -442.459899       25.347454       38.892936       21.947546        0.490911
     98700      49350.000    334.6110     -239.466504     -327.102994       87.636491       26.330984     -447.403176       24.238856       47.939892       21.349841        0.440608
     98800      49400.000    366.8882     -239.381219     -335.471272       96.090054       33.715856     -447.498426       21.738912       35.846148       19.299508        1.426730
     98900      49450.000    326.5900     -239.406762     -324.942501       85.535739       36.849285     -441.289259       34.255513       21.743088       22.980952        0.517920
     99000      49500.000    258.4059     -239.545432     -307.223389       67.677957       26.216425     -443.939983       32.907049       49.225561       27.000234        1.367327
     99100      49550.000    295.5835     -239.511135     -316.926094       77.414958       42.196845     -451.528720       31.895674       29.680498       29.217040        1.612569
     99200      49600.000    284.2605     -239.659765     -314.109171       74.449406       24.308973     -438.364717       32.543304       36.713260       27.834330        2.855680
     99300      49650.000    291.9040     -239.409197     -315.860489       76.451292       39.658083     -451.338436       34.902893       26.866182       30.249632        3.801157
     99400      49700.000    295.9539     -239.526514     -317.038498       77.511983       18.419668     -438.413363       32.253116       39.823950       26.844493        4.033639
     99500      49750.000    333.5282     -239.530141     -326.883040       87.352899       25.174441     -437.954804       26.053112       21.248032       24.245991       14.350188
     99600      49800.000    267.0601     -239.377701     -309.322235       69.944535       23.170958     -441.497647       38.631794       37.646196       26.844731        5.881733
     99700      49850.000    219.2375     -239.397863     -296.817375       57.419512       22.850074     -452.838275       50.501133       38.104023       39.313262        5.252408
     99800      49900.000    333.5297     -239.466891     -326.820174       87.353283       18.550711     -444.826228       20.245680       34.063170       38.582600        6.563893
     99900      49950.000    307.5853     -239.414623     -319.972927       80.558304       17.391435     -432.081943       21.703193       28.763155       41.666555        2.584678
    100000      50000.000    246.6797     -239.442347     -304.049127       64.606780       21.858206     -439.127058       41.634393       31.570583       38.917171        1.097578
    100100      50050.000    253.0904     -239.437574     -305.723355       66.285781       17.033040     -435.577500       27.101204       47.532296       37.882371        0.305233
    100200      50100.000    258.3521     -239.680101     -307.343965       67.663864       34.136242     -443.163622       27.540781       29.011201       42.344450        2.786983
    100300      50150.000    316.4967     -239.484937     -322.377180       82.892243        9.625028     -425.291269       24.691118       29.763451       36.702233        2.132259
    100400      50200.000    302.6901     -239.508610     -318.784834       79.276224       34.628447     -449.834040       31.078241       26.604511       32.273650        6.464357
    100500      50250.000    270.4875     -239.600279     -310.442451       70.842172       13.223899     -427.341752       28.904605       35.724466       31.639670        7.406662
    100600      50300.000    294.5904     -239.574244     -316.729101       77.154857       27.671837     -440.912473       22.522336       28.938207       40.670293        4.380700
    100700      50350.000    401.5418     -239.515132     -344.681156      105.166024       22.080953     -439.755698       17.118006       25.257597       29.337926        1.280062
    100800      50400.000    360.6529     -239.549801     -334.006809       94.457007       27.088430     -444.082619       22.158963       35.758581       24.291676        0.778161
    100900      50450.000    292.3018     -239.295408     -315.850883       76.555475       37.278167     -444.316799       28.361337       36.938804       24.573188        1.314420
    101000      50500.000    385.7046     -239.480143     -340.498326      101.018183       28.003992     -446.511409       16.263769       34.807648       26.102994        0.834681
    101100      50550.000    337.4404     -239.644217     -328.021751       88.377534       37.334610     -453.953298       31.500003       28.178787       28.186668        0.731479
    101200      50600.000    333.9989     -239.488773     -326.964946       87.476173       26.342119     -452.150557       16.641410       52.918974       28.629167        0.653940
    101300      50650.000    365.0507     -239.583146     -335.191958       95.608812       22.385071     -431.252198       25.358613       23.467589       23.083386        1.765581
    101400      50700.000    336.6329     -239.449501     -327.615541       88.166039       19.377239     -440.949725       26.170156       40.158380       20.813595        6.814814
    101500      50750.000    321.3178     -239.574336     -323.729264       84.154928       29.139380     -444.094245       27.938842       27.423483       26.204781        9.658494
    101600      50800.000    280.8737     -239.509216     -313.071615       73.562399       13.779133     -425.641993       21.537796       35.450145       27.948024       13.855280
    101700      50850.000    294.5440     -239.430018     -316.572738       77.142720       38.678360     -449.074277       23.292767       27.527869       35.847220        7.155322
    101800      50900.000    282.2266     -239.504580     -313.421310       73.916730        8.942118     -430.888938       36.664443       28.701547       37.034367        6.125154
    101900      50950.000    282.4495     -239.520113     -313.495223       73.975110       31.987352     -442.408276       19.335086       33.167717       43.044322        1.378576
    102000      51000.000    202.7455     -239.553388     -292.653577       53.100189       17.621834     -433.154503       31.451319       45.808679       41.033298        4.585796
    102100      51050.000    251.4044     -239.382739     -305.226957       65.844218       19.426884     -430.264328       41.026302       22.963634       38.202537        3.418015
    102200      51100.000    266.7211     -239.488623     -309.344373       69.855749       30.570502     -443.060264       24.927550       23.152117       46.365227        8.700495
    102300      51150.000    250.6272     -239.566158     -305.206816       65.640658       13.410782     -423.799589       27.967289       23.746911       32.161285       21.306507
    102400      51200.000    263.2670     -239.590471     -308.541570       68.951099       34.872523     -449.499657       38.351483       24.274939       35.518962        7.940180
    102500      51250.000    258.7242     -239.607290     -307.368591       67.761301       19.035016     -435.097397       31.909062       44.397894       25.251938        7.134896
    102600      51300.000    361.2452     -239.779815     -334.391947       94.612131       29.580714     -445.497950       13.158761       39.036975       27.381137        1.948416
    102700      51350.000    289.4368     -239.625232     -315.430334       75.805102       19.573223     -435.527306       34.735291       33.403201       31.738056        0.647200
    102800      51400.000    272.3216     -239.591591     -310.914141       71.322550       41.760981     -449.687975       27.965294       28.967829       34.666831        5.412900
    102900      51450.000    311.4834     -239.557214     -321.136442       81.579227       32.620738     -445.478028       41.449962       23.797082       20.834262        5.639542
    103000      51500.000    286.9348     -239.716364     -314.866192       75.149828       30.303678     -456.714192       24.170074       61.666246       23.721265        1.986737
    103100      51550.000    300.5584     -239.552378     -318.270310       78.717932       33.666487     -431.359087       33.135661       22.367168       22.347241        1.572219
    103200      51600.000    362.8296     -239.608373     -334.635467       95.027095       29.305632     -442.634660       27.931064       30.719482       18.954719        1.088296
    103300      51650.000    326.9088     -239.654591     -325.273822       85.619231       32.612138     -444.684557       17.922247       43.141724       25.097084        0.637542
    103400      51700.000    248.5293     -239.537646     -304.628842       65.091196       28.431017     -438.639143       30.522508       39.905936       29.869989        5.280852
    103500      51750.000    230.6172     -239.537630     -299.937566       60.399936       18.136417     -429.477127       30.044672       33.969829       44.631179        2.757464
    103600      51800.000    340.0340     -239.796714     -328.853505       89.056791       29.951406     -454.412283       19.754475       38.046715       34.848041        2.958141
    103700      51850.000    315.7661     -239.671982     -322.372888       82.700906       27.304218     -432.550881       21.137227       18.106246       39.268106        4.362196
    103800      51900.000    236.7964     -239.578198     -301.596499       62.018301       15.450445     -431.520688       23.679795       42.482602       42.813343        5.498004
    103900      51950.000    315.8552     -239.705563     -322.429804       82.724240       35.662547     -450.673219       20.037068       25.029571       41.222417        6.291813
    104000      52000.000    265.0950     -239.607506     -309.037373       69.429868       15.265302     -424.101283       22.439298       35.267497       39.184029        2.907783
    104100      52050.000    305.2079     -239.515116     -319.450756       79.935641       32.352837     -440.008370       28.015372       12.447627       44.997862        2.743917
    104200      52100.000    288.7567     -239.592106     -315.219090       75.626984       18.326020     -428.531299       27.457070       25.910224       41.026009        0.592886
    104300      52150.000    322.8346     -239.459528     -324.011699       84.552171       22.299810     -443.097828       23.366028       28.243419       42.061357        3.115516
    104400      52200.000    321.3114     -239.409024     -323.562274       84.153250       23.503058     -450.011352       42.094760       23.512009       32.503013        4.836238
    104500      52250.000    259.0291     -239.509071     -307.350228       67.841157       18.020768     -428.907522       38.576764       36.695947       24.554281        3.709534
    104600      52300.000    351.0764     -239.431252     -331.380129       91.948878       22.461719     -442.272875       25.274916       34.950102       27.454094        0.751915
    104700      52350.000    254.0926     -239.594006     -306.142268       66.548262       34.082065     -450.277448       55.063178       20.308361       33.894957        0.786619
    104800      52400.000    290.4394     -239.640320     -315.708005       76.067685       23.276996     -433.395068       23.393513       37.851666       30.947641        2.217247
    104900      52450.000    298.7076     -239.535633     -317.768811       78.233177       24.866563     -431.277330       37.278306       26.964075       20.649046        3.750528
    105000      52500.000    293.6906     -239.709929     -316.629126       76.919197       43.860127     -458.305359       32.196468       45.861645       18.378870        1.379124
    105100      52550.000    362.1954     -239.663166     -334.524158       94.860992       18.416299     -437.416987       27.266208       41.728393       14.477664        1.004265
    105200      52600.000    307.6846     -239.579514     -320.163824       80.584310       37.069321     -448.782908       24.411302       45.188856       21.152340        0.797264
    105300      52650.000    297.4893     -239.497787     -317.411889       77.914103       20.272859     -435.742253       33.152764       28.822628       32.611968        3.470144
    105400      52700.000    189.8511     -239.649830     -289.372890       49.723060       34.344741     -441.055763       25.668403       41.107717       46.268029        4.293982
    105500      52750.000    289.1373     -239.641056     -315.367727       75.726671       18.118237     -423.212175       21.287405       25.860250       40.329021        2.249534
    105600      52800.000    317.8924     -239.616600     -322.874395       83.257795       35.368639     -446.009745       19.801611       24.809419       38.653301        4.502381
    105700      52850.000    275.7177     -239.490344     -311.702354       72.212011       21.342832     -436.397597       40.987832       26.333610       34.162352        1.868616
    105800      52900.000    321.3408     -239.577018     -323.737974       84.160956       27.078851     -440.090278       22.689464       29.004138       35.002368        2.577483
    105900      52950.000    276.2132     -239.625848     -311.967635       72.341787       21.620578     -435.053532       28.493419       26.883359       40.023493        6.065047
    106000      53000.000    270.9723     -239.677064     -310.646219       70.969155       23.803813     -437.461011       31.138024       25.733544       41.011136        5.128275
    106100      53050.000    337.5914     -239.752340     -328.169416       88.417076       27.589178     -444.803830       29.593601       18.518210       40.450535        0.482890
    106200      53100.000    263.4787     -239.719196     -308.725727       69.006531       22.780226     -439.545291       43.452715       20.642895       43.285184        0.658544
    106300      53150.000    305.7235     -239.753722     -319.824412       80.070690       28.025664     -441.847766       24.779294       33.234920       34.674337        1.309139
    106400      53200.000    325.0459     -239.724974     -324.856312       85.131338       20.836671     -433.922784       29.785804       22.022857       35.152591        1.268550
    106500      53250.000    339.2209     -239.680042     -328.523897       88.843855       32.018489     -445.328798       24.168751       27.077916       30.208361        3.331384
    106600      53300.000    256.5431     -239.592933     -306.782988       67.190055       22.373129     -436.262195       31.662037       30.858145       33.553518       11.032378
    106700      53350.000    283.7985     -239.663173     -313.991589       74.328416       30.508172     -452.468335       36.255244       20.116996       44.934853        6.661482
    106800      53400.000    322.0420     -239.534418     -323.879020       84.344602       21.075985     -439.156386       44.297703       18.306711       28.087850        3.509118
    106900      53450.000    257.8893     -239.529353     -307.072008       67.542655       35.662486     -451.914341       37.325555       37.126083       31.287768        3.440440
    107000      53500.000    375.5058     -239.632424     -337.979486       98.347062       21.691462     -445.270002       28.003643       28.364774       25.677244        3.553395
    107100      53550.000    242.4940     -239.504864     -303.015384       63.510520       32.848256     -441.472755       35.229054       30.496140       30.563953        9.319968
    107200      53600.000    238.7522     -239.658826     -302.189352       62.530526       24.304397     -441.922668       24.469885       49.632167       40.038989        1.287878
    107300      53650.000    287.1643     -239.599197     -314.809136       75.209939       22.401154     -440.763927       34.694574       33.342693       34.138717        1.377652
    107400      53700.000    348.6501     -239.633804     -330.947220       91.313416       28.831463     -446.518234       28.110010       32.670626       22.488383        3.470532
    107500      53750.000    298.9583     -239.625308     -317.924154       78.298846       23.261491     -448.951144       38.588364       36.394008       29.345269        3.437857
    107600      53800.000    289.7445     -239.670300     -315.555999       75.885699       27.230449     -455.125766       35.337396       28.714516       43.789414        4.497992
    107700      53850.000    311.4096     -239.641686     -321.201598       81.559912       23.919282     -436.916346       30.039007       20.891676       35.167487        5.697296
    107800      53900.000    280.8681     -239.551669     -313.112585       73.560916       36.938922     -446.116725       31.395847       22.581205       40.926663        1.161504
    107900      53950.000    325.8830     -239.421036     -324.771621       85.350585       18.143163     -438.623822       16.651385       39.993803       38.441473        0.622378
    108000      54000.000    272.6532     -239.633722     -311.043113       71.409392       30.281276     -449.859753       38.094874       28.126888       38.827470        3.486131
    108100      54050.000    285.9944     -239.783145     -314.686684       74.903539       12.728030     -436.793593       33.416864       27.682619       47.181135        1.098262
    108200      54100.000    231.7205     -239.651128     -300.340011       60.688883       30.179526     -436.009136       23.870548       32.629495       37.327110       11.662447
    108300      54150.000    318.6190     -239.686309     -323.134388       83.448080       27.359032     -439.641816       19.769556       26.474667       39.525947        3.378225
    108400      54200.000    225.1565     -239.533452     -298.503194       58.969743       19.785009     -429.199595       28.732984       26.985658       53.783811        1.408939
    108500      54250.000    280.3109     -239.544658     -312.959642       73.414984       22.226980     -441.947214       23.398886       26.608171       54.968664        1.784872
    108600      54300.000    295.0203     -239.701883     -316.969351       77.267468       24.192216     -434.010410       21.558661       29.797493       37.660218        3.832471
    108700      54350.000    329.1515     -239.621271     -325.827890       86.206620       27.110916     -444.650303       23.767367       25.926519       38.847238        3.170372
    108800      54400.000    319.6320     -239.574095     -323.287505       83.713410       24.663283     -441.958318       17.802645       34.285670       39.025623        2.893591
    108900      54450.000    347.7305     -239.819455     -330.891999       91.072544       20.809738     -436.248415       18.836352       35.246228       27.014863        3.449235
    109000      54500.000    271.7572     -239.555332     -310.730062       71.174730       33.301130     -447.420745       26.499055       42.212719       33.525606        1.152172
    109100      54550.000    319.1094     -239.553835     -323.130354       83.576518       32.688904     -435.090864       31.298727       21.885287       21.702269        4.385323
    109200      54600.000    260.5239     -239.482260     -307.714928       68.232669       16.082989     -419.419201       36.977420       23.895726       32.901456        1.846682
    109300      54650.000    293.8010     -239.323873     -316.271985       76.948111       27.924544     -453.660680       25.946562       52.184182       30.317722        1.015684
    109400      54700.000    320.1272     -239.446459     -323.289555       83.843096       26.317460     -445.279661       30.451447       30.438606       32.324769        2.457824
    109500      54750.000    292.5444     -239.593551     -316.212567       76.619017       30.162073     -429.998179       23.615252       22.416819       35.462752        2.128715
    109600      54800.000    313.0628     -239.574254     -321.567137       81.992883       19.885129     -435.929424       34.913288       22.106146       33.772709        3.685015
    109700      54850.000    245.8831     -239.543511     -303.941658       64.398147       49.386396     -457.057412       33.413536       25.703472       36.310233        8.302117
    109800      54900.000    325.9639     -239.652781     -325.024537       85.371756       15.582223     -413.981843       20.659886       18.495719       32.101874        2.117604
    109900      54950.000    261.2603     -239.447245     -307.872766       68.425521       16.323495     -426.883586       28.148102       26.505595       46.939248        1.094380
    110000      55000.000    260.3109     -239.679761     -307.856649       68.176888       33.283228     -456.630276       33.821907       43.191870       37.798687        0.677936
    110100      55050.000    362.4745     -239.643878     -334.577974       94.934095       13.828771     -432.738731       24.493111       23.361234       36.190516        0.287126
    110200      55100.000    190.7496     -239.757450     -289.715821       49.958371       48.336718     -439.226262       35.954074       15.685750       46.828433        2.705466
    110300      55150.000    271.9786     -239.690587     -310.923301       71.232714       15.050749     -428.942539       25.018369       35.540259       42.074054        0.335808
    110400      55200.000    286.5801     -239.759584     -314.816508       75.056924       35.778580     -455.203285       26.886773       35.310445       40.680898        1.730080
    110500      55250.000    240.3390     -239.601035     -302.547166       62.946131       13.533624     -418.919389       28.697004       22.152137       51.190074        0.799383
    110600      55300.000    295.0110     -239.600828     -316.865857       77.265029       11.587423     -414.471363       25.527034       16.740918       41.504108        2.246023
    110700      55350.000    217.5308     -239.749459     -296.721989       56.972529       39.818872     -455.125841       19.869166       30.465876       63.529222        4.720717
    110800      55400.000    258.0429     -239.481839     -307.064707       67.582868       14.026276     -430.105658       30.992263       28.527337       45.396409        4.098666
    110900      55450.000    317.3086     -239.830312     -322.935189       83.104878       37.031798     -440.079590       19.418505       20.619470       38.514984        1.559644
    111000      55500.000    361.4022     -239.573000     -334.226241       94.653241       19.980780     -440.946782       18.897629       30.789476       35.254572        1.798084
    111100      55550.000    261.5879     -239.625767     -308.137084       68.511317       20.043912     -444.453789       34.133675       37.405731       44.438956        0.294430
    111200      55600.000    342.0635     -239.644301     -329.232641       89.588340       26.267841     -435.544360       22.821576       23.307614       30.365587        3.549101
    111300      55650.000    239.2639     -239.799640     -302.464185       62.664545       27.700366     -440.511342       25.140624       45.836979       37.312722        2.056465
    111400      55700.000    250.8094     -239.788291     -305.476668       65.688377       30.088407     -444.358891       49.508443       30.500133       27.291742        1.493498
    111500      55750.000    317.5750     -239.715203     -322.889868       83.174664       17.786114     -442.410174       22.975822       42.799896       34.774668        1.183808
    111600      55800.000    285.0522     -239.751941     -314.408693       74.656752       34.474056     -445.931353       32.657081       31.859783       30.736991        1.794749
    111700      55850.000    302.1313     -239.628015     -318.757874       79.129860       23.858111     -451.587727       25.923048       53.688549       25.907339        3.452805
    111800      55900.000    278.0559     -239.712592     -312.536987       72.824395       29.289430     -441.184803       25.128976       39.037000       32.871955        2.320455
    111900      55950.000    286.8016     -239.826803     -314.941734       75.114931       43.590224     -434.542840       21.134437       26.095526       27.649009        1.131910
    112000      56000.000    303.8420     -239.608118     -319.186018       79.577900       30.352286     -442.183451       28.217447       25.723193       36.889985        1.814522
    112100      56050.000    323.9233     -239.584137     -324.421459       84.837321       20.586350     -448.822830       20.659305       51.261965       31.094899        0.798852
    112200      56100.000    319.4178     -239.653870     -323.311181       83.657312       38.060287     -438.965874       29.143700       18.396751       28.544445        1.509511
    112300      56150.000    336.4908     -239.542919     -327.671744       88.128825       16.733027     -432.511413       16.827119       31.927563       36.939223        2.412737
    112400      56200.000    288.4533     -239.546466     -315.094004       75.547538       38.018285     -455.051026       29.874136       30.618193       40.050047        1.396361
    112500      56250.000    287.5938     -239.672624     -314.995033       75.322410       17.291537     -426.496105       25.486431       29.331195       37.860440        1.531468
    112600      56300.000    287.7207     -239.668923     -315.024580       75.355657       28.783542     -439.802836       31.513273       24.016839       38.888261        1.576341
    112700      56350.000    289.1714     -239.832549     -315.568144       75.735595       17.001127     -430.356280       27.474169       30.235894       39.155086        0.921861
    112800      56400.000    312.4937     -239.735316     -321.579148       81.843831       17.297677     -443.986031       19.320802       38.470516       45.487719        1.830168
    112900      56450.000    340.6210     -239.752356     -328.962906       89.210549       23.589413     -434.606372       20.516273       24.150139       36.541758        0.845884
    113000      56500.000    347.3513     -239.685509     -330.658762       90.973254       19.209159     -443.608070       28.109767       21.819987       38.233176        5.577219
    113100      56550.000    277.1544     -239.540032     -312.128305       72.588273       40.194424     -462.552263       25.697227       37.089379       41.991094        5.451833
    113200      56600.000    304.2684     -239.467477     -319.157055       79.689578       19.155621     -436.763959       38.322397       21.465487       33.572964        5.090436
    113300      56650.000    296.1900     -239.662530     -317.236341       77.573811       29.883278     -435.584679       25.585603       24.640724       30.628073        7.610660
    113400      56700.000    255.2499     -239.707931     -306.559295       66.851365       20.283987     -437.777986       38.868611       36.321940       32.256450        3.487702
    113500      56750.000    352.6726     -239.839444     -332.206362       92.366918       34.352593     -445.801193       31.660929       19.883284       25.636032        2.061992
    113600      56800.000    246.6551     -239.739127     -304.339482       64.600356       32.858064     -444.954694       34.429396       40.164612       31.144735        2.018405
    113700      56850.000    294.5626     -239.631912     -316.779486       77.147574       20.493912     -441.366950       50.304894       24.017929       29.293799        0.476930
    113800      56900.000    352.3434     -239.741846     -332.022539       92.280693       31.717638     -455.558897       23.807440       30.319757       35.076832        2.614691
    113900      56950.000    205.8471     -239.671266     -293.583773       53.912507       17.790698     -427.806772       33.220331       39.541892       42.688189        0.981890
    114000      57000.000    273.4745     -239.665965     -311.290468       71.624504       25.947215     -444.775323       30.733999       38.700860       37.713076        0.389705
    114100      57050.000    279.2261     -239.631785     -312.762647       73.130862       21.819228     -448.816369       37.115521       40.272448       34.204450        2.642075
    114200      57100.000    260.3735     -239.825649     -308.018914       68.193266       25.289685     -443.767873       36.324592       26.650943       42.457945        5.025794
    114300      57150.000    288.7808     -239.822656     -315.455957       75.633300       20.364443     -435.636288       30.169165       19.173758       50.216706        0.256259
    114400      57200.000    289.5573     -239.652802     -315.489464       75.836662       16.180632     -442.880451       21.306051       47.431715       42.059293        0.413296
    114500      57250.000    289.7326     -239.789954     -315.672535       75.882580       25.676516     -441.878006       27.253279       30.548370       39.999469        2.727837
    114600      57300.000    287.7029     -239.699618     -315.050602       75.350984       29.718582     -432.798043       32.258723       25.605470       29.312273        0.852392
    114700      57350.000    288.1120     -239.799287     -315.257428       75.458142       27.817112     -446.683152       20.496436       42.261222       38.355713        2.495240
    114800      57400.000    245.5689     -239.827184     -304.143042       64.315859       18.241759     -433.005393       39.320845       27.993452       41.384279        1.922014
    114900      57450.000    310.8565     -239.926558     -321.341595       81.415037       27.074616     -442.327079       18.868976       35.642979       29.788275        9.610638
    115000      57500.000    342.9597     -239.994811     -329.817860       89.823049       25.607422     -446.341452       26.103586       23.085409       34.183347        7.543828
    115100      57550.000    230.3429     -239.883685     -300.211782       60.328097       19.737301     -439.644347       35.279805       34.782482       41.723875        7.909102
    115200      57600.000    266.8500     -240.057433     -309.946924       69.889491       16.627792     -431.578709       28.004717       27.511147       41.108871        8.379259
    115300      57650.000    353.6840     -239.843903     -332.475702       92.631799       37.853199     -438.799677       27.780012       13.010430       27.384641        0.295693
    115400      57700.000    360.6369     -239.917945     -334.370752       94.452807       23.274066     -444.828454       26.967189       31.949274       27.270246        0.996927
    115500      57750.000    335.9152     -239.970878     -327.948947       87.978068       25.919858     -448.788052       24.251274       24.649126       44.680415        1.338431
    115600      57800.000    250.3348     -239.839828     -305.403897       65.564069       33.439759     -442.474824       31.817965       23.861376       43.255493        4.696333
    115700      57850.000    337.4281     -239.806397     -328.180686       88.374289       26.902020     -443.890145       26.469781       30.031996       30.251353        2.054308
    115800      57900.000    355.8376     -239.816546     -333.012384       93.195838       26.808136     -441.241821       26.243399       32.181394       22.005518        0.990989
    115900      57950.000    258.3375     -239.821382     -307.481406       67.660024       36.280077     -436.969285       23.885859       23.685212       41.244594        4.392137
    116000      58000.000    292.1110     -239.905063     -316.410574       76.505511       17.430082     -433.961834       13.373574       33.171973       50.807708        2.767922
    116100      58050.000    338.6486     -239.884225     -328.578177       88.693952       23.232056     -442.876141       19.192218       36.130755       33.906206        1.836729
    116200      58100.000    297.6258     -239.762030     -317.711876       77.949846       16.905903     -429.786980       28.390867       23.555369       39.121868        4.101097
    116300      58150.000    341.5225     -239.841036     -329.287684       89.446649       26.184054     -438.332284       21.573937       27.085674       33.505798        0.695137
    116400      58200.000    262.6275     -239.779940     -308.563538       68.783598       23.618645     -447.598541       24.970855       30.410169       49.313117       10.722217
    116500      58250.000    296.6104     -239.768269     -317.452188       77.683919       25.133374     -437.694568       13.567686       28.784237       47.131991        5.625091
    116600      58300.000    292.0426     -239.707906     -316.195499       76.487594       24.831579     -433.448493       23.939239       24.302146       36.435221        7.744809
    116700      58350.000    265.8510     -239.844961     -309.472820       69.627859        9.411366     -424.186240       26.447739       25.492374       48.322615        5.039326
    116800      58400.000    202.2524     -239.630875     -292.601897       52.971023       22.809257     -442.397227       23.909551       40.599012       56.582431        5.895079
    116900      58450.000    284.7896     -239.615078     -314.203065       74.587987       21.664905     -435.737234       21.840838       27.711111       43.731797        6.585518
    117000      58500.000    359.2428     -239.745219     -333.832909       94.087689       30.266075     -438.199389       22.589460       15.111269       33.986761        2.412915
    117100      58550.000    337.7132     -239.738982     -328.187957       88.448975       18.864758     -441.625866       30.991474       29.728753       32.946663        0.906261
    117200      58600.000    333.8491     -239.944402     -327.381336       87.436934       37.488162     -454.996928       26.342489       28.511842       33.145684        2.127414
    117300      58650.000    275.5151     -239.910368     -312.069314       72.158946       20.515950     -434.368590       28.274307       37.552679       33.564324        2.392016
    117400      58700.000    343.1550     -239.794730     -329.668941       89.874211       28.509893     -448.022318       19.380102       41.700608       28.282360        0.480413
    117500      58750.000    312.4012     -239.838090     -321.657695       81.819606       23.811720     -440.884687       24.916894       28.563854       38.793716        3.140807
    117600      58800.000    265.2058     -240.046209     -309.505083       69.458874       31.578258     -440.029705       17.041628       41.117365       40.402729        0.384642
    117700      58850.000    311.4007     -239.998783     -321.556354       81.557571       37.316709     -447.743037       19.070193       33.350789       35.465413        0.983579
    117800      58900.000    296.0204     -240.042704     -317.572103       77.529400       23.471921     -446.853507       34.468273       45.715541       24.238600        1.387069
    117900      58950.000    284.9552     -240.149349     -314.780714       74.631365       32.225832     -438.696325       31.063008       24.742259       32.887622        2.996889
    118000      59000.000    290.1504     -240.108199     -316.100202       75.992003       23.751413     -437.305833       25.345032       30.815004       40.442745        0.851436
    118100      59050.000    284.7041     -240.070513     -314.636100       74.565587       28.520822     -444.732281       27.024393       38.473233       35.330818        0.746915
    118200      59100.000    289.6233     -240.123960     -315.977904       75.853944       22.601849     -444.617888       36.196546       35.199195       33.417335        1.225058
    118300      59150.000    316.4311     -239.918951     -322.794024       82.875073       23.295503     -430.908032       28.333104       30.005650       25.316015        1.163736
    118400      59200.000    276.6987     -240.002077     -312.471015       72.468938       21.063951     -444.436488       24.039057       47.386255       38.158008        1.318202
    118500      59250.000    301.3061     -239.879432     -318.793175       78.913743       24.588005     -439.292537       26.738905       19.774085       47.916316        1.482050
    118600      59300.000    296.0548     -240.127565     -317.665966       77.538402       24.759456     -433.692590       16.534843       36.348683       36.207456        2.176186
    118700      59350.000    287.6419     -239.983648     -315.318656       75.335007       35.819722     -447.175798       24.608258       26.990444       42.497657        1.941061
    118800      59400.000    228.7736     -239.907992     -299.825076       59.917084       29.119828     -446.791442       17.060873       48.077139       50.811331        1.897195
    118900      59450.000    253.8681     -240.072606     -306.562083       66.489477       29.003817     -444.094416       24.410892       31.352415       46.729321        6.035889
    119000      59500.000    234.2694     -239.994718     -301.351191       61.356473       25.416736     -442.070221       31.413754       26.926076       53.536488        3.425976
    119100      59550.000    269.4368     -240.076417     -310.643420       70.567004       19.347688     -441.011228       29.350808       45.195902       35.984019        0.489389
    119200      59600.000    272.0529     -239.938376     -311.190551       71.252175       34.858564     -447.084391       25.621777       34.077084       37.718358        3.618058
    119300      59650.000    261.5599     -240.103454     -308.607453       68.503999       29.414961     -439.231853       16.920129       36.540729       46.119494        1.629087
    119400      59700.000    313.8593     -240.198255     -322.399750       82.201495       17.885398     -431.553934       24.297866       32.499847       31.630902        2.840171
    119500      59750.000    337.9384     -240.312823     -328.820768       88.507945       26.701482     -447.581061       16.093639       35.743053       38.649337        1.572783
    119600      59800.000    252.1666     -240.224382     -306.268230       66.043848       20.779579     -430.204391       29.317824       27.237495       45.196529        1.404734
    119700      59850.000    292.7295     -240.216718     -316.884215       76.667497       20.948208     -430.095407       25.167839       25.711809       40.856218        0.527117
    119800      59900.000    241.0987     -239.876079     -303.021171       63.145092       23.725357     -440.466673       24.904073       36.027843       50.849074        1.939156
    119900      59950.000    292.1847     -240.030251     -316.555060       76.524809       24.129040     -443.726730       24.212864       29.759292       46.764447        2.306028
    120000      60000.000    360.3870     -240.029189     -334.416545       94.387355       36.256780     -443.131043       13.586324       22.168701       35.760164        0.942529
    120100      60050.000    306.6223     -240.043569     -320.349658       80.306089       16.310527     -436.590300       11.973929       47.020639       38.699464        2.236083
    120200      60100.000    253.3457     -240.143477     -306.496116       66.352639       26.448719     -437.852185       37.322369       25.531911       40.777144        1.275925
    120300      60150.000    292.4020     -240.093975     -316.675692       76.581716       22.105537     -440.806048       34.331634       26.048721       38.390157        3.254308
    120400      60200.000    287.4221     -240.034411     -315.311871       75.277459       35.099085     -442.767406       28.601131       23.205705       38.661308        1.888307
    120500      60250.000    245.6784     -240.078198     -304.422743       64.344545       19.855608     -437.409124       46.180330       33.420942       32.024166        1.505336
    120600      60300.000    264.9292     -240.066008     -309.452434       69.386426       37.154861     -446.685996       25.996243       33.473217       36.380617        4.228623
    120700      60350.000    338.3377     -240.089560     -328.702098       88.612538       25.983044     -443.238903       25.093601       29.071167       32.609100        1.779893
    120800      60400.000    297.6507     -240.065982     -318.022354       77.956372       25.556118     -435.648901       31.237570       20.606494       38.567903        1.658461
    120900      60450.000    293.8305     -240.138375     -317.094233       76.955858       24.818909     -447.355561       28.319254       37.548254       35.560152        4.014759
    121000      60500.000    337.2809     -240.094328     -328.430070       88.335742       18.506177     -443.128067       26.153562       37.595052       31.925035        0.518171
    121100      60550.000    299.2363     -240.280441     -318.652091       78.371650       35.615013     -447.564211       23.103766       22.717452       42.689694        4.786194
    121200      60600.000    225.3514     -239.951390     -298.972183       59.020794       12.461759     -432.417679       41.561314       27.476690       48.924959        3.020774
    121300      60650.000    307.5892     -240.073013     -320.632339       80.559326       30.076988     -452.070877       25.242668       25.611253       47.821287        2.686342
    121400      60700.000    358.8578     -240.107375     -334.094227       93.986852       11.224285     -430.900860       27.150323       14.985331       40.410298        3.036397
    121500      60750.000    292.2823     -239.927191     -316.477557       76.550367       32.499260     -454.783434       36.397851       27.306590       35.600494        6.501682
    121600      60800.000    300.8999     -239.990321     -318.797670       78.807349       28.204497     -439.329195       27.731851       24.038711       37.171272        3.385194
    121700      60850.000    258.6994     -240.144674     -307.899487       67.754813       20.877477     -430.183897       31.002162       25.579096       39.739554        5.086121
    121800      60900.000    383.0643     -240.251253     -340.577927      100.326674       28.937907     -435.655600       23.114845       17.647577       25.153061        0.224284
    121900      60950.000    329.1133     -240.108422     -326.305033       86.196611       22.916818     -440.391738       19.307088       41.504186       27.065696        3.292917
    122000      61000.000    318.3198     -240.188820     -323.558543       83.369723       32.516659     -452.118573       37.236936       24.812820       32.735806        1.257810
    122100      61050.000    301.1174     -240.101961     -318.966287       78.864327       21.938978     -444.802477       31.082503       42.151583       29.710957        0.952168
    122200      61100.000    313.6469     -240.070929     -322.216811       82.145881       35.041187     -444.600439       32.049165       30.249176       21.710635        3.333465
    122300      61150.000    272.9506     -239.905400     -311.392691       71.487291       32.205772     -442.529270       31.362521       31.683507       31.389918        4.494862
    122400      61200.000    294.3061     -240.074047     -317.154445       77.080398       24.373566     -441.079053       23.957665       41.173439       30.854766        3.565173
    122500      61250.000    270.4105     -240.114632     -310.936655       70.822023       33.160330     -439.978033       23.332193       29.407150       41.055593        2.086112
    122600      61300.000    287.0335     -240.056812     -315.232493       75.175681       37.928078     -449.806058       22.948248       38.440007       33.885235        1.371998
    122700      61350.000    291.2977     -240.138044     -316.430536       76.292492       23.804651     -444.665558       41.055094       27.670633       34.212746        1.491897
    122800      61400.000    314.2704     -240.136615     -322.445781       82.309167       37.725616     -455.233170       29.334433       39.868601       23.440211        2.418528
    122900      61450.000    255.4366     -240.088811     -306.989074       66.900264       17.241434     -428.695184       46.986678       27.709172       28.893298        0.875528
    123000      61500.000    328.7469     -240.081651     -326.182308       86.100657       33.880800     -442.847826       18.412329       29.742397       32.918629        1.711363
    123100      61550.000    258.0769     -239.919328     -307.511098       67.591769       21.263789     -436.341521       47.078200       32.040530       27.804530        0.643374
    123200      61600.000    317.7053     -239.980176     -323.188961       83.208785       30.745209     -443.761988       19.183182       40.089210       29.179908        1.375519
    123300      61650.000    312.4432     -240.059236     -321.889852       81.830616       20.588645     -434.346909       16.519350       45.891066       28.577325        0.880671
    123400      61700.000    323.0514     -240.046827     -324.655797       84.608970       22.468251     -439.486932       23.741199       32.266301       32.008224        4.347161
    123500      61750.000    345.0650     -239.860398     -330.234832       90.374434       30.093216     -447.238291       26.219435       26.679110       33.199763        0.811934
    123600      61800.000    287.5420     -239.969343     -315.278185       75.308842       13.609359     -441.881249       22.286204       43.283569       40.746774        6.677158
    123700      61850.000    303.0135     -239.807057     -319.167978       79.360921       33.672268     -449.684020       31.326555       31.305128       32.165997        2.046094
    123800      61900.000    247.2410     -239.840492     -304.594284       64.753792       24.085989     -436.730849       36.622557       27.343312       41.866693        2.218014
    123900      61950.000    313.9759     -239.848278     -322.080313       82.232035       18.745268     -434.734569       32.668828       24.724761       35.545588        0.969811
    124000      62000.000    366.9898     -239.866007     -335.982674       96.116667       30.740255     -442.454797       28.944894       22.591354       23.774551        0.421069
    124100      62050.000    305.4398     -239.897490     -319.893876       79.996386       24.213441     -435.684174       29.820275       27.867748       33.577463        0.311372
    124200      62100.000    329.3348     -240.125296     -326.379903       86.254608       39.008080     -455.706748       28.962199       30.695571       30.373643        0.287351
    124300      62150.000    288.6331     -240.036988     -315.631610       75.594622       13.035194     -427.195363       24.041897       32.803556       36.477367        5.205739
    124400      62200.000    328.8123     -240.172493     -326.290271       86.117778       28.093106     -441.632107       23.414652       27.806132       35.076786        0.951158
    124500      62250.000    279.1387     -239.985241     -313.093230       73.107989       27.972409     -443.355542       30.604505       40.819018       28.708634        2.157747
    124600      62300.000    381.3174     -240.091418     -339.960582       99.869164       23.871265     -443.297173       18.160878       41.229782       19.038866        1.035800
    124700      62350.000    313.5727     -240.100213     -322.226639       82.126426       23.231864     -447.474796       22.022302       48.203249       29.569289        2.221454
    124800      62400.000    329.8415     -240.172551     -326.559875       86.387324       20.969591     -440.367303       31.140658       32.341728       28.213434        1.142015
    124900      62450.000    263.6691     -240.131540     -309.187958       69.056417       19.657876     -439.917623       33.089875       35.763077       37.427639        4.791199
    125000      62500.000    306.1883     -240.137094     -320.329510       80.192417       21.182515     -444.049695       29.227466       37.505904       35.646429        0.157871
    125100      62550.000    265.9001     -240.066613     -309.707334       69.640721       21.685362     -439.466449       29.269160       38.743147       39.451216        0.610230
    125200      62600.000    318.4994     -240.076360     -323.493135       83.416775       25.690688     -454.036752       33.055196       37.467227       31.096371        3.234135
    125300      62650.000    253.3549     -239.902856     -306.257915       66.355059       35.164259     -454.655611       27.971818       49.524181       33.588081        2.149357
    125400      62700.000    322.3400     -240.040535     -324.463186       84.422651       18.421979     -437.801301       21.620855       38.646742       32.355618        2.292920
    125500      62750.000    298.5725     -240.147665     -318.345468       78.197803       18.505450     -431.410006       29.729505       33.021673       29.970444        1.837466
    125600      62800.000    307.6419     -240.079853     -320.652987       80.573134       23.262910     -440.274986       31.489114       33.547618       30.317693        1.004663
    125700      62850.000    307.7367     -240.081158     -320.679115       80.597957       37.534754     -445.146979       29.874327       29.181379       27.538577        0.338827
    125800      62900.000    248.7989     -240.085245     -305.247063       65.161818       18.382349     -432.711715       45.387349       31.697567       24.595986        7.401403
    125900      62950.000    289.6424     -240.016547     -315.875507       75.858960       28.812692     -447.517937       27.633898       40.363644       32.850568        1.981628
    126000      63000.000    266.1995     -239.998263     -309.717406       69.719143       23.331877     -445.517821       24.924792       50.128650       34.126827        3.288269
    126100      63050.000    304.7123     -240.004779     -319.810631       79.805852       37.357142     -447.571716       33.766211       17.152942       38.846234        0.638557
    126200      63100.000    327.6664     -240.093203     -325.910864       85.817661       14.060872     -437.824323       23.063368       29.691356       44.546068        0.551795
    126300      63150.000    240.0894     -240.025886     -302.906645       62.880759       45.770421     -455.877708       35.822723       40.776665       28.078180        2.523074
    126400      63200.000    344.3484     -240.214728     -330.401493       90.186765       24.491492     -434.364914       33.532770       22.744452       22.322786        0.871920
    126500      63250.000    271.9201     -240.156571     -311.373950       71.217379       30.308746     -436.423629       26.820573       31.149077       35.084119        1.687164
    126600      63300.000    316.1005     -240.169445     -322.957929       82.788484       22.949548     -448.067983       36.068375       37.217285       28.115558        0.759287
    126700      63350.000    246.7522     -240.126760     -304.752530       64.625771       27.956002     -445.446604       35.838277       39.814081       35.015763        2.069952
    126800      63400.000    289.5044     -240.117631     -315.940454       75.822823       21.325042     -432.569040       37.516817       28.999545       27.126151        1.661030
    126900      63450.000    371.4539     -240.082799     -337.368634       97.285835       27.757093     -445.579931       19.903758       23.457127       32.687319        4.406000
    127000      63500.000    315.2608     -240.081110     -322.649659       82.568549       26.671165     -444.470124       33.262171       30.862013       28.071306        2.953810
    127100      63550.000    284.1432     -240.027515     -314.446210       74.418695       17.340112     -430.864837       29.125573       30.828444       38.219591        0.904906
    127200      63600.000    273.1334     -240.011938     -311.547086       71.535147       35.207271     -446.468259       32.469799       24.446919       39.761817        3.035369
    127300      63650.000    297.8964     -240.114196     -318.134913       78.020717       18.556410     -445.119682       24.129615       36.572788       46.935653        0.790302
    127400      63700.000    204.6974     -240.029180     -293.640579       53.611399       22.748863     -446.350071       29.347338       51.706633       46.036792        2.869866
    127500      63750.000    294.0114     -240.035651     -317.038870       77.003219       19.507679     -435.464167       16.726890       33.480967       45.991710        2.718052
    127600      63800.000    351.5180     -240.054062     -332.118591       92.064530       34.344918     -447.697948       30.698894       21.059602       29.029545        0.446398
    127700      63850.000    290.7481     -239.891584     -316.040129       76.148545       22.692134     -434.488678       34.295558       33.451411       27.479154        0.530293
    127800      63900.000    323.7093     -239.984392     -324.765674       84.781282       25.053782     -432.925252       27.292402       24.289697       30.062498        1.461199
    127900      63950.000    322.0885     -239.927853     -324.284635       84.356782       28.078138     -439.987132       26.348360       33.095922       27.091048        1.089030
    128000      64000.000    357.2826     -239.876799     -333.451101       93.574301       23.702440     -436.461050       26.547883       23.582281       28.902857        0.274487
    128100      64050.000    237.8850     -239.903462     -302.206858       62.303396       23.682927     -435.175711       50.067661       28.877978       28.246101        2.094185
    128200      64100.000    318.5993     -239.971053     -323.413981       83.442928       23.053727     -443.288764       31.620119       35.048673       29.421045        0.731219
    128300      64150.000    309.4771     -240.149864     -321.203631       81.053767       31.074660     -447.255322       34.582859       27.568649       30.839392        1.986132
    128400      64200.000    245.6741     -239.998495     -304.341899       64.343405       22.879468     -439.908407       34.484198       46.683056       29.068803        2.450983
    128500      64250.000    276.6063     -240.041614     -312.486336       72.444722       35.226627     -452.052771       27.632345       39.796879       36.060868        0.849716
    128600      64300.000    269.3738     -240.075710     -310.626216       70.550506       22.760869     -443.903880       35.944841       32.208394       39.008176        3.355385
    128700      64350.000    323.1278     -239.903400     -324.532363       84.628963       28.332733     -445.265241       24.489188       28.586021       37.193764        2.131172
    128800      64400.000    281.9133     -240.113033     -313.947707       73.834674       22.341135     -442.463389       39.584073       34.427348       30.659908        1.503219
    128900      64450.000    353.8370     -240.225595     -332.897489       92.671894       24.492055     -452.951612       20.462799       42.749991       31.208180        1.141098
    129000      64500.000    300.8469     -240.133534     -318.927021       78.793487       21.824852     -431.308162       29.785346       25.302397       34.853857        0.614689
    129100      64550.000    224.3943     -240.047471     -298.817595       58.770124       30.648346     -429.811100       45.825790       16.105439       37.489482        0.924447
    129200      64600.000    278.3742     -239.973426     -312.881168       72.907742       24.912544     -427.359258       19.615259       36.926463       32.534435        0.489389
    129300      64650.000    243.5861     -239.984869     -303.781435       63.796566       26.973195     -442.132029       31.035800       41.709908       37.488147        1.143543
    129400      64700.000    304.6846     -240.040023     -319.838623       79.798600       25.138236     -435.221716       29.811310       31.612339       28.418270        0.402936
    129500      64750.000    281.4705     -240.106156     -313.824843       73.718687       26.280576     -446.727552       39.056414       39.680792       26.663616        1.221310
    129600      64800.000    331.2281     -240.167956     -326.918437       86.750481       28.504774     -449.906012       32.945807       24.348797       36.554950        0.633247
    129700      64850.000    263.4666     -239.946928     -308.950294       69.003365       19.571134     -441.260821       29.154765       49.589907       32.850153        1.144568
    129800      64900.000    296.2341     -240.052434     -317.637791       77.585357       33.503697     -441.013022       30.603481       24.845025       33.698713        0.724315
    129900      64950.000    256.2414     -240.070028     -307.181085       67.111057       15.007723     -438.419941       29.850225       54.135251       30.768919        1.476737
    130000      65000.000    269.8569     -240.081359     -310.758379       70.677020       32.871681     -443.312881       40.864549       28.254485       26.546701        4.017085
    130100      65050.000    300.0706     -239.972255     -318.562417       78.590163       19.013130     -432.681338       39.098300       36.036806       18.929702        1.040982
    130200      65100.000    259.5463     -240.116626     -308.093256       67.976630       29.520305     -440.193493       51.314479       22.509488       27.578764        1.177202
    130300      65150.000    288.3797     -240.088258     -315.616502       75.528244       27.404081     -453.356607       25.598316       56.691297       27.844148        0.202263
    130400      65200.000    265.7489     -240.133146     -309.734253       69.601107       17.972374     -424.638658       35.546049       24.620794       33.589070        3.176118
    130500      65250.000    344.0507     -240.154354     -330.263141       90.108787       24.174073     -432.531468       18.757204       29.633757       28.406681        1.296612
    130600      65300.000    213.3016     -239.853284     -295.718166       55.864882       28.904480     -442.163051       57.353610       26.528469       31.539399        2.118927
    130700      65350.000    248.7623     -239.908141     -305.060383       65.152242       33.497316     -440.341818       23.524303       49.717635       27.357830        1.184351
    130800      65400.000    278.6040     -239.995698     -312.963627       72.967928       19.866162     -426.961588       31.126505       37.219917       24.858384        0.926994
    130900      65450.000    283.9247     -240.004744     -314.366218       74.361474       31.849095     -444.993753       27.483338       43.446873       26.688885        1.159344
    131000      65500.000    243.3127     -239.949655     -303.674619       63.724964       16.517358     -436.235312       42.558883       40.030669       32.317488        1.136295
    131100      65550.000    292.6001     -239.908672     -316.542263       76.633591       22.734130     -441.915061       24.727265       35.587468       38.585141        3.738794
    131200      65600.000    355.5220     -240.103151     -333.216337       93.113186       22.211933     -438.020276       21.801275       30.596433       27.235881        2.958417
    131300      65650.000    284.6648     -239.976363     -314.531648       74.555285       22.141878     -444.474515       35.471021       38.218696       33.360389        0.750884
    131400      65700.000    307.9172     -240.075536     -320.720760       80.645224       31.276135     -441.526808       34.996695       27.881977       25.731613        0.919628
    131500      65750.000    334.1931     -240.020441     -327.547479       87.527038       25.584697     -430.766787       31.462109       21.061782       24.313240        0.797479
    131600      65800.000    356.6612     -240.101912     -333.513473       93.411561       21.406673     -437.859204       31.289163       22.397925       28.823154        0.428816
    131700      65850.000    239.6010     -239.946972     -302.699807       62.752835       25.976340     -442.073474       36.309405       38.042559       35.565495        3.479867
    131800      65900.000    246.2939     -240.098052     -304.603805       64.505753       31.405332     -429.916609       32.256532       27.284518       32.732707        1.633714
    131900      65950.000    366.3933     -239.967044     -335.927481       95.960437       26.220000     -448.647031       20.418230       29.986532       34.323576        1.771211
    132000      66000.000    302.3282     -239.892884     -319.074335       79.181451       22.911637     -437.739386       41.471886       22.003726       30.731937        1.545865
    132100      66050.000    282.4252     -239.868889     -313.837623       73.968733       22.541632     -443.587416       24.125364       39.501644       41.646538        1.934616
    132200      66100.000    311.6551     -239.851646     -321.475864       81.624217       37.213481     -447.672822       24.229209       21.443428       42.716296        0.594544
    132300      66150.000    265.6064     -239.709760     -309.273544       69.563783       12.757444     -435.472081       37.003242       29.892649       45.598733        0.946470
    132400      66200.000    198.5002     -239.577686     -291.565987       51.988301       34.594467     -455.348665       46.496094       34.895149       46.330340        1.466629
    132500      66250.000    218.1008     -239.709628     -296.831452       57.121823       24.984912     -443.540851       31.726292       43.035433       45.810541        1.152221
    132600      66300.000    286.0640     -239.788596     -314.710364       74.921768       30.820552     -442.234755       29.841259       25.963252       33.802522        7.096808
    132700      66350.000    294.5763     -239.925958     -317.077137       77.151178       26.447248     -450.740239       39.559959       34.103970       32.933435        0.618490
    132800      66400.000    308.8751     -239.988159     -320.884263       80.896104       23.833735     -439.671981       28.539491       28.507864       36.908778        0.997851
    132900      66450.000    284.5892     -239.964090     -314.499582       74.535493       20.216189     -427.187611       20.811303       35.801909       34.372617        1.486011
    133000      66500.000    308.7594     -239.992802     -320.858603       80.865801       20.373771     -440.761168       43.536507       14.573000       37.036129        4.383158
    133100      66550.000    266.6175     -240.071768     -309.900375       69.828607       25.045482     -450.051949       33.829290       38.483062       37.263733        5.530007
    133200      66600.000    292.1647     -240.021013     -316.540584       76.519571       17.158151     -430.090747       23.535397       14.613029       52.855261        5.388325
    133300      66650.000    266.7147     -239.920290     -309.774352       69.854063       37.182604     -449.567760       31.026076       12.971952       54.908254        3.704521
    133400      66700.000    278.5749     -239.844929     -312.805259       72.960330       16.869357     -436.754521       27.963863       28.213983       48.963805        1.938254
    133500      66750.000    255.9756     -239.981436     -307.022866       67.041430       26.456129     -450.022380       21.574794       23.913067       66.701103        4.354421
    133600      66800.000    233.7773     -239.800297     -301.027884       61.227587       23.239560     -436.785708       33.300109       23.264320       54.105626        1.848210
    133700      66850.000    255.0209     -239.918945     -306.710344       66.791399       21.448530     -444.022965       34.289392       22.555631       48.436378       10.582690
    133800      66900.000    329.6146     -240.008159     -326.336060       86.327901       29.406788     -448.603267       27.417678       25.542368       34.342967        5.557406
    133900      66950.000    329.8801     -239.799896     -326.197327       86.397431       12.907222     -434.126545       31.640763       24.799399       37.749213        0.832621
    134000      67000.000    262.3208     -239.973409     -308.676697       68.703289       46.815697     -456.487577       27.163733       24.159326       47.731275        1.940848
    134100      67050.000    261.9528     -239.793302     -308.400202       68.606900       19.248023     -437.612213       21.737979       39.576358       47.204464        1.445187
    134200      67100.000    303.0901     -239.988174     -319.369155       79.380981       29.910600     -440.810867       25.568334       20.773289       43.668380        1.521110
    134300      67150.000    237.7827     -239.970196     -302.246803       62.276607       26.531176     -444.624785       45.468394       23.015976       40.531815        6.830620
    134400      67200.000    218.2713     -239.889762     -297.056238       57.166476       27.933764     -442.737507       28.252746       42.261417       45.979489        1.253852
    134500      67250.000    268.9651     -240.024895     -310.468367       70.443471       19.956965     -441.367549       32.081115       38.202208       38.782384        1.876510
    134600      67300.000    377.4903     -240.103442     -338.970251       98.866809       27.083026     -441.266391       25.788555       10.237229       32.121194        7.066137
    134700      67350.000    357.3692     -240.280489     -333.877479       93.596989       22.782507     -445.232585       20.486756       22.878635       41.470476        3.736732
    134800      67400.000    363.0037     -240.200107     -335.272806       95.072699       26.070662     -445.415079       13.983432       27.506002       41.571232        1.010945
    134900      67450.000    289.4050     -240.029946     -315.826726       75.796780       20.719007     -444.739175       28.298104       24.089766       46.547762        9.257810
    135000      67500.000    230.5473     -240.083874     -300.465491       60.381617       18.730236     -435.143200       34.736765       23.929649       54.885773        2.395287
    135100      67550.000    292.9820     -240.025923     -316.759531       76.733608       27.996854     -449.344466       22.663643       19.605763       56.797828        5.520846
    135200      67600.000    207.8246     -239.845863     -294.276278       54.430415       18.738562     -433.134264       41.378723       30.484430       46.845414        1.410857
    135300      67650.000    251.0625     -240.133887     -305.888554       65.754667       26.520774     -447.304791       39.112212       23.845757       49.948942        1.988551
    135400      67700.000    293.3037     -240.129887     -316.947754       76.817868       23.632055     -440.775978       33.141572       24.167465       40.362553        2.524578
    135500      67750.000    345.4207     -240.195439     -330.663046       90.467606       24.307557     -437.442883       20.574445       25.993936       33.428297        2.475603
    135600      67800.000    277.1307     -240.036706     -312.618777       72.582071       27.589153     -431.750583       31.840502       18.607084       39.887876        1.207191
    135700      67850.000    323.1944     -240.065106     -324.711529       84.646423       30.176638     -445.805190       17.671380       39.350922       33.138842        0.755879
    135800      67900.000    284.8941     -240.004423     -314.619766       74.615344       20.606267     -433.483830       30.880226       32.377228       33.813075        1.187268
    135900      67950.000    205.0148     -239.921631     -293.616162       53.694531       39.112974     -448.611159       49.207689       37.892512       28.192770        0.589052
    136000      68000.000    227.4877     -240.079501     -299.659792       59.580291       23.700344     -434.275493       53.103434       17.831793       36.969791        3.010338
    136100      68050.000    298.1784     -240.052743     -318.147330       78.094586       24.396334     -445.471054       32.443230       36.172504       33.304735        1.006922
    136200      68100.000    313.0422     -240.156477     -322.143983       81.987506       36.925327     -445.897076       15.827318       40.972739       28.838286        1.189422
    136300      68150.000    288.0655     -240.088451     -315.534411       75.445960       18.663210     -439.024361       23.359037       49.398388       30.574553        1.494762
    136400      68200.000    286.2898     -240.268147     -315.249051       74.980905       34.095726     -445.799802       30.015153       31.798777       32.929729        1.711365
    136500      68250.000    243.0169     -240.025063     -303.672534       63.647472       23.051706     -422.023122       36.348154       18.182373       39.060442        1.707913
    136600      68300.000    278.9728     -240.042841     -313.107384       73.064544       28.869696     -437.582039       25.345048       36.608947       33.085113        0.565850
    136700      68350.000    342.2749     -240.287907     -329.931621       89.643713       20.809527     -442.925988       29.706974       26.642314       33.412459        2.423092
    136800      68400.000    320.5520     -240.207027     -324.161378       83.954351       25.710677     -441.542969       30.988045       22.877035       35.243673        2.562162
    136900      68450.000    361.7583     -240.081946     -334.828469       94.746523       22.048950     -437.943054       27.847223       25.004777       26.207537        2.006098
    137000      68500.000    350.4897     -240.207327     -332.002540       91.795214       26.785122     -442.173825       30.181352       16.314064       31.211499        5.679248
    137100      68550.000    303.0780     -240.349156     -319.726974       79.377818       18.742550     -436.758660       20.805892       33.028448       44.040297        0.414498
    137200      68600.000    314.0405     -240.152820     -322.401768       82.248948       25.417772     -434.454358       22.507550       25.230573       38.522714        0.373983
    137300      68650.000    322.4859     -240.224715     -324.685576       84.460862       20.293332     -433.226947       20.243643       26.273387       39.237279        2.493730
    137400      68700.000    316.9445     -240.273478     -323.283008       83.009529       15.267601     -439.511233       29.789436       24.915561       36.885594        9.370033
    137500      68750.000    285.1334     -240.238720     -314.916753       74.678032       26.621821     -449.467935       37.349288       31.883762       32.168273        6.528038
    137600      68800.000    329.9927     -240.331474     -326.758404       86.426929       19.898387     -440.613233       36.324210       23.593157       27.479362        6.559713
    137700      68850.000    314.4463     -240.393701     -322.748935       82.355234       38.144375     -454.607386       25.893065       39.489701       23.816476        4.514835
    137800      68900.000    306.1639     -240.280185     -320.466224       80.186039       20.099654     -439.820047       48.020233       24.438617       24.817441        1.977878
    137900      68950.000    283.6589     -240.194817     -314.486663       74.291845       33.231441     -438.135977       28.963947       31.908205       28.578166        0.967556
    138000      69000.000    323.4976     -240.220862     -324.946687       84.725825       29.377045     -444.732102       29.434601       32.644034       27.078345        1.251390
    138100      69050.000    277.9543     -240.260787     -313.058562       72.797775       29.362781     -445.174159       39.160244       36.798343       22.704048        4.090180
    138200      69100.000    260.7391     -240.173166     -308.462200       68.289034       24.889907     -441.586036       60.212956       26.216363       18.544655        3.259955
    138300      69150.000    280.4529     -240.354629     -313.806797       73.452168       33.405530     -452.644495       33.178418       45.273160       24.908732        2.071858
    138400      69200.000    320.5342     -240.469627     -324.419311       83.949684       23.444093     -446.949121       34.876376       26.217030       36.415699        1.576611
    138500      69250.000    217.2539     -240.108184     -297.008200       56.900016       29.364960     -450.558223       45.306440       38.464288       39.693772        0.720563
    138600      69300.000    348.5253     -240.248624     -331.529343       91.280720       31.086362     -443.578186       27.713681       28.530014       22.498968        2.219819
    138700      69350.000    318.5310     -240.183682     -323.608734       83.425051       22.067485     -443.363533       24.951657       48.883457       22.825513        1.026686
    138800      69400.000    243.3181     -240.121934     -303.848291       63.726357       25.790539     -437.142312       49.939994       17.704128       32.428445        7.430915
    138900      69450.000    315.5392     -240.071860     -322.713345       82.641484       19.395510     -438.192376       32.466159       29.928752       32.068779        1.619831
    139000      69500.000    325.7750     -240.190047     -325.512333       85.322286       26.545418     -447.863190       36.500548       34.580239       24.409442        0.315211
    139100      69550.000    308.1137     -240.198413     -320.895116       80.696703       21.072891     -437.948802       32.540335       32.065009       31.043673        0.331778
    139200      69600.000    337.1622     -240.331235     -328.635903       88.304668       19.447379     -435.822594       33.005806       17.802586       35.155257        1.775662
    139300      69650.000    272.9465     -240.269970     -311.756175       71.486205       22.642978     -446.084127       20.259582       55.512882       35.081594        0.830917
    139400      69700.000    249.8649     -240.096887     -305.537895       65.441008       28.365829     -435.082262       39.573446       26.868497       29.453081        5.283513
    139500      69750.000    313.4337     -240.052381     -322.142416       82.090036       22.575616     -430.628145       26.996625       19.866344       38.565835        0.481309
    139600      69800.000    301.8403     -240.045578     -319.099223       79.053645       18.705972     -439.902022       27.722979       35.351436       38.466907        0.555505
    139700      69850.000    248.6499     -239.877482     -305.000266       65.122784       16.625515     -437.030138       21.771798       39.213329       51.184714        3.234516
    139800      69900.000    271.1192     -239.862345     -310.869963       71.007617       29.965922     -438.369469       40.506883       16.521241       39.923797        0.581663
    139900      69950.000    340.3732     -239.960596     -329.106228       89.145632       21.650775     -448.782704       27.600385       35.386280       32.983085        2.055951
    140000      70000.000    294.7942     -240.063509     -317.271742       77.208233       23.265932     -439.819427       41.697520       26.210581       30.497599        0.876052
    140100      70050.000    267.9454     -240.035587     -310.211981       70.176394       20.952235     -438.202444       36.859815       30.036497       36.498952        3.642963
    140200      70100.000    296.8855     -240.108668     -317.864632       77.755964       25.960833     -431.564918       36.008793       20.636119       30.725801        0.368740
    140300      70150.000    357.0239     -240.199977     -333.706528       93.506551       24.576644     -433.131714       20.885295       22.567582       29.018367        2.377298
    140400      70200.000    257.9591     -240.037101     -307.598018       67.560917       24.786815     -442.607214       30.576898       35.122086       43.237134        1.286263
    140500      70250.000    242.7549     -239.870576     -303.449440       63.578864       34.149107     -439.454987       32.384758       30.424479       35.231659        3.815544
    140600      70300.000    328.5984     -239.931709     -325.993463       86.061754       22.396106     -441.621038       27.011101       33.661173       31.659464        0.899732
    140700      70350.000    315.9019     -239.878551     -322.615008       82.736457       43.028915     -454.705007       26.006629       26.068638       36.291964        0.693854
    140800      70400.000    260.5262     -239.890088     -308.123357       68.233269       12.805609     -432.774969       43.607387       32.983359       34.054960        1.200297
    140900      70450.000    234.8179     -240.107441     -301.607557       61.500115       44.465475     -458.961710       33.189241       30.118838       46.749359        2.831240
    141000      70500.000    280.7381     -240.042633     -313.569516       73.526883       17.712454     -442.195254       32.029614       33.923698       43.029838        1.930134
    141100      70550.000    307.4921     -240.182503     -320.716406       80.533903       40.007996     -439.125883       29.062961       17.359397       30.864190        1.114934
    141200      70600.000    311.6939     -240.130450     -321.764829       81.634379       14.120861     -433.278263       26.058729       36.980463       33.809713        0.543667
    141300      70650.000    228.4814     -239.893990     -299.734545       59.840555       25.065550     -438.191335       31.454655       41.204492       39.561633        1.170460
    141400      70700.000    260.3475     -240.049235     -308.235704       68.186469       17.686607     -432.971741       33.603178       35.035505       36.622597        1.788150
    141500      70750.000    357.3544     -240.127139     -333.720238       93.593099       17.329426     -428.318344       26.930689       15.484010       32.215476        2.638505
    141600      70800.000    284.8015     -240.303310     -314.894407       74.591097       26.901574     -450.206620       24.674629       40.698050       40.499398        2.538561
    141700      70850.000    246.1102     -240.092328     -304.549951       64.457623       21.957339     -437.070943       21.273331       51.724606       36.496486        1.069230
    141800      70900.000    267.3883     -240.097907     -310.128393       70.030486       41.906464     -446.517141       32.194838       24.568190       35.845596        1.873659
    141900      70950.000    371.2880     -240.181606     -337.424006       97.242400       13.520332     -433.116814       21.335593       22.934465       37.140762        0.761655
    142000      71000.000    327.7568     -240.124993     -325.966337       85.841344       28.829913     -454.901086       25.048801       32.820211       41.099379        1.136445
    142100      71050.000    236.1113     -240.280766     -302.119640       61.838874       27.969702     -440.307455       19.358256       46.914834       42.671006        1.274016
    142200      71100.000    239.3403     -240.007867     -302.692437       62.684571       26.217556     -437.959634       13.746517       48.571529       41.690147        5.041448
    142300      71150.000    332.1366     -240.163551     -327.151989       86.988438       27.658939     -453.582497       27.423009       43.561870       24.760742        3.025948
    142400      71200.000    298.0957     -240.035687     -318.108605       78.072918       33.994374     -448.287797       35.418603       24.695614       31.523793        4.546807
    142500      71250.000    266.5768     -240.086863     -309.904813       69.817950       24.343171     -439.466299       35.066397       40.023674       26.618180        3.510064
    142600      71300.000    306.6159     -240.235064     -320.539482       80.304417       46.459626     -451.980984       19.476887       33.215927       30.321910        1.967152
    142700      71350.000    318.5542     -240.164057     -323.595167       83.431110       16.886101     -439.476883       20.839594       33.861193       43.499963        0.794864
    142800      71400.000    313.0502     -240.130213     -322.119815       81.989602       24.188203     -443.250799       23.992682       27.127662       45.331315        0.491121
    142900      71450.000    261.9244     -240.072556     -308.672004       68.599448       25.633402     -440.817215       31.160829       25.475304       44.906515        4.969162
    143000      71500.000    288.2047     -240.144359     -315.626789       75.482429       17.342596     -445.808393       29.722497       46.721028       35.135713        1.259771
    143100      71550.000    303.4462     -240.194506     -319.668753       79.474247       24.779065     -448.674774       29.821782       36.345424       36.996248        1.063501
    143200      71600.000    298.6038     -240.006225     -318.212232       78.206007       19.569799     -432.655335       23.805249       31.130514       39.011774        0.925767
    143300      71650.000    318.5454     -239.928969     -323.357779       83.428810       23.305158     -443.313388       28.055326       31.269680       36.223846        1.101599
    143400      71700.000    182.1305     -240.117928     -287.818914       47.700986       14.932892     -434.337131       47.854361       42.423363       37.215730        4.091871
    143500      71750.000    242.9870     -239.861382     -303.501040       63.639658       27.852087     -433.834813       35.614250       31.285921       33.717104        1.864410
    143600      71800.000    304.3228     -240.057649     -319.761493       79.703845       38.883605     -449.389767       32.151953       27.750282       30.401269        0.441164
    143700      71850.000    316.7783     -239.929945     -322.895951       82.966006       18.438344     -436.603743       28.042206       37.517524       29.383535        0.326183
    143800      71900.000    316.2515     -239.970660     -322.798699       82.828039       18.063100     -440.508063       39.557487       21.548323       37.873813        0.666641
    143900      71950.000    272.4024     -239.930874     -311.274583       71.343708       34.575078     -455.472305       34.411147       31.096211       41.497359        2.617928
    144000      72000.000    303.7335     -240.071515     -319.621020       79.549504       22.626303     -441.954050       29.895933       31.324482       38.031704        0.454608
    144100      72050.000    306.3119     -240.106112     -320.330919       80.224807       30.885775     -447.720922       30.063799       29.832441       35.437379        1.170610
    144200      72100.000    335.3067     -240.072171     -327.890876       87.818705       38.239179     -448.490370       37.160995       24.657878       19.676025        0.865417
    144300      72150.000    312.2044     -239.903570     -321.671634       81.768064       22.491647     -443.312411       19.332639       42.341005       28.773931        8.701555
    144400      72200.000    316.4220     -239.864920     -322.737592       82.872672       20.665761     -439.885041       20.534803       38.856999       33.028450        4.061436
    144500      72250.000    293.7212     -239.801878     -316.729084       76.927206       32.820418     -446.176383       37.341089       22.230788       33.530054        3.524949
    144600      72300.000    290.3433     -239.725624     -315.768162       76.042538       17.036513     -433.772954       30.616553       29.419369       38.573947        2.358409
    144700      72350.000    318.5573     -239.955812     -323.387738       83.431926       22.995605     -441.464049       26.367715       31.751619       35.861060        1.100312
    144800      72400.000    321.3432     -240.114742     -324.276320       84.161578       30.667861     -443.027578       17.644363       32.570436       37.217080        0.651518
    144900      72450.000    285.1314     -240.013433     -314.690928       74.677494       26.422264     -436.925742       32.300148       14.824069       45.722752        2.965582
    145000      72500.000    238.6943     -240.019200     -302.534579       62.515379       14.346399     -434.186498       27.369195       41.679053       45.580995        2.676278
    145100      72550.000    280.0283     -239.845408     -313.186368       73.340960       22.734719     -429.039053       36.528308       15.885484       40.025824        0.678349
    145200      72600.000    260.0006     -239.840012     -307.935612       68.095601       30.439088     -439.515683       27.588774       27.950355       43.543449        2.058405
    145300      72650.000    310.3291     -239.871413     -321.148329       81.276916       19.216182     -430.575194       38.925243       22.405216       28.050848        0.829376
    145400      72700.000    300.0734     -239.733322     -318.324219       78.590897       17.644565     -439.410704        9.216153       50.725616       40.623702        2.876450
    145500      72750.000    294.6714     -239.725120     -316.901209       77.176090       22.641262     -436.172130       28.072435       24.019450       43.754283        0.783491
    145600      72800.000    313.1410     -239.702871     -321.716251       82.013380       23.423793     -435.081978       22.908178       23.103497       43.370576        0.559684
    145700      72850.000    249.5172     -239.726001     -305.075946       65.349945       26.688136     -443.220662       32.428849       26.183677       49.908539        2.935516
    145800      72900.000    308.1174     -239.852333     -320.550006       80.697673       26.236517     -447.786094       26.458114       37.813985       34.510445        2.217028
    145900      72950.000    325.6956     -239.952322     -325.253808       85.301486       26.932096     -434.723387       19.597274       34.659280       26.877096        1.403834
    146000      73000.000    283.8029     -239.867542     -314.197112       74.329570       29.397686     -441.979153       20.484701       48.534355       28.532694        0.832605
    146100      73050.000    245.4423     -239.909173     -304.191874       64.282701       34.589849     -435.509448       23.620983       47.381817       24.616615        1.108310
    146200      73100.000    290.8657     -239.939125     -316.118479       76.179354       21.480529     -429.807622       22.331969       40.849477       26.592657        2.434511
    146300      73150.000    264.5409     -239.917096     -309.201819       69.284723       41.004682     -447.490738       24.635651       39.173510       29.088532        4.386544
    146400      73200.000    301.4233     -240.042741     -318.987187       78.944446       22.330580     -438.660033       31.043681       36.798544       28.940282        0.559758
    146500      73250.000    247.7918     -239.899917     -304.797982       64.898065       44.483795     -434.538626       29.449206       17.401801       32.902751        5.503091
    146600      73300.000    253.1157     -239.885605     -306.178029       66.292424       17.295215     -424.184223       30.011654       42.478182       27.309225        0.911917
    146700      73350.000    366.0659     -239.951849     -335.826539       95.874690       57.023656     -466.586881       19.495252       37.436208       16.495430        0.309796
    146800      73400.000    311.3009     -239.955456     -321.486885       81.531428       18.770488     -442.475950       26.281809       47.106835       27.322178        1.507756
    146900      73450.000    284.1768     -239.857991     -314.285468       74.427478       27.422044     -424.125309       17.704082       33.948591       29.329422        1.435702
    147000      73500.000    267.1730     -239.952276     -309.926382       69.974106       31.399354     -439.714202       32.782501       34.389874       29.963933        1.252158
    147100      73550.000    272.2363     -239.788668     -311.088859       71.300192       14.603009     -431.131671       24.509658       47.000693       33.043482        0.885970
    147200      73600.000    274.6272     -239.924073     -311.850460       71.926387       32.267726     -440.270523       35.348700       19.657267       39.714723        1.431647
    147300      73650.000    347.9205     -239.913578     -331.035892       91.122314       28.643414     -450.994392       29.093920       34.592894       26.139307        1.488965
    147400      73700.000    294.1113     -239.703792     -316.733191       77.029399       25.085069     -443.248533       43.279013       28.903692       24.679257        4.568312
    147500      73750.000    242.3271     -239.686481     -303.153311       63.466830       39.326426     -453.159674       33.327397       46.784962       30.136093        0.431484
    147600      73800.000    253.1395     -239.711295     -306.009952       66.298657       23.444677     -433.545460       26.213839       41.589778       35.302710        0.984503
    147700      73850.000    300.1129     -239.876951     -318.478188       78.601237       24.765591     -458.625647       21.046126       46.749724       46.633437        0.952583
    147800      73900.000    251.9194     -239.714384     -305.693476       65.979092       19.041565     -431.450920       41.271151       23.999408       39.113541        2.331780
    147900      73950.000    289.3336     -239.798695     -315.576776       75.778081       18.463889     -431.786806       39.870432       24.179386       31.535763        2.160560
    148000      74000.000    320.4550     -239.651552     -323.580490       83.928939       35.232689     -446.994469       27.356468       26.072484       32.405292        2.347045
    148100      74050.000    312.3928     -239.594918     -321.412342       81.817424       15.584973     -442.575071       26.619381       39.948494       38.542971        0.466910
    148200      74100.000    306.3293     -239.702200     -319.931545       80.229345       28.459988     -441.245951       24.853729       24.647809       42.716505        0.636374
    148300      74150.000    210.8309     -239.833191     -295.050986       55.217795       20.133937     -440.216204       34.214976       31.379339       58.267630        1.169336
    148400      74200.000    295.8883     -239.723285     -317.218070       77.494784       18.769571     -449.234095       29.217393       30.956039       52.578835        0.494188
    148500      74250.000    279.6104     -239.671672     -312.903187       73.231515       22.567465     -452.562365       38.674458       30.453380       39.724891        8.238984
    148600      74300.000    290.6090     -239.585684     -315.697809       76.112125       21.663839     -431.691277       20.920559       29.739232       40.593225        3.076612
    148700      74350.000    247.2533     -239.595949     -304.352970       64.757021       37.134292     -454.752417       38.827551       40.157278       31.951758        2.328568
    148800      74400.000    295.4305     -239.678132     -317.053020       77.374887       20.369456     -433.763223       33.145443       30.327586       30.214644        2.653074
    148900      74450.000    321.9540     -239.768015     -324.089570       84.321555       21.227983     -438.276624       12.707624       35.796536       43.232933        1.221978
    149000      74500.000    261.0804     -239.627679     -308.006097       68.378419       31.249640     -440.515551       39.540093       22.827144       37.520972        1.371605
    149100      74550.000    188.0157     -239.460190     -288.702543       49.242352       22.366294     -442.929809       43.775569       45.411610       38.604223        4.069570
    149200      74600.000    359.4022     -239.950409     -334.079841       94.129432       45.598550     -448.763431       14.521939       22.223110       31.067175        1.272816
    149300      74650.000    367.6458     -239.831161     -336.119644       96.288483       13.137019     -425.253365       28.659382       21.676152       24.724795        0.936373
    149400      74700.000    250.4702     -239.616418     -305.215968       65.599550       59.737356     -467.291919       48.677116       24.341256       27.981386        1.338837
    149500      74750.000    277.6227     -239.768484     -312.479411       72.710927        9.807854     -426.615235       33.178880       28.464087       41.667989        1.017014
    149600      74800.000    301.0567     -239.771665     -318.620105       78.848440       24.319706     -432.107889       23.574439       16.705431       47.220215        1.667993
    149700      74850.000    335.7143     -239.864198     -327.789648       87.925450       22.627248     -436.007090       19.682701       32.635254       31.414842        1.857397
    149800      74900.000    284.6979     -239.654328     -314.218302       74.563974       17.384225     -437.330886       29.126169       43.714952       29.751163        3.136075
    149900      74950.000    329.9338     -239.540354     -325.951843       86.411489       39.420079     -442.240877       16.868240       32.865317       25.995757        1.139641
    150000      75000.000    308.1169     -239.625321     -320.322844       80.697523       30.260562     -433.158617       40.843257       21.665770       19.425327        0.640857
    150100      75050.000    291.4846     -239.519826     -315.861266       76.341440       27.926802     -445.249613       29.203937       41.947082       27.305467        3.005060
    150200      75100.000    326.1732     -239.806534     -325.233101       85.426567       16.960328     -442.051940       23.790568       38.772150       36.759150        0.536642
    150300      75150.000    232.5849     -239.616576     -300.531867       60.915290       32.739736     -439.548902       31.771431       38.676256       33.229513        2.600099
    150400      75200.000    219.5369     -239.528534     -297.026482       57.497949        9.241783     -425.206168       32.654017       42.802853       42.698211        0.782823
    150500      75250.000    280.2217     -239.608651     -313.000284       73.391633       24.647877     -436.804933       28.165016       27.404335       40.281302        3.306119
    150600      75300.000    269.2998     -239.623644     -310.154774       70.531129       16.879049     -429.464154       30.008615       33.335973       37.029899        2.055844
    150700      75350.000    295.9376     -239.598164     -317.105857       77.507694       42.104899     -445.158927       25.457519       17.804710       40.926819        1.759123
    150800      75400.000    307.7549     -239.622843     -320.225573       80.602730       18.868078     -428.555553       23.595698       22.026789       43.207172        0.632244
    150900      75450.000    345.2064     -239.673718     -330.085204       90.411486       13.763128     -432.740445       27.041529       25.869228       34.937359        1.043996
    151000      75500.000    286.4346     -239.385769     -314.404590       75.018821       37.074179     -453.429181       31.303349       26.222555       42.967649        1.456858
    151100      75550.000    243.6797     -239.588799     -303.409865       63.821065        8.632212     -429.959473       35.314283       25.376785       56.713703        0.512625
    151200      75600.000    257.2475     -239.741908     -307.116457       67.374550       30.554919     -449.298775       21.192202       30.791745       55.161942        4.481510
    151300      75650.000    302.7741     -239.595514     -318.893726       79.298212       19.645439     -432.421926       28.266016       13.865202       47.857891        3.893652
    151400      75700.000    325.3517     -239.521638     -324.733069       85.211430       34.554445     -446.373275       15.208300       30.210875       39.193314        2.473273
    151500      75750.000    410.6768     -239.768151     -347.326701      107.558550       22.577263     -437.726388       15.966554       20.553089       25.774654        5.528127
    151600      75800.000    325.3021     -239.619378     -324.817806       85.198427       21.644135     -438.781916       25.250910       23.347205       41.033832        2.688028
    151700      75850.000    269.1999     -239.705357     -310.210300       70.504943       32.545404     -436.547517       29.178884       21.254202       42.606894        0.751832
    151800      75900.000    354.4564     -239.576595     -332.410702       92.834107       17.390417     -434.987219       20.711276       27.607630       35.589921        1.277272
    151900      75950.000    308.6208     -239.667754     -320.497260       80.829506       29.772431     -448.200072       29.527669       28.113105       39.995910        0.293697
    152000      76000.000    354.7008     -239.723928     -332.622034       92.898106       15.652769     -430.828305       21.484253       24.207255       35.713320        1.148674
    152100      76050.000    396.9048     -239.717429     -343.669019      103.951591       27.784160     -453.014954       18.278756       33.125821       28.908340        1.248857
    152200      76100.000    261.0225     -239.559423     -307.922682       68.363259       24.346304     -439.492895       34.391295       34.659621       34.115323        4.057669
    152300      76150.000    282.3792     -239.473593     -313.430274       73.956682       34.309946     -441.658370       24.698915       18.803534       49.374071        1.041631
    152400      76200.000    305.8775     -239.674067     -319.785089       80.111022       19.508116     -441.340712       27.835717       36.659693       37.000672        0.551424
    152500      76250.000    277.3300     -239.560676     -312.194949       72.634273       24.825036     -448.836227       27.482401       36.500340       43.493677        4.339823
    152600      76300.000    299.0515     -239.633038     -317.956281       78.323244       18.792058     -431.168458       25.489679       20.739649       46.775669        1.415121
    152700      76350.000    237.9721     -239.449845     -301.776073       62.326228       23.099023     -433.957700       34.616139       30.886229       36.561811        7.018426
    152800      76400.000    323.3026     -239.445830     -324.120572       84.674742       22.956825     -442.848049       30.606165       20.450241       35.699333        9.014912
    152900      76450.000    302.2640     -239.353460     -318.518097       79.164638       28.599687     -453.650815       28.873843       36.636805       28.966744       12.055638
    153000      76500.000    283.9667     -239.420003     -313.792460       74.372457       23.541963     -437.292710       24.270666       35.281481       35.926467        4.479673
    153100      76550.000    303.8724     -239.444732     -319.030611       79.585879       15.923428     -428.188502       23.342934       19.588164       44.180736        6.122629
    153200      76600.000    197.9409     -239.432664     -291.274492       51.841828       15.581222     -435.455569       34.988306       29.450288       52.571063       11.590198
    153300      76650.000    321.3160     -239.307322     -323.461763       84.154441       15.731731     -431.172857       24.971290       29.257053       36.263404        1.487616
    153400      76700.000    338.9041     -239.421782     -328.182656       88.760874       26.051790     -439.879327       27.265700       26.848317       30.505149        1.025715
    153500      76750.000    218.5402     -239.319101     -296.555998       57.236896       22.852169     -447.341927       45.911762       38.388247       39.608971        4.024779
    153600      76800.000    218.7838     -239.449437     -296.750142       57.300705       29.992587     -449.100933       52.775260       35.419961       33.353456        0.809527
    153700      76850.000    356.4037     -239.430291     -332.774405       93.344114       27.654413     -443.287889       25.390497       24.332666       29.328079        3.807829
    153800      76900.000    296.8999     -239.464618     -317.224344       77.759726       17.738748     -427.985508       41.017064       15.562610       34.037237        2.405504
    153900      76950.000    249.7444     -239.471816     -304.881275       65.409459       29.756329     -443.048095       32.223014       36.274712       37.214912        2.697853
    154000      77000.000    266.4575     -239.423184     -309.209894       69.786710       25.073629     -428.148417       32.884009       20.108024       32.312766        8.560096
    154100      77050.000    295.7820     -239.421050     -316.887998       77.466947       27.822554     -439.856115       32.564983       21.341732       38.440168        2.798682
    154200      77100.000    364.6488     -239.437566     -334.941111       95.503545       23.298187     -450.417207       39.009361       30.176994       22.445406        0.546148
    154300      77150.000    287.9606     -239.401203     -314.819684       75.418481       24.043659     -454.125810       43.662935       32.967763       35.760531        2.871237
    154400      77200.000    310.7260     -239.465093     -320.845962       81.380869       26.493585     -443.552461       28.303428       23.251853       43.456293        1.201340
    154500      77250.000    327.6662     -239.388024     -325.205627       85.817603       20.847090     -441.849563       23.823715       35.249780       33.675206        3.048144
    154600      77300.000    317.6654     -239.291184     -322.489534       83.198350       30.528534     -442.055026       41.798542       15.768014       28.702470        2.767933
    154700      77350.000    223.9234     -239.257098     -297.903888       58.646790       23.360083     -424.843057       32.952406       34.489230       31.530572        4.606877
    154800      77400.000    304.9646     -239.330460     -319.202378       79.871918       26.947711     -437.294475       35.192263       20.097697       32.890998        2.963429
    154900      77450.000    319.7885     -239.644092     -323.398472       83.754380       26.445682     -450.334442       29.363138       25.586389       40.812942        4.727820
    155000      77500.000    306.5509     -239.583073     -319.870453       80.287379       25.546116     -442.515644       25.675036       31.415437       33.809157        6.199446
    155100      77550.000    224.6680     -239.382281     -298.224091       58.841810       26.230180     -424.032316       34.079769       29.930397       31.422095        4.145783
    155200      77600.000    314.7083     -239.471532     -321.895379       82.423847       23.566430     -438.991669       30.571825       31.463028       27.001822        4.493185
    155300      77650.000    296.0363     -239.402877     -316.936442       77.533565       33.505129     -456.825631       25.680442       43.894056       35.313601        1.495962
    155400      77700.000    305.7257     -239.415947     -319.487205       80.071258       21.975215     -425.216192       26.446335       26.382059       28.743749        2.181627
    155500      77750.000    265.4268     -239.470137     -308.986898       69.516761       15.086706     -429.123137       32.686698       23.912148       45.749034        2.701652
    155600      77800.000    218.1466     -239.273620     -296.407422       57.133801       28.144209     -436.097156       34.709835       28.037826       41.748267        7.049599
    155700      77850.000    295.1422     -239.333295     -316.632679       77.299384       19.209833     -432.963049       33.899978       20.286585       33.909257        9.024717
    155800      77900.000    299.3039     -239.361344     -317.750707       78.389363       23.036367     -437.041286       34.690259       32.255405       24.612921        4.695627
    155900      77950.000    290.0747     -239.553211     -315.525382       75.972171       32.543359     -446.543700       31.769425       23.520380       36.497356        6.687799
    156000      78000.000    257.0972     -239.447394     -306.782594       67.335201       28.222810     -440.255816       29.793843       31.972148       39.451006        4.033414
    156100      78050.000    257.8483     -239.650335     -307.182246       67.531911       27.090208     -438.437714       33.357765       19.157500       47.458874        4.191122
    156200      78100.000    291.9364     -239.501270     -315.961028       76.459758       38.051206     -443.674719       25.504632       30.183439       28.543699        5.430714
    156300      78150.000    255.6587     -239.373659     -306.332096       66.958437       28.332480     -445.444186       29.974813       42.844942       33.300001        4.659856
    156400      78200.000    234.2285     -239.559631     -300.905369       61.345738       35.395169     -440.448945       40.931431       18.679507       35.418146        9.119323
    156500      78250.000    334.3461     -239.573410     -327.140511       87.567101       23.466002     -434.792085       28.762350       26.009066       24.935878        4.478279
    156600      78300.000    306.8355     -239.636078     -319.998006       80.361927       31.621104     -454.606778       24.494631       41.375486       32.837281        4.280269
    156700      78350.000    290.2372     -239.548917     -315.563662       76.014745       23.152089     -440.506755       34.370751       30.527541       34.178900        2.713813
    156800      78400.000    298.0526     -239.509318     -317.570951       78.061634       30.961363     -442.410716       24.995868       27.558396       32.879002        8.445135
    156900      78450.000    331.5901     -239.561752     -326.407049       86.845297       27.055422     -451.239545       32.526209       35.779188       28.929081        0.542595
    157000      78500.000    315.5152     -239.432335     -322.067530       82.635195       11.535210     -424.405111       33.899364       20.063496       34.518465        2.321045
    157100      78550.000    298.0797     -239.703763     -317.772486       78.068723       18.474138     -441.807953       28.010928       30.312795       45.889414        1.348193
    157200      78600.000    255.9953     -239.542569     -306.589170       67.046600       25.502288     -429.689619       36.627343       20.396167       40.213020        0.361632
    157300      78650.000    295.3935     -239.636379     -317.001595       77.365216       12.686607     -426.722616       32.792533       26.986243       35.868404        1.387234
    157400      78700.000    301.0754     -239.604525     -318.457862       78.853338       21.699415     -438.391885       31.975979       28.675940       33.483227        4.099461
    157500      78750.000    292.0185     -239.504901     -315.986183       76.481282       30.911159     -446.608454       22.304178       37.620502       38.089137        1.697296
    157600      78800.000    294.3354     -239.676813     -316.764899       77.088086       22.128616     -440.340025       25.583276       31.564106       38.762381        5.536747
    157700      78850.000    270.7033     -239.509637     -310.408336       70.898699       22.980506     -447.326953       49.779817       31.275659       30.461822        2.420813
    157800      78900.000    326.5050     -239.651511     -325.164986       85.513475       20.261106     -441.350640       38.120285       24.118072       32.283903        1.402287
    157900      78950.000    252.7376     -239.338646     -305.532027       66.193381       35.159842     -448.059699       37.021350       25.431237       35.339379        9.575863
    158000      79000.000    312.1700     -239.453457     -321.212513       81.759056       21.840042     -444.053173       40.696445       30.154092       26.117193        4.032887
    158100      79050.000    274.1622     -239.564481     -311.369094       71.804613       31.319282     -458.010038       31.557399       52.132170       26.629557        5.002535
    158200      79100.000    297.6196     -239.583830     -317.532067       77.948237       35.965160     -446.958675       45.355813       20.347622       26.009898        1.748117
    158300      79150.000    217.8845     -239.535306     -296.600462       57.065155       27.484407     -442.984404       37.121433       51.132875       26.155283        4.489945
    158400      79200.000    300.6144     -239.477345     -318.209920       78.732574       34.432847     -458.151304       24.629415       37.941754       41.800678        1.136691
    158500      79250.000    289.3150     -239.599745     -315.372965       75.773220       28.604774     -438.900732       32.063242       37.104532       24.545879        1.209340
    158600      79300.000    322.1189     -239.545316     -323.910058       84.364742       21.956734     -435.529306       29.091546       33.279848       26.767777        0.523342
    158700      79350.000    203.4365     -239.536596     -292.817748       53.281152       48.761174     -456.362461       42.180419       42.356636       27.740119        2.506366
    158800      79400.000    278.8884     -239.511420     -312.553856       73.042436       14.865788     -433.585754       37.781647       43.449192       22.291184        2.644087
    158900      79450.000    267.1672     -239.514234     -309.486802       69.972568       41.192899     -456.367326       45.287878       29.591899       27.188466        3.619381
    159000      79500.000    293.6784     -239.632883     -316.548883       76.916000       18.771556     -442.793509       27.095143       47.491695       30.524488        2.361745
    159100      79550.000    315.3906     -239.464469     -322.067014       82.602545       38.929430     -446.518107       30.130280       22.463106       29.621607        3.306670
    159200      79600.000    325.8410     -239.527305     -324.866874       85.339569       28.683634     -443.872714       30.330222       31.160611       27.117397        1.713977
    159300      79650.000    276.5173     -239.426947     -311.848371       72.421424       12.288129     -429.771051       31.367843       37.936001       35.547465        0.783241
    159400      79700.000    316.8104     -239.610611     -322.585008       82.974397       29.887067     -451.768413       30.749773       32.824264       34.919413        0.802888
    159500      79750.000    241.4878     -239.482103     -302.729111       63.247008       22.818594     -435.876783       35.065708       40.461470       33.769651        1.032248
    159600      79800.000    287.4495     -239.447796     -314.732425       75.284629       23.330686     -434.308832       31.183470       26.585467       37.784563        0.692221
    159700      79850.000    236.6123     -239.387788     -301.357881       61.970093       24.185128     -439.620631       45.603180       32.792544       33.465386        2.216511
    159800      79900.000    298.3671     -239.332319     -317.476333       78.144014       24.724661     -438.676358       37.229014       23.354267       34.804567        1.087516
    159900      79950.000    279.1540     -239.410945     -312.522933       73.111988       34.599093     -440.031247       34.805812       24.178106       33.152962        0.772341
    160000      80000.000    317.0987     -239.472485     -322.522406       83.049922       19.453904     -447.398308       32.043797       46.065613       24.978082        2.334507
    160100      80050.000    266.6230     -239.421104     -309.251157       69.830053       33.041145     -436.375818       32.040922       39.560057       21.016948        1.465589
    160200      80100.000    264.2535     -239.399056     -308.608519       69.209463       24.873373     -430.862291       40.369591       20.988713       33.075577        2.946518
    160300      80150.000    284.6063     -239.332819     -313.872806       74.539988       36.182182     -449.874629       38.715297       32.235610       26.042888        2.825846
    160400      80200.000    328.9419     -239.301077     -325.452797       86.151720       17.239277     -433.017370       34.085262       34.511293       18.327858        3.400882
    160500      80250.000    343.4683     -239.397405     -329.353665       89.956260       29.468467     -446.877755       33.889717       25.743872       26.824004        1.598031
    160600      80300.000    309.0276     -239.496554     -320.432611       80.936056       27.930397     -452.805820       31.146941       51.066972       21.617524        0.611376
    160700      80350.000    224.6723     -239.379922     -298.222861       58.842939       23.202027     -441.383926       56.918591       26.410042       35.821399        0.809007
    160800      80400.000    271.4871     -239.479243     -310.583215       71.103973       33.242012     -449.417821       34.488644       41.202310       29.159290        0.742351
    160900      80450.000    335.1105     -239.579232     -327.346548       87.767316       18.922000     -430.657308       18.810585       33.607905       31.080873        0.889397
    161000      80500.000    322.7874     -239.536872     -324.076678       84.539807       35.779727     -450.643302       27.363978       22.696188       35.377385        5.349346
    161100      80550.000    355.5828     -239.525325     -332.654441       93.129116       22.434276     -440.985302       26.291055       29.222629       29.831249        0.551653
    161200      80600.000    306.4293     -239.464561     -319.720097       80.255536       21.411649     -435.883178       36.064771       25.774635       31.458931        1.453095
    161300      80650.000    304.6983     -239.471189     -319.273372       79.802184       36.926104     -454.073552       27.139190       40.179041       29.841856        0.713989
    161400      80700.000    283.5480     -239.531706     -313.794511       74.262805       12.526679     -430.371260       25.893100       37.797379       38.233059        2.126532
    161500      80750.000    254.3807     -239.306658     -305.930375       66.623717       40.819159     -448.232107       35.703753       32.551622       32.594622        0.632576
    161600      80800.000    256.9161     -239.362283     -306.650053       67.287770       13.724013     -429.078754       26.397542       35.805381       41.403353        5.098412
    161700      80850.000    314.2125     -239.405025     -321.699038       82.294013       37.360280     -449.764895       30.376728       28.232654       30.391101        1.705093
    161800      80900.000    271.0043     -239.475023     -310.452559       70.977536       19.059670     -430.627982       26.116620       35.565683       38.400723        1.032727
    161900      80950.000    287.5521     -239.640698     -314.952190       75.311492       14.874419     -425.229962       36.503963       20.758093       34.883128        3.258169
    162000      81000.000    290.4552     -239.366727     -315.438567       76.071840       41.577729     -440.248090       30.565953       21.929396       30.255986        0.480459
    162100      81050.000    241.8028     -239.452110     -302.781619       63.329509       16.613156     -430.645873       41.560739       35.456652       28.909519        5.324188
    162200      81100.000    249.8946     -239.395493     -304.844271       65.448778       58.479268     -463.810388       24.938098       43.992142       29.891484        1.665125
    162300      81150.000    297.3966     -239.476072     -317.365907       77.889836       17.500854     -446.549732       31.214561       51.587837       27.977436        0.903137
    162400      81200.000    255.5839     -239.316660     -306.255509       66.938850       43.718304     -452.349639       37.678422       26.524285       36.307020        1.866098
    162500      81250.000    334.8628     -239.563449     -327.265889       87.702440       23.414459     -434.809410       31.101490       26.901513       24.950726        1.175332
    162600      81300.000    335.6921     -239.573444     -327.493086       87.919642       23.479310     -433.176793       27.367735       23.097772       30.073632        1.665258
    162700      81350.000    233.1249     -239.375541     -300.432248       61.056707       27.315384     -451.459498       41.148057       46.507158       34.797372        1.259278
    162800      81400.000    286.5735     -239.505336     -314.560532       75.055197       23.035089     -429.737133       31.524419       22.066796       33.677702        4.872594
    162900      81450.000    349.3435     -239.564834     -331.059846       91.495012       22.084795     -446.221046       37.352758       28.019062       25.984571        1.720014
    163000      81500.000    300.4099     -239.513398     -318.192426       78.679028       34.419451     -449.383895       26.015817       32.469051       37.089946        1.197204
    163100      81550.000    283.8182     -239.340864     -313.674437       74.333573       17.766448     -436.284533       44.659093       25.806751       34.043966        0.333838
    163200      81600.000    305.0317     -239.393974     -319.283485       79.889512       30.298259     -442.354224       36.290372       23.527883       30.346156        2.608069
    163300      81650.000    273.9416     -239.458296     -311.205129       71.746833       25.854930     -442.089038       26.628409       25.364371       51.699773        1.336426
    163400      81700.000    293.4399     -239.500899     -316.354443       76.853544       32.153332     -431.173210       23.794591       29.439228       29.180174        0.251442
    163500      81750.000    336.8895     -239.537989     -327.771224       88.233235       15.330046     -425.879186       25.364221       26.164545       29.212375        2.036775
    163600      81800.000    297.9577     -239.384645     -317.421426       78.036780       42.183559     -448.657837       25.225548       23.889242       38.787037        1.151026
    163700      81850.000    324.2210     -239.326218     -324.241518       84.915299       23.817959     -437.020783       23.522261       27.563529       34.943337        2.932180
    163800      81900.000    262.5146     -239.343766     -308.097800       68.754034       20.039334     -430.423609       40.199465       29.888482       31.512384        0.686144
    163900      81950.000    293.2418     -239.229037     -316.030709       76.801672       31.157221     -447.458376       29.320192       24.877693       44.659449        1.413113
    164000      82000.000    338.6570     -239.451136     -328.147278       88.696143       27.711510     -443.303269       24.209202       31.022458       30.525602        1.687218
    164100      82050.000    295.6839     -239.285411     -316.726673       77.441262       29.681669     -443.231254       31.916666       29.092501       34.604273        1.209471
    164200      82100.000    296.0862     -239.191396     -316.738015       77.546619       17.895461     -435.184773       33.533984       30.784514       34.311448        1.921351
    164300      82150.000    289.3596     -239.470271     -315.255172       75.784901       34.003228     -449.061044       28.507812       37.265076       31.369581        2.660176
    164400      82200.000    315.1422     -239.383096     -321.920592       82.537496       31.218531     -440.996655       17.901475       27.801069       34.194623        7.960366
    164500      82250.000    320.8589     -239.301809     -323.336556       84.034746       16.610573     -431.465104       25.115511       26.948423       37.551729        1.902311
    164600      82300.000    262.8046     -239.466550     -308.296538       68.829988       53.913843     -462.266025       32.809178       40.225002       25.345015        1.676450
    164700      82350.000    346.8611     -239.374607     -330.219452       90.844846       23.965795     -437.763506       21.924919       34.442502       26.835725        0.375111
    164800      82400.000    296.3620     -239.432128     -317.050996       77.618868       34.768849     -440.982263       28.184278       29.950896       29.040048        1.987196
    164900      82450.000    272.8333     -239.387767     -310.844330       71.456563       45.129928     -458.263775       42.643162       27.054772       28.789834        3.801750
    165000      82500.000    242.5171     -239.387335     -302.903911       63.516577       17.260223     -430.301795       28.268872       43.075279       36.073886        2.719624
    165100      82550.000    320.9396     -239.479833     -323.535713       84.055880       28.436206     -434.339222       16.973054       30.446081       32.538621        2.409547
    165200      82600.000    307.3850     -239.269525     -319.775369       80.505845       16.442777     -436.741224       36.257011       30.640773       31.289200        2.336092
    165300      82650.000    272.1161     -239.308666     -310.577377       71.268712       41.181398     -458.117965       33.075347       43.598073       29.427767        0.258002
    165400      82700.000    264.3043     -239.442887     -308.665644       69.222757       14.042997     -421.594970       27.222116       34.000043       36.817961        0.846210
    165500      82750.000    383.4004     -239.314016     -339.728729      100.414713       26.768536     -443.534670       27.433998       18.135752       30.403648        1.064008
    165600      82800.000    255.9085     -239.093078     -306.116937       67.023860       23.606111     -453.704450       40.598264       42.745870       40.002068        0.635200
    165700      82850.000    250.1383     -239.172616     -304.685219       65.512603       15.204652     -424.630863       23.736235       32.393459       47.971130        0.640169
    165800      82900.000    355.1592     -239.344605     -332.362776       93.018171       25.962102     -438.253420       17.721043       24.111302       36.799296        1.296901
    165900      82950.000    263.9037     -239.218592     -308.336450       69.117858       35.023537     -450.521189       44.019269       34.256100       28.009185        0.876648
    166000      83000.000    291.0041     -239.151313     -315.366921       76.215608       29.305183     -439.895355       24.850213       29.308131       38.840710        2.224198
    166100      83050.000    291.4276     -239.169888     -315.496402       76.326514       33.606326     -428.263610       24.888973       24.745579       28.704689        0.821640
    166200      83100.000    305.7505     -239.149971     -319.227728       80.077758       28.322471     -431.344573       34.579615       25.072180       21.799938        2.342640
    166300      83150.000    283.6839     -239.209742     -313.508148       74.298406       31.564939     -445.471517       21.566557       37.979270       39.870469        0.982136
    166400      83200.000    228.8286     -239.154019     -299.085505       59.931486       12.910731     -422.783996       37.593024       43.427360       29.086841        0.680534
    166500      83250.000    298.8097     -239.233095     -317.493020       78.259925       44.835928     -447.274363       20.369981       35.388854       26.916085        2.270495
    166600      83300.000    309.9570     -239.224370     -320.403848       81.179478       23.927788     -448.034174       31.802371       43.224009       26.458548        2.217609
    166700      83350.000    309.5311     -239.238309     -320.306221       81.067912       19.408350     -439.020081       33.117721       36.465061       27.461961        2.260766
    166800      83400.000    321.9106     -239.254670     -323.564850       84.310179       30.547752     -443.330754       18.350033       37.560239       28.293542        5.014339
    166900      83450.000    277.5731     -239.188373     -311.886327       72.697953       22.038758     -435.827225       43.042633       26.566051       30.674690        1.618766
    167000      83500.000    285.0319     -239.411218     -314.062657       74.651439       34.480124     -453.335988       24.044332       47.764898       30.923186        2.060790
    167100      83550.000    321.6487     -239.185682     -323.427266       84.241584       22.533947     -430.927784       26.004533       27.266048       30.910350        0.785639
    167200      83600.000    325.9500     -239.244509     -324.612626       85.368117       23.825645     -447.074117       27.473541       40.699337       29.722989        0.739979
    167300      83650.000    317.4035     -239.135774     -322.265516       83.129742       21.720605     -435.794753       34.603844       19.234354       37.624621        0.345812
    167400      83700.000    255.0639     -239.051154     -305.853805       66.802651       24.893061     -441.898186       41.079118       39.560774       27.855064        2.656364
    167500      83750.000    270.1179     -239.140714     -309.886087       70.745373       32.156885     -441.652542       15.821489       42.527963       40.090549        1.169569
    167600      83800.000    274.0780     -239.117479     -310.900028       71.782549       16.674049     -435.892701       31.076504       34.898958       39.853707        2.489455
    167700      83850.000    263.0300     -239.128792     -308.017805       68.889013       26.404744     -443.181817       39.692936       32.569164       35.820001        0.677168
    167800      83900.000    323.5156     -239.168872     -323.899398       84.730527       26.829705     -451.432154       17.299931       44.798528       34.971905        3.632687
    167900      83950.000    301.2190     -239.221736     -318.112660       78.890924       13.987284     -428.040287       22.751030       38.880492       31.295567        3.013253
    168000      84000.000    223.3623     -239.065492     -297.565335       58.499843       36.453931     -456.365644       37.319919       48.716917       34.481768        1.827774
    168100      84050.000    339.4122     -239.140912     -328.034866       88.893954       22.668069     -437.843215       34.913218       24.038015       26.300054        1.888992
    168200      84100.000    347.6695     -239.133495     -330.190086       91.056592       34.973581     -442.820262       24.700880       27.115425       25.390552        0.449738
    168300      84150.000    262.1292     -238.959346     -307.612437       68.653091       24.621214     -437.877301       51.320382       25.465128       27.617113        1.241027
    168400      84200.000    329.7891     -238.974656     -325.348265       86.373608       30.411487     -444.491806       30.165913       29.684514       27.869122        1.012505
    168500      84250.000    288.4500     -239.090225     -314.636893       75.546668       35.643692     -444.308172       28.913395       33.785889       29.820190        1.508112
    168600      84300.000    280.1740     -239.098528     -312.477665       73.379137       23.390742     -435.056277       23.748013       38.980912       36.023646        0.435299
    168700      84350.000    273.9042     -238.998837     -310.735867       71.737030       25.930568     -435.609597       35.886863       28.673378       32.284090        2.098831
    168800      84400.000    250.0082     -239.054694     -304.533232       65.478538       20.927338     -433.636672       36.630500       34.494878       35.425897        1.624828
    168900      84450.000    303.8645     -238.919039     -318.502842       79.583803       37.063544     -433.772120       21.339364       20.559427       34.227962        2.078981
    169000      84500.000    268.0124     -239.041306     -309.235245       70.193939       23.435676     -434.347294       23.016247       42.543093       35.220160        0.896873
    169100      84550.000    296.5083     -239.031886     -316.689052       77.657166       28.449819     -446.908143       32.842062       28.804483       38.199341        1.923387
    169200      84600.000    288.7424     -239.089813     -314.713068       75.623255       21.660099     -443.378665       16.982620       49.105818       40.092175        0.824885
    169300      84650.000    274.2275     -239.157304     -310.979020       71.821716       17.245206     -429.595407       24.599827       30.963520       43.845017        1.962816
    169400      84700.000    300.2948     -239.028429     -317.677302       78.648873       24.276867     -441.970186       27.593683       32.192451       38.155009        2.074875
    169500      84750.000    278.6815     -239.051541     -312.039777       72.988236       34.394665     -435.172584       23.216031       23.548307       40.612726        1.361079
    169600      84800.000    318.7632     -239.249401     -322.735253       83.485852       24.530160     -436.414114       18.418818       26.778989       42.466374        1.484520
    169700      84850.000    358.3582     -239.261801     -333.117804       93.856003       36.022974     -443.241705       16.105447       14.860802       42.318126        0.816552
    169800      84900.000    300.6571     -239.104196     -317.847962       78.743765       17.288241     -433.935718       25.578023       32.535983       36.081134        4.604376
    169900      84950.000    285.5174     -239.116753     -313.895362       74.778609       42.381571     -446.587612       18.378402       32.312743       38.037579        1.581955
    170000      85000.000    308.6613     -239.181266     -320.021391       80.840125       14.674876     -423.435844       14.259170       28.016012       39.466731        6.997664
    170100      85050.000    290.7740     -239.178131     -315.333451       76.155319       41.602487     -450.242720       27.986458       25.230211       36.096945        3.993168
    170200      85100.000    287.9461     -239.274133     -314.688832       75.414699       30.885796     -442.577888       20.814124       36.132980       34.499316        5.556840
    170300      85150.000    268.3565     -239.198578     -309.482653       70.284076       18.756727     -417.925442       31.270151       21.017048       35.863274        1.535589
    170400      85200.000    279.9887     -239.253876     -312.584482       73.330606       45.215262     -453.855129       29.514567       22.558214       36.683450        7.299154
    170500      85250.000    377.7126     -239.211390     -338.136422       98.925032       17.216150     -443.687093       17.352540       33.260091       36.148447        1.573443
    170600      85300.000    255.9771     -239.207033     -306.248857       67.041823       26.020237     -443.463741       28.724539       35.338503       45.277957        1.853648
    170700      85350.000    270.0198     -239.239865     -309.959568       70.719703       22.538667     -440.566181       24.743353       29.405847       51.894376        2.024371
    170800      85400.000    319.0103     -239.111291     -322.661870       83.550579       35.541904     -447.983417       23.499109       22.724329       39.447007        4.109198
    170900      85450.000    235.8410     -239.268410     -301.036481       61.768071       16.486516     -438.376642       30.396678       47.184008       40.530457        2.742501
    171000      85500.000    335.4221     -239.283520     -327.132436       87.848916       26.673518     -437.424773       16.411894       18.897925       42.424791        5.884208
    171100      85550.000    302.2205     -239.339049     -318.492284       79.153235       25.720197     -437.564711       19.211852       28.179172       39.649070        6.312136
    171200      85600.000    243.3259     -239.149976     -302.878387       63.728411       28.484131     -449.626645       24.426963       32.943038       56.388945        4.505182
    171300      85650.000    284.2846     -239.270329     -313.726054       74.455726       19.520817     -430.240572       36.030620       19.857578       39.288639        1.816863
    171400      85700.000    317.9780     -239.251215     -322.531437       83.280222       30.972445     -448.868961       20.548145       29.961911       43.061919        1.793104
    171500      85750.000    283.3444     -239.166089     -313.375565       74.209476       31.705604     -450.204738       31.902750       31.724610       40.154821        1.341388
    171600      85800.000    233.8432     -239.159928     -300.404774       61.244846       28.254326     -437.733106       33.644141       34.465147       39.151014        1.813703
    171700      85850.000    345.3744     -239.296608     -329.752087       90.455479       23.231972     -434.191998       21.321076       31.284735       28.342343        0.259785
    171800      85900.000    293.2691     -239.392566     -316.201366       76.808800       32.307469     -448.155461       18.545717       44.248585       35.054105        1.798218
    171900      85950.000    286.5252     -239.354625     -314.397168       75.042543       16.141703     -425.156986       29.677903       27.563681       34.734441        2.642091
    172000      86000.000    318.9324     -239.319604     -322.849772       83.530168       33.134458     -448.185693       29.424435       41.764451       20.789395        0.223181
    172100      86050.000    303.8573     -239.275002     -318.856915       79.581913       18.557442     -436.473377       32.801548       23.884911       36.650965        5.721596
    172200      86100.000    363.2831     -239.501591     -334.647461       95.145870       27.711851     -450.702847       19.164683       36.084776       27.495816        5.598259
    172300      86150.000    360.3260     -239.426763     -333.798149       94.371386       40.914857     -449.598224       19.281568       28.416044       25.280809        1.906798
    172400      86200.000    355.2979     -239.222142     -332.276653       93.054512       16.645893     -428.374758       21.365575       17.493469       36.906246        3.686922
    172500      86250.000    282.7820     -239.427889     -313.490058       74.062169       36.578504     -443.335134       32.840639       36.606810       22.718038        1.101085
    172600      86300.000    280.7202     -239.349200     -312.871389       73.522188       19.245044     -424.912816       34.370897       29.743755       27.320879        1.360852
    172700      86350.000    339.0893     -239.416263     -328.225643       88.809380       44.024148     -451.454805        6.534297       22.431090       49.313945        0.925681
    172800      86400.000    354.9613     -239.575727     -332.542060       92.966334       20.839840     -444.543341       33.571937       30.444761       26.852522        0.292220
    172900      86450.000    387.3807     -239.281734     -340.738907      101.457173       24.308378     -434.561887       21.654343       20.093816       26.619514        1.146929
    173000      86500.000    249.4194     -239.322940     -304.647259       65.324319       29.020391     -442.628019       37.574767       36.216967       31.421919        3.746717
    173100      86550.000    253.9346     -239.291692     -305.798571       66.506880       25.206987     -441.654291       30.483820       43.039239       34.534944        2.590728
    173200      86600.000    309.4207     -239.359383     -320.398392       81.039010       25.060179     -440.438459       19.886883       36.138122       37.172588        1.782295
    173300      86650.000    307.8381     -239.261679     -319.886197       80.624519       25.736071     -432.617679       30.281832       22.519961       31.257985        2.935633
    173400      86700.000    382.1439     -239.420550     -339.506155      100.085605       23.586156     -445.719865       19.013669       39.522982       23.740764        0.350138
    173500      86750.000    338.8891     -239.369371     -328.126321       88.756949       33.589338     -449.750112       36.096548       19.360488       31.619647        0.957772
    173600      86800.000    256.6033     -239.212168     -306.417989       67.205822       21.617780     -427.037645       38.061635       26.161008       33.304270        1.474962
    173700      86850.000    294.4202     -239.377635     -316.487935       77.110300       36.695356     -454.327925       38.827055       35.584182       26.360558        0.372840
    173800      86900.000    283.9654     -239.366629     -313.738738       74.372109       18.845381     -438.451080       30.348993       46.665970       28.445763        0.406234
    173900      86950.000    273.2593     -239.328759     -310.896902       71.568144       31.703988     -437.033206       27.461890       30.838146       35.219173        0.913107
    174000      87000.000    313.4886     -239.334062     -321.438473       82.104411       21.196913     -435.966060       24.793863       27.906395       39.677532        0.952885
    174100      87050.000    312.6615     -239.364052     -321.251852       81.887800       31.374206     -445.495103       36.136745       25.026357       27.539697        4.166245
    174200      87100.000    265.0709     -239.216679     -308.640224       69.423546       37.833927     -443.519012       18.238931       29.862980       41.736997        7.205953
    174300      87150.000    392.9039     -239.350884     -342.254601      102.903718       15.944837     -433.108982       27.529599       18.619096       25.616291        3.144557
    174400      87200.000    291.8759     -239.405008     -315.848943       76.443935       32.160098     -452.623809       20.571185       44.603921       35.296704        4.142957
    174500      87250.000    270.0400     -239.356799     -310.081788       70.724989       15.162189     -433.598405       32.538579       28.363629       43.352762        4.099458
    174600      87300.000    376.0546     -239.394346     -337.885146       98.490800       32.034568     -446.325858       21.253515       27.407273       27.194983        0.550373
    174700      87350.000    311.4236     -239.375255     -320.938820       81.563564       18.814489     -436.643784       29.365061       28.328297       36.894127        2.302989
    174800      87400.000    287.3067     -239.465091     -314.712306       75.247215       34.962787     -447.648698       24.529073       24.881246       47.705449        0.857837
    174900      87450.000    356.9160     -239.348458     -332.826754       93.478296       26.998777     -440.047036        7.387552       45.986239       26.449661        0.398054
    175000      87500.000    247.3781     -239.371742     -304.161449       64.789706       15.663861     -430.237322       39.263527       30.228493       36.923118        3.996874
    175100      87550.000    293.6059     -239.269644     -316.166666       76.897022       33.737870     -452.251203       20.728852       39.347045       39.268240        3.002531
    175200      87600.000    333.3294     -239.413844     -326.714674       87.300830       24.609629     -437.825245       20.719445       36.190713       26.043552        3.547233
    175300      87650.000    335.3033     -239.378543     -327.196345       87.817801       38.356356     -446.565935       34.496275       16.211319       28.108546        2.197095
    175400      87700.000    235.9498     -239.298339     -301.094912       61.796573       24.320042     -448.514506       36.562235       49.328426       35.440712        1.768178
    175500      87750.000    366.0472     -239.316112     -335.185911       95.869799       36.061440     -448.858439       35.323210       13.627034       26.815537        1.845307
    175600      87800.000    268.2114     -239.436047     -309.682099       70.246051       31.358138     -444.837219       35.103278       33.968708       32.654174        2.070821
    175700      87850.000    284.6079     -239.449214     -313.989614       74.540400       20.446805     -431.025810       30.641062       26.848862       38.801623        0.297845
    175800      87900.000    268.9744     -239.169608     -309.615491       70.445882       29.369434     -456.676172       24.980059       64.953790       27.396490        0.360909
    175900      87950.000    283.4413     -239.267515     -313.502383       74.234868       21.674602     -432.374935       25.806384       33.310733       37.259582        0.821251
    176000      88000.000    291.4706     -239.224890     -315.562665       76.337775       18.406617     -434.455939       25.113549       33.142307       41.847517        0.383283
    176100      88050.000    314.0872     -239.314223     -321.575419       82.261196       27.871945     -444.765911       26.560804       23.791693       36.197582        8.768467
    176200      88100.000    282.6133     -239.266010     -313.283999       74.017989       19.242547     -441.764927       32.708118       33.022183       39.467487        4.040593
    176300      88150.000    357.9002     -239.342987     -333.079053       93.736066       27.226334     -434.675318       24.826904       13.942935       33.822605        1.777487
    176400      88200.000    323.3779     -239.295499     -323.989972       84.694473       26.426197     -445.710855       21.497285       40.209998       27.342885        6.244519
    176500      88250.000    240.6352     -239.324202     -302.347892       63.023691       51.657042     -460.570087       25.710705       42.366414       34.432612        4.055422
    176600      88300.000    305.6191     -239.283421     -319.326771       80.043350       15.988326     -424.837060       26.401338       16.003366       42.626874        4.490386
    176700      88350.000    345.4703     -239.476141     -329.956742       90.480601       41.995858     -454.787864       18.140294       32.850122       28.644063        3.200786
    176800      88400.000    238.3805     -239.390511     -301.823702       62.433191       27.568750     -442.725465       30.699565       33.849585       41.136717        7.647146
    176900      88450.000    253.7349     -239.277936     -305.732519       66.454583       25.361771     -428.434201       22.123803       30.681013       41.640256        2.894840
